 postgres Pulling 
 redis Pulling 
 49842fab55ed Pulling fs layer 
 f24aebc9f655 Pulling fs layer 
 4f4fb700ef54 Pulling fs layer 
 2dd7199cff98 Pulling fs layer 
 875d4f4d7e83 Pulling fs layer 
 b293fa9cfba6 Pulling fs layer 
 e156f517d17a Pulling fs layer 
 31b46f45ead5 Pulling fs layer 
 80c4a7d433e0 Pulling fs layer 
 d17f077ada11 Pulling fs layer 
 58ee90d55eb9 Pulling fs layer 
 898e671b81b8 Pulling fs layer 
 b98b53b194cb Pulling fs layer 
 addd514cbd82 Pulling fs layer 
 035027b1ba33 Pulling fs layer 
 e3f744540ed7 Pulling fs layer 
 19c6d932355c Pulling fs layer 
 f73a68d77011 Pulling fs layer 
 e156f517d17a Downloading [====>                                              ]  1.049MB/12.58MB
 f24aebc9f655 Download complete 
 4f4fb700ef54 Download complete 
 b293fa9cfba6 Download complete 
 875d4f4d7e83 Download complete 
 e156f517d17a Downloading [====>                                              ]  1.049MB/12.58MB
 31b46f45ead5 Download complete 
 898e671b81b8 Download complete 
 e156f517d17a Downloading [====>                                              ]  1.049MB/12.58MB
 e156f517d17a Downloading [====>                                              ]  1.049MB/12.58MB
 f73a68d77011 Downloading [>                                                  ]  1.049MB/103.1MB
 e156f517d17a Downloading [========>                                          ]  2.097MB/12.58MB
 80c4a7d433e0 Download complete 
 035027b1ba33 Download complete 
 f73a68d77011 Downloading [>                                                  ]  1.049MB/103.1MB
 e156f517d17a Downloading [========>                                          ]  2.097MB/12.58MB
 f73a68d77011 Downloading [>                                                  ]  1.049MB/103.1MB
 addd514cbd82 Download complete 
 e156f517d17a Downloading [========>                                          ]  2.097MB/12.58MB
 f73a68d77011 Downloading [>                                                  ]  1.049MB/103.1MB
 e156f517d17a Downloading [========>                                          ]  2.097MB/12.58MB
 f73a68d77011 Downloading [>                                                  ]  1.049MB/103.1MB
 e156f517d17a Downloading [========>                                          ]  2.097MB/12.58MB
 f73a68d77011 Downloading [>                                                  ]  1.049MB/103.1MB
 e156f517d17a Downloading [============>                                      ]  3.146MB/12.58MB
 f73a68d77011 Downloading [>                                                  ]  1.049MB/103.1MB
 e156f517d17a Downloading [============>                                      ]  3.146MB/12.58MB
 f73a68d77011 Downloading [>                                                  ]  1.049MB/103.1MB
 e156f517d17a Downloading [============>                                      ]  3.146MB/12.58MB
 f73a68d77011 Downloading [=>                                                 ]  2.097MB/103.1MB
 e156f517d17a Downloading [================>                                  ]  4.194MB/12.58MB
 2dd7199cff98 Downloading [=============>                                     ]  1.049MB/3.994MB
 f73a68d77011 Downloading [=>                                                 ]  2.097MB/103.1MB
 2dd7199cff98 Downloading [=============>                                     ]  1.049MB/3.994MB
 49842fab55ed Download complete 
 e156f517d17a Downloading [================>                                  ]  4.194MB/12.58MB
 f73a68d77011 Downloading [=>                                                 ]  2.097MB/103.1MB
 e156f517d17a Downloading [================>                                  ]  4.194MB/12.58MB
 2dd7199cff98 Downloading [=============>                                     ]  1.049MB/3.994MB
 58ee90d55eb9 Download complete 
 f73a68d77011 Downloading [=>                                                 ]  2.097MB/103.1MB
 2dd7199cff98 Downloading [=============>                                     ]  1.049MB/3.994MB
 e156f517d17a Downloading [================>                                  ]  4.194MB/12.58MB
 f73a68d77011 Downloading [=>                                                 ]  2.097MB/103.1MB
 e156f517d17a Downloading [================>                                  ]  4.194MB/12.58MB
 2dd7199cff98 Downloading [=============>                                     ]  1.049MB/3.994MB
 d17f077ada11 Downloading [============>                                      ]  1.049MB/4.2MB
 f73a68d77011 Downloading [=>                                                 ]  2.097MB/103.1MB
 2dd7199cff98 Downloading [=============>                                     ]  1.049MB/3.994MB
 e156f517d17a Downloading [====================>                              ]  5.243MB/12.58MB
 e156f517d17a Downloading [====================>                              ]  5.243MB/12.58MB
 2dd7199cff98 Downloading [=============>                                     ]  1.049MB/3.994MB
 d17f077ada11 Downloading [============>                                      ]  1.049MB/4.2MB
 f73a68d77011 Downloading [=>                                                 ]  2.097MB/103.1MB
 e156f517d17a Downloading [====================>                              ]  5.243MB/12.58MB
 2dd7199cff98 Downloading [=============>                                     ]  1.049MB/3.994MB
 d17f077ada11 Downloading [============>                                      ]  1.049MB/4.2MB
 f73a68d77011 Downloading [=>                                                 ]  2.097MB/103.1MB
 e156f517d17a Downloading [====================>                              ]  5.243MB/12.58MB
 2dd7199cff98 Downloading [=============>                                     ]  1.049MB/3.994MB
 d17f077ada11 Downloading [============>                                      ]  1.049MB/4.2MB
 f73a68d77011 Downloading [=>                                                 ]  2.097MB/103.1MB
 d17f077ada11 Downloading [============>                                      ]  1.049MB/4.2MB
 f73a68d77011 Downloading [=>                                                 ]  3.146MB/103.1MB
 2dd7199cff98 Downloading [=============>                                     ]  1.049MB/3.994MB
 e156f517d17a Downloading [====================>                              ]  5.243MB/12.58MB
 d17f077ada11 Downloading [============>                                      ]  1.049MB/4.2MB
 f73a68d77011 Downloading [=>                                                 ]  3.146MB/103.1MB
 e156f517d17a Downloading [=========================>                         ]  6.291MB/12.58MB
 2dd7199cff98 Downloading [=============>                                     ]  1.049MB/3.994MB
 e156f517d17a Downloading [=========================>                         ]  6.291MB/12.58MB
 d17f077ada11 Downloading [========================>                          ]  2.097MB/4.2MB
 2dd7199cff98 Downloading [=============>                                     ]  1.049MB/3.994MB
 19c6d932355c Download complete 
 f73a68d77011 Downloading [=>                                                 ]  3.146MB/103.1MB
 2dd7199cff98 Downloading [=============>                                     ]  1.049MB/3.994MB
 e156f517d17a Downloading [=========================>                         ]  6.291MB/12.58MB
 d17f077ada11 Downloading [========================>                          ]  2.097MB/4.2MB
 f73a68d77011 Downloading [=>                                                 ]  3.146MB/103.1MB
 d17f077ada11 Downloading [========================>                          ]  2.097MB/4.2MB
 f73a68d77011 Downloading [=>                                                 ]  3.146MB/103.1MB
 2dd7199cff98 Downloading [=============>                                     ]  1.049MB/3.994MB
 e156f517d17a Downloading [=========================>                         ]  6.291MB/12.58MB
 b98b53b194cb Download complete 
 d17f077ada11 Downloading [========================>                          ]  2.097MB/4.2MB
 f73a68d77011 Downloading [=>                                                 ]  3.146MB/103.1MB
 e156f517d17a Downloading [=========================>                         ]  6.291MB/12.58MB
 2dd7199cff98 Downloading [=============>                                     ]  1.049MB/3.994MB
 f73a68d77011 Downloading [=>                                                 ]  3.146MB/103.1MB
 d17f077ada11 Downloading [========================>                          ]  2.097MB/4.2MB
 2dd7199cff98 Downloading [=============>                                     ]  1.049MB/3.994MB
 e156f517d17a Downloading [=============================>                     ]   7.34MB/12.58MB
 d17f077ada11 Downloading [========================>                          ]  2.097MB/4.2MB
 f73a68d77011 Downloading [=>                                                 ]  3.146MB/103.1MB
 e156f517d17a Downloading [=============================>                     ]   7.34MB/12.58MB
 2dd7199cff98 Downloading [=============>                                     ]  1.049MB/3.994MB
 f73a68d77011 Downloading [=>                                                 ]  3.146MB/103.1MB
 d17f077ada11 Downloading [========================>                          ]  2.097MB/4.2MB
 e156f517d17a Downloading [=============================>                     ]   7.34MB/12.58MB
 2dd7199cff98 Downloading [=============>                                     ]  1.049MB/3.994MB
 e156f517d17a Downloading [=============================>                     ]   7.34MB/12.58MB
 2dd7199cff98 Downloading [=============>                                     ]  1.049MB/3.994MB
 f73a68d77011 Downloading [=>                                                 ]  3.146MB/103.1MB
 d17f077ada11 Downloading [========================>                          ]  2.097MB/4.2MB
 f73a68d77011 Downloading [==>                                                ]  4.194MB/103.1MB
 d17f077ada11 Downloading [=====================================>             ]  3.146MB/4.2MB
 e156f517d17a Downloading [=============================>                     ]   7.34MB/12.58MB
 2dd7199cff98 Downloading [=============>                                     ]  1.049MB/3.994MB
 f73a68d77011 Downloading [==>                                                ]  4.194MB/103.1MB
 d17f077ada11 Downloading [=====================================>             ]  3.146MB/4.2MB
 2dd7199cff98 Downloading [==========================>                        ]  2.097MB/3.994MB
 e156f517d17a Downloading [=================================>                 ]  8.389MB/12.58MB
 d17f077ada11 Downloading [=====================================>             ]  3.146MB/4.2MB
 f73a68d77011 Downloading [==>                                                ]  4.194MB/103.1MB
 e156f517d17a Downloading [=================================>                 ]  8.389MB/12.58MB
 2dd7199cff98 Downloading [==========================>                        ]  2.097MB/3.994MB
 d17f077ada11 Downloading [=====================================>             ]  3.146MB/4.2MB
 f73a68d77011 Downloading [==>                                                ]  4.194MB/103.1MB
 2dd7199cff98 Downloading [==========================>                        ]  2.097MB/3.994MB
 e156f517d17a Downloading [=================================>                 ]  8.389MB/12.58MB
 d17f077ada11 Downloading [=====================================>             ]  3.146MB/4.2MB
 f73a68d77011 Downloading [==>                                                ]  4.194MB/103.1MB
 2dd7199cff98 Downloading [==========================>                        ]  2.097MB/3.994MB
 e156f517d17a Downloading [=================================>                 ]  8.389MB/12.58MB
 2dd7199cff98 Downloading [==========================>                        ]  2.097MB/3.994MB
 e156f517d17a Downloading [=================================>                 ]  8.389MB/12.58MB
 f73a68d77011 Downloading [==>                                                ]  4.194MB/103.1MB
 f73a68d77011 Downloading [==>                                                ]  4.194MB/103.1MB
 d17f077ada11 Download complete 
 e156f517d17a Downloading [=====================================>             ]  9.437MB/12.58MB
 2dd7199cff98 Downloading [==========================>                        ]  2.097MB/3.994MB
 898e671b81b8 Pull complete 
 d17f077ada11 Pull complete 
 e156f517d17a Downloading [=====================================>             ]  9.437MB/12.58MB
 2dd7199cff98 Downloading [==========================>                        ]  2.097MB/3.994MB
 f73a68d77011 Downloading [==>                                                ]  4.194MB/103.1MB
 f73a68d77011 Downloading [==>                                                ]  5.243MB/103.1MB
 2dd7199cff98 Downloading [==========================>                        ]  2.097MB/3.994MB
 e156f517d17a Downloading [=====================================>             ]  9.437MB/12.58MB
 f73a68d77011 Downloading [==>                                                ]  5.243MB/103.1MB
 e156f517d17a Downloading [=====================================>             ]  9.437MB/12.58MB
 2dd7199cff98 Downloading [==========================>                        ]  2.097MB/3.994MB
 f73a68d77011 Downloading [==>                                                ]  5.243MB/103.1MB
 e156f517d17a Downloading [=========================================>         ]  10.49MB/12.58MB
 2dd7199cff98 Downloading [==========================>                        ]  2.097MB/3.994MB
 f73a68d77011 Downloading [==>                                                ]  5.243MB/103.1MB
 e156f517d17a Downloading [=========================================>         ]  10.49MB/12.58MB
 2dd7199cff98 Downloading [==========================>                        ]  2.097MB/3.994MB
 e156f517d17a Downloading [=========================================>         ]  10.49MB/12.58MB
 2dd7199cff98 Downloading [==========================>                        ]  2.097MB/3.994MB
 f73a68d77011 Downloading [==>                                                ]  5.243MB/103.1MB
 f73a68d77011 Downloading [==>                                                ]  5.243MB/103.1MB
 2dd7199cff98 Downloading [==========================>                        ]  2.097MB/3.994MB
 e156f517d17a Downloading [=========================================>         ]  10.49MB/12.58MB
 e156f517d17a Downloading [=============================================>     ]  11.53MB/12.58MB
 2dd7199cff98 Downloading [==========================>                        ]  2.097MB/3.994MB
 f73a68d77011 Downloading [==>                                                ]  5.243MB/103.1MB
 2dd7199cff98 Downloading [==========================>                        ]  2.097MB/3.994MB
 f73a68d77011 Downloading [==>                                                ]  5.243MB/103.1MB
 e156f517d17a Downloading [=============================================>     ]  11.53MB/12.58MB
 f73a68d77011 Downloading [==>                                                ]  5.243MB/103.1MB
 2dd7199cff98 Downloading [==========================>                        ]  2.097MB/3.994MB
 e156f517d17a Downloading [=============================================>     ]  11.53MB/12.58MB
 e156f517d17a Downloading [==================================================>]  12.58MB/12.58MB
 2dd7199cff98 Downloading [==========================>                        ]  2.097MB/3.994MB
 f73a68d77011 Downloading [===>                                               ]  6.291MB/103.1MB
 f73a68d77011 Downloading [===>                                               ]  6.291MB/103.1MB
 2dd7199cff98 Downloading [==========================>                        ]  2.097MB/3.994MB
 e156f517d17a Download complete 
 f73a68d77011 Downloading [===>                                               ]  6.291MB/103.1MB
 2dd7199cff98 Downloading [==========================>                        ]  2.097MB/3.994MB
 f73a68d77011 Downloading [===>                                               ]  6.291MB/103.1MB
 2dd7199cff98 Downloading [=======================================>           ]  3.146MB/3.994MB
 2dd7199cff98 Downloading [=======================================>           ]  3.146MB/3.994MB
 f73a68d77011 Downloading [===>                                               ]  6.291MB/103.1MB
 2dd7199cff98 Downloading [=======================================>           ]  3.146MB/3.994MB
 f73a68d77011 Downloading [===>                                               ]   7.34MB/103.1MB
 f73a68d77011 Downloading [===>                                               ]   7.34MB/103.1MB
 2dd7199cff98 Downloading [=======================================>           ]  3.146MB/3.994MB
 2dd7199cff98 Downloading [=======================================>           ]  3.146MB/3.994MB
 f73a68d77011 Downloading [===>                                               ]   7.34MB/103.1MB
 f73a68d77011 Downloading [===>                                               ]   7.34MB/103.1MB
 2dd7199cff98 Downloading [=======================================>           ]  3.146MB/3.994MB
 f73a68d77011 Downloading [===>                                               ]   7.34MB/103.1MB
 2dd7199cff98 Download complete 
 2dd7199cff98 Extracting 1 s
 f73a68d77011 Downloading [====>                                              ]  8.389MB/103.1MB
 b293fa9cfba6 Pull complete 
 49842fab55ed Pull complete 
 e156f517d17a Extracting 1 s
 2dd7199cff98 Pull complete 
 f24aebc9f655 Pull complete 
 4f4fb700ef54 Pull complete 
 875d4f4d7e83 Pull complete 
 e156f517d17a Pull complete 
 redis Pulled 
 f73a68d77011 Downloading [====>                                              ]  8.389MB/103.1MB
 f73a68d77011 Downloading [====>                                              ]  8.389MB/103.1MB
 f73a68d77011 Downloading [====>                                              ]  8.389MB/103.1MB
 f73a68d77011 Downloading [====>                                              ]  9.437MB/103.1MB
 f73a68d77011 Downloading [====>                                              ]  9.437MB/103.1MB
 f73a68d77011 Downloading [====>                                              ]  9.437MB/103.1MB
 f73a68d77011 Downloading [=====>                                             ]  10.49MB/103.1MB
 f73a68d77011 Downloading [=====>                                             ]  10.49MB/103.1MB
 f73a68d77011 Downloading [=====>                                             ]  10.49MB/103.1MB
 f73a68d77011 Downloading [=====>                                             ]  11.53MB/103.1MB
 f73a68d77011 Downloading [=====>                                             ]  11.53MB/103.1MB
 f73a68d77011 Downloading [=====>                                             ]  11.53MB/103.1MB
 f73a68d77011 Downloading [======>                                            ]  12.58MB/103.1MB
 f73a68d77011 Downloading [======>                                            ]  12.58MB/103.1MB
 f73a68d77011 Downloading [======>                                            ]  12.58MB/103.1MB
 f73a68d77011 Downloading [======>                                            ]  13.63MB/103.1MB
 f73a68d77011 Downloading [=======>                                           ]  14.68MB/103.1MB
 f73a68d77011 Downloading [=======>                                           ]  14.68MB/103.1MB
 f73a68d77011 Downloading [=======>                                           ]  14.68MB/103.1MB
 f73a68d77011 Downloading [=======>                                           ]  14.68MB/103.1MB
 f73a68d77011 Downloading [=======>                                           ]  15.73MB/103.1MB
 f73a68d77011 Downloading [========>                                          ]  16.78MB/103.1MB
 f73a68d77011 Downloading [========>                                          ]  16.78MB/103.1MB
 f73a68d77011 Downloading [========>                                          ]  16.78MB/103.1MB
 f73a68d77011 Downloading [========>                                          ]  17.83MB/103.1MB
 f73a68d77011 Downloading [========>                                          ]  17.83MB/103.1MB
 f73a68d77011 Downloading [=========>                                         ]  18.87MB/103.1MB
 f73a68d77011 Downloading [=========>                                         ]  18.87MB/103.1MB
 f73a68d77011 Downloading [=========>                                         ]  18.87MB/103.1MB
 f73a68d77011 Downloading [=========>                                         ]  19.92MB/103.1MB
 f73a68d77011 Downloading [=========>                                         ]  19.92MB/103.1MB
 f73a68d77011 Downloading [==========>                                        ]  20.97MB/103.1MB
 f73a68d77011 Downloading [==========>                                        ]  20.97MB/103.1MB
 f73a68d77011 Downloading [==========>                                        ]  20.97MB/103.1MB
 f73a68d77011 Downloading [==========>                                        ]  22.02MB/103.1MB
 f73a68d77011 Downloading [==========>                                        ]  22.02MB/103.1MB
 f73a68d77011 Downloading [===========>                                       ]  23.07MB/103.1MB
 f73a68d77011 Downloading [===========>                                       ]  24.12MB/103.1MB
 f73a68d77011 Downloading [===========>                                       ]  24.12MB/103.1MB
 f73a68d77011 Downloading [===========>                                       ]  24.12MB/103.1MB
 f73a68d77011 Downloading [===========>                                       ]  24.12MB/103.1MB
 f73a68d77011 Downloading [===========>                                       ]  24.12MB/103.1MB
 f73a68d77011 Downloading [============>                                      ]  25.17MB/103.1MB
 f73a68d77011 Downloading [============>                                      ]  25.17MB/103.1MB
 f73a68d77011 Downloading [============>                                      ]  25.17MB/103.1MB
 f73a68d77011 Downloading [============>                                      ]  26.21MB/103.1MB
 f73a68d77011 Downloading [============>                                      ]  26.21MB/103.1MB
 f73a68d77011 Downloading [=============>                                     ]  27.26MB/103.1MB
 f73a68d77011 Downloading [=============>                                     ]  28.31MB/103.1MB
 f73a68d77011 Downloading [=============>                                     ]  28.31MB/103.1MB
 f73a68d77011 Downloading [=============>                                     ]  28.31MB/103.1MB
 f73a68d77011 Downloading [==============>                                    ]  29.36MB/103.1MB
 f73a68d77011 Downloading [==============>                                    ]  29.36MB/103.1MB
 f73a68d77011 Downloading [==============>                                    ]  30.41MB/103.1MB
 f73a68d77011 Downloading [==============>                                    ]  30.41MB/103.1MB
 f73a68d77011 Downloading [==============>                                    ]  30.41MB/103.1MB
 f73a68d77011 Downloading [===============>                                   ]  31.46MB/103.1MB
 f73a68d77011 Downloading [===============>                                   ]  32.51MB/103.1MB
 e3f744540ed7 Downloading [==================================================>]  874.7kB/874.7kB
 f73a68d77011 Downloading [===============>                                   ]  32.51MB/103.1MB
 e3f744540ed7 Downloading [==================================================>]  874.7kB/874.7kB
 f73a68d77011 Downloading [===============>                                   ]  32.51MB/103.1MB
 e3f744540ed7 Download complete 
 f73a68d77011 Downloading [================>                                  ]  33.55MB/103.1MB
 31b46f45ead5 Pull complete 
 19c6d932355c Pull complete 
 e3f744540ed7 Pull complete 
 f73a68d77011 Downloading [================>                                  ]   34.6MB/103.1MB
 f73a68d77011 Downloading [================>                                  ]   34.6MB/103.1MB
 f73a68d77011 Downloading [=================>                                 ]  35.65MB/103.1MB
 f73a68d77011 Downloading [=================>                                 ]  35.65MB/103.1MB
 f73a68d77011 Downloading [=================>                                 ]  35.65MB/103.1MB
 f73a68d77011 Downloading [=================>                                 ]   36.7MB/103.1MB
 f73a68d77011 Downloading [=================>                                 ]   36.7MB/103.1MB
 f73a68d77011 Downloading [==================>                                ]  37.75MB/103.1MB
 f73a68d77011 Downloading [==================>                                ]  37.75MB/103.1MB
 f73a68d77011 Downloading [==================>                                ]   38.8MB/103.1MB
 f73a68d77011 Downloading [==================>                                ]   38.8MB/103.1MB
 f73a68d77011 Downloading [==================>                                ]   38.8MB/103.1MB
 f73a68d77011 Downloading [===================>                               ]  39.85MB/103.1MB
 f73a68d77011 Downloading [===================>                               ]  40.89MB/103.1MB
 f73a68d77011 Downloading [===================>                               ]  40.89MB/103.1MB
 f73a68d77011 Downloading [===================>                               ]  40.89MB/103.1MB
 f73a68d77011 Downloading [====================>                              ]  41.94MB/103.1MB
 f73a68d77011 Downloading [====================>                              ]  41.94MB/103.1MB
 f73a68d77011 Downloading [====================>                              ]  42.99MB/103.1MB
 f73a68d77011 Downloading [====================>                              ]  42.99MB/103.1MB
 f73a68d77011 Downloading [=====================>                             ]  44.04MB/103.1MB
 f73a68d77011 Downloading [=====================>                             ]  44.04MB/103.1MB
 f73a68d77011 Downloading [=====================>                             ]  45.09MB/103.1MB
 f73a68d77011 Downloading [======================>                            ]  46.14MB/103.1MB
 f73a68d77011 Downloading [======================>                            ]  46.14MB/103.1MB
 f73a68d77011 Downloading [======================>                            ]  46.14MB/103.1MB
 f73a68d77011 Downloading [======================>                            ]  47.19MB/103.1MB
 f73a68d77011 Downloading [======================>                            ]  47.19MB/103.1MB
 f73a68d77011 Downloading [=======================>                           ]  48.23MB/103.1MB
 f73a68d77011 Downloading [=======================>                           ]  48.23MB/103.1MB
 f73a68d77011 Downloading [=======================>                           ]  48.23MB/103.1MB
 f73a68d77011 Downloading [=======================>                           ]  49.28MB/103.1MB
 f73a68d77011 Downloading [=======================>                           ]  49.28MB/103.1MB
 f73a68d77011 Downloading [========================>                          ]  50.33MB/103.1MB
 f73a68d77011 Downloading [========================>                          ]  51.38MB/103.1MB
 f73a68d77011 Downloading [========================>                          ]  51.38MB/103.1MB
 f73a68d77011 Downloading [========================>                          ]  51.38MB/103.1MB
 f73a68d77011 Downloading [=========================>                         ]  52.43MB/103.1MB
 f73a68d77011 Downloading [=========================>                         ]  52.43MB/103.1MB
 f73a68d77011 Downloading [=========================>                         ]  53.48MB/103.1MB
 f73a68d77011 Downloading [=========================>                         ]  53.48MB/103.1MB
 f73a68d77011 Downloading [=========================>                         ]  53.48MB/103.1MB
 f73a68d77011 Downloading [=========================>                         ]  53.48MB/103.1MB
 f73a68d77011 Downloading [==========================>                        ]  54.53MB/103.1MB
 f73a68d77011 Downloading [==========================>                        ]  55.57MB/103.1MB
 f73a68d77011 Downloading [==========================>                        ]  55.57MB/103.1MB
 f73a68d77011 Downloading [==========================>                        ]  55.57MB/103.1MB
 f73a68d77011 Downloading [===========================>                       ]  56.62MB/103.1MB
 f73a68d77011 Downloading [===========================>                       ]  56.62MB/103.1MB
 f73a68d77011 Downloading [===========================>                       ]  57.67MB/103.1MB
 f73a68d77011 Downloading [===========================>                       ]  57.67MB/103.1MB
 f73a68d77011 Downloading [===========================>                       ]  57.67MB/103.1MB
 f73a68d77011 Downloading [============================>                      ]  58.72MB/103.1MB
 f73a68d77011 Downloading [============================>                      ]  58.72MB/103.1MB
 f73a68d77011 Downloading [============================>                      ]  59.77MB/103.1MB
 f73a68d77011 Downloading [============================>                      ]  59.77MB/103.1MB
 f73a68d77011 Downloading [============================>                      ]  59.77MB/103.1MB
 f73a68d77011 Downloading [=============================>                     ]  60.82MB/103.1MB
 f73a68d77011 Downloading [=============================>                     ]  60.82MB/103.1MB
 f73a68d77011 Downloading [=============================>                     ]  61.87MB/103.1MB
 f73a68d77011 Downloading [==============================>                    ]  62.91MB/103.1MB
 f73a68d77011 Downloading [==============================>                    ]  62.91MB/103.1MB
 f73a68d77011 Downloading [==============================>                    ]  62.91MB/103.1MB
 f73a68d77011 Downloading [===============================>                   ]  63.96MB/103.1MB
 f73a68d77011 Downloading [===============================>                   ]  63.96MB/103.1MB
 f73a68d77011 Downloading [===============================>                   ]  65.01MB/103.1MB
 f73a68d77011 Downloading [===============================>                   ]  65.01MB/103.1MB
 f73a68d77011 Downloading [================================>                  ]  66.06MB/103.1MB
 f73a68d77011 Downloading [================================>                  ]  66.06MB/103.1MB
 f73a68d77011 Downloading [================================>                  ]  67.11MB/103.1MB
 f73a68d77011 Downloading [================================>                  ]  67.11MB/103.1MB
 f73a68d77011 Downloading [=================================>                 ]  68.16MB/103.1MB
 f73a68d77011 Downloading [=================================>                 ]  68.16MB/103.1MB
 f73a68d77011 Downloading [=================================>                 ]  68.16MB/103.1MB
 f73a68d77011 Downloading [=================================>                 ]  69.21MB/103.1MB
 f73a68d77011 Downloading [=================================>                 ]  69.21MB/103.1MB
 f73a68d77011 Downloading [==================================>                ]  70.25MB/103.1MB
 f73a68d77011 Downloading [==================================>                ]  70.25MB/103.1MB
 f73a68d77011 Downloading [==================================>                ]  70.25MB/103.1MB
 f73a68d77011 Downloading [==================================>                ]   71.3MB/103.1MB
 f73a68d77011 Downloading [===================================>               ]  72.35MB/103.1MB
 f73a68d77011 Downloading [===================================>               ]   73.4MB/103.1MB
 f73a68d77011 Downloading [===================================>               ]   73.4MB/103.1MB
 f73a68d77011 Downloading [===================================>               ]   73.4MB/103.1MB
 f73a68d77011 Downloading [====================================>              ]  74.45MB/103.1MB
 f73a68d77011 Downloading [====================================>              ]  74.45MB/103.1MB
 f73a68d77011 Downloading [====================================>              ]   75.5MB/103.1MB
 f73a68d77011 Downloading [====================================>              ]   75.5MB/103.1MB
 f73a68d77011 Downloading [====================================>              ]   75.5MB/103.1MB
 f73a68d77011 Downloading [=====================================>             ]  76.55MB/103.1MB
 f73a68d77011 Downloading [=====================================>             ]  77.59MB/103.1MB
 f73a68d77011 Downloading [=====================================>             ]  77.59MB/103.1MB
 f73a68d77011 Downloading [======================================>            ]  78.64MB/103.1MB
 f73a68d77011 Downloading [======================================>            ]  78.64MB/103.1MB
 f73a68d77011 Downloading [======================================>            ]  78.64MB/103.1MB
 f73a68d77011 Downloading [======================================>            ]  79.69MB/103.1MB
 f73a68d77011 Downloading [======================================>            ]  79.93MB/103.1MB
 f73a68d77011 Downloading [=======================================>           ]  80.74MB/103.1MB
 f73a68d77011 Downloading [=======================================>           ]  80.74MB/103.1MB
 f73a68d77011 Downloading [=======================================>           ]  80.74MB/103.1MB
 f73a68d77011 Downloading [=======================================>           ]  81.79MB/103.1MB
 f73a68d77011 Downloading [=======================================>           ]  81.79MB/103.1MB
 f73a68d77011 Downloading [=======================================>           ]  81.79MB/103.1MB
 f73a68d77011 Downloading [=======================================>           ]  81.79MB/103.1MB
 f73a68d77011 Downloading [=======================================>           ]  81.79MB/103.1MB
 f73a68d77011 Downloading [========================================>          ]  82.84MB/103.1MB
 f73a68d77011 Downloading [========================================>          ]  83.89MB/103.1MB
 f73a68d77011 Downloading [=========================================>         ]  84.93MB/103.1MB
 f73a68d77011 Downloading [=========================================>         ]  84.93MB/103.1MB
 f73a68d77011 Downloading [=========================================>         ]  84.93MB/103.1MB
 f73a68d77011 Downloading [=========================================>         ]  85.98MB/103.1MB
 f73a68d77011 Downloading [=========================================>         ]  85.98MB/103.1MB
 f73a68d77011 Downloading [==========================================>        ]  87.03MB/103.1MB
 f73a68d77011 Downloading [==========================================>        ]  87.03MB/103.1MB
 f73a68d77011 Downloading [==========================================>        ]  87.03MB/103.1MB
 f73a68d77011 Downloading [==========================================>        ]  88.08MB/103.1MB
 f73a68d77011 Downloading [===========================================>       ]  89.13MB/103.1MB
 f73a68d77011 Downloading [===========================================>       ]  89.13MB/103.1MB
 f73a68d77011 Downloading [===========================================>       ]  90.18MB/103.1MB
 f73a68d77011 Downloading [===========================================>       ]  90.18MB/103.1MB
 f73a68d77011 Downloading [===========================================>       ]  90.18MB/103.1MB
 f73a68d77011 Downloading [============================================>      ]  91.23MB/103.1MB
 f73a68d77011 Downloading [============================================>      ]  92.27MB/103.1MB
 f73a68d77011 Downloading [============================================>      ]  92.27MB/103.1MB
 f73a68d77011 Downloading [============================================>      ]  92.27MB/103.1MB
 f73a68d77011 Downloading [=============================================>     ]  93.32MB/103.1MB
 f73a68d77011 Downloading [=============================================>     ]  93.32MB/103.1MB
 f73a68d77011 Downloading [=============================================>     ]  94.37MB/103.1MB
 f73a68d77011 Downloading [=============================================>     ]  94.78MB/103.1MB
 f73a68d77011 Downloading [==============================================>    ]  95.42MB/103.1MB
 f73a68d77011 Downloading [==============================================>    ]  95.42MB/103.1MB
 f73a68d77011 Downloading [==============================================>    ]  95.42MB/103.1MB
 f73a68d77011 Downloading [==============================================>    ]  95.42MB/103.1MB
 f73a68d77011 Downloading [==============================================>    ]  96.47MB/103.1MB
 f73a68d77011 Downloading [==============================================>    ]  96.47MB/103.1MB
 f73a68d77011 Downloading [==============================================>    ]  96.47MB/103.1MB
 f73a68d77011 Downloading [===============================================>   ]  97.52MB/103.1MB
 f73a68d77011 Downloading [===============================================>   ]  97.52MB/103.1MB
 f73a68d77011 Downloading [===============================================>   ]  98.57MB/103.1MB
 f73a68d77011 Downloading [===============================================>   ]  98.57MB/103.1MB
 f73a68d77011 Downloading [===============================================>   ]  98.57MB/103.1MB
 f73a68d77011 Downloading [================================================>  ]  99.61MB/103.1MB
 f73a68d77011 Downloading [================================================>  ]  100.7MB/103.1MB
 f73a68d77011 Downloading [================================================>  ]  100.7MB/103.1MB
 f73a68d77011 Downloading [=================================================> ]  101.7MB/103.1MB
 f73a68d77011 Downloading [=================================================> ]  101.7MB/103.1MB
 f73a68d77011 Downloading [=================================================> ]  101.7MB/103.1MB
 f73a68d77011 Downloading [=================================================> ]  102.8MB/103.1MB
 f73a68d77011 Downloading [==================================================>]  103.1MB/103.1MB
 f73a68d77011 Downloading [==================================================>]  103.1MB/103.1MB
 f73a68d77011 Download complete 
 f73a68d77011 Extracting 1 s
 f73a68d77011 Extracting 1 s
 f73a68d77011 Extracting 1 s
 f73a68d77011 Extracting 1 s
 f73a68d77011 Extracting 1 s
 f73a68d77011 Extracting 1 s
 f73a68d77011 Extracting 1 s
 f73a68d77011 Extracting 1 s
 f73a68d77011 Extracting 1 s
 80c4a7d433e0 Pull complete 
 035027b1ba33 Pull complete 
 addd514cbd82 Pull complete 
 58ee90d55eb9 Pull complete 
 b98b53b194cb Pull complete 
 f73a68d77011 Pull complete 
 postgres Pulled 
 Network foryou_partners_default  Creating
 Network foryou_partners_default  Created
 Volume foryou_partners_redis_data  Creating
 Volume foryou_partners_redis_data  Created
 Volume foryou_partners_postgres_data  Creating
 Volume foryou_partners_postgres_data  Created
 Container foryou_partners-postgres-1  Creating
 Container foryou_partners-redis-1  Creating
 Container foryou_partners-postgres-1  Created
 Container foryou_partners-redis-1  Created
 Container foryou_partners-redis-1  Starting
 Container foryou_partners-postgres-1  Starting
 Container foryou_partners-postgres-1  Started
 Container foryou_partners-redis-1  Started

> partner-portal-backend@0.1.0 start:dev
> nest start --watch

[2J[3J[H[[90m10:27:31 AM[0m] Starting compilation in watch mode...

[[90m10:27:33 AM[0m] Found 0 errors. Watching for file changes.

[32m[Nest] 88368  - [39m06/03/2026, 10:27:34 AM [32m    LOG[39m [38;5;3m[NestFactory] [39m[32mStarting Nest application...[39m
[32m[Nest] 88368  - [39m06/03/2026, 10:27:34 AM [32m    LOG[39m [38;5;3m[InstanceLoader] [39m[32mAppModule dependencies initialized[39m[38;5;3m +10ms[39m
[32m[Nest] 88368  - [39m06/03/2026, 10:27:34 AM [32m    LOG[39m [38;5;3m[InstanceLoader] [39m[32mConfigModule dependencies initialized[39m[38;5;3m +0ms[39m
[32m[Nest] 88368  - [39m06/03/2026, 10:27:34 AM [32m    LOG[39m [38;5;3m[InstanceLoader] [39m[32mDatabaseModule dependencies initialized[39m[38;5;3m +173ms[39m
[32m[Nest] 88368  - [39m06/03/2026, 10:27:34 AM [32m    LOG[39m [38;5;3m[InstanceLoader] [39m[32mPassportModule dependencies initialized[39m[38;5;3m +0ms[39m
[32m[Nest] 88368  - [39m06/03/2026, 10:27:34 AM [32m    LOG[39m [38;5;3m[InstanceLoader] [39m[32mThrottlerModule dependencies initialized[39m[38;5;3m +3ms[39m
[32m[Nest] 88368  - [39m06/03/2026, 10:27:34 AM [32m    LOG[39m [38;5;3m[InstanceLoader] [39m[32mJwtModule dependencies initialized[39m[38;5;3m +0ms[39m
[32m[Nest] 88368  - [39m06/03/2026, 10:27:34 AM [32m    LOG[39m [38;5;3m[InstanceLoader] [39m[32mConfigHostModule dependencies initialized[39m[38;5;3m +0ms[39m
[32m[Nest] 88368  - [39m06/03/2026, 10:27:34 AM [32m    LOG[39m [38;5;3m[InstanceLoader] [39m[32mAuditModule dependencies initialized[39m[38;5;3m +0ms[39m
[32m[Nest] 88368  - [39m06/03/2026, 10:27:34 AM [32m    LOG[39m [38;5;3m[InstanceLoader] [39m[32mDiscoveryModule dependencies initialized[39m[38;5;3m +0ms[39m
[32m[Nest] 88368  - [39m06/03/2026, 10:27:34 AM [32m    LOG[39m [38;5;3m[InstanceLoader] [39m[32mTerminusModule dependencies initialized[39m[38;5;3m +0ms[39m
[32m[Nest] 88368  - [39m06/03/2026, 10:27:34 AM [32m    LOG[39m [38;5;3m[InstanceLoader] [39m[32mConfigModule dependencies initialized[39m[38;5;3m +0ms[39m
[32m[Nest] 88368  - [39m06/03/2026, 10:27:34 AM [32m    LOG[39m [38;5;3m[InstanceLoader] [39m[32mScheduleModule dependencies initialized[39m[38;5;3m +1ms[39m
[32m[Nest] 88368  - [39m06/03/2026, 10:27:34 AM [32m    LOG[39m [38;5;3m[InstanceLoader] [39m[32mRedisModule dependencies initialized[39m[38;5;3m +0ms[39m
[32m[Nest] 88368  - [39m06/03/2026, 10:27:34 AM [32m    LOG[39m [38;5;3m[InstanceLoader] [39m[32mEmailModule dependencies initialized[39m[38;5;3m +0ms[39m
[32m[Nest] 88368  - [39m06/03/2026, 10:27:34 AM [32m    LOG[39m [38;5;3m[InstanceLoader] [39m[32mProfileModule dependencies initialized[39m[38;5;3m +1ms[39m
[32m[Nest] 88368  - [39m06/03/2026, 10:27:34 AM [32m    LOG[39m [38;5;3m[InstanceLoader] [39m[32mAnalyticsModule dependencies initialized[39m[38;5;3m +0ms[39m
[32m[Nest] 88368  - [39m06/03/2026, 10:27:34 AM [32m    LOG[39m [38;5;3m[InstanceLoader] [39m[32mPayoutsModule dependencies initialized[39m[38;5;3m +0ms[39m
[32m[Nest] 88368  - [39m06/03/2026, 10:27:34 AM [32m    LOG[39m [38;5;3m[InstanceLoader] [39m[32mReferralsModule dependencies initialized[39m[38;5;3m +0ms[39m
[32m[Nest] 88368  - [39m06/03/2026, 10:27:34 AM [32m    LOG[39m [38;5;3m[InstanceLoader] [39m[32mAuthModule dependencies initialized[39m[38;5;3m +0ms[39m
[32m[Nest] 88368  - [39m06/03/2026, 10:27:34 AM [32m    LOG[39m [38;5;3m[InstanceLoader] [39m[32mHealthModule dependencies initialized[39m[38;5;3m +0ms[39m
[32m[Nest] 88368  - [39m06/03/2026, 10:27:34 AM [32m    LOG[39m [38;5;3m[InstanceLoader] [39m[32mWebhookModule dependencies initialized[39m[38;5;3m +0ms[39m
[32m[Nest] 88368  - [39m06/03/2026, 10:27:34 AM [32m    LOG[39m [38;5;3m[InstanceLoader] [39m[32mAmoModule dependencies initialized[39m[38;5;3m +0ms[39m
[32m[Nest] 88368  - [39m06/03/2026, 10:27:34 AM [32m    LOG[39m [38;5;3m[InstanceLoader] [39m[32mAdminModule dependencies initialized[39m[38;5;3m +0ms[39m
[32m[Nest] 88368  - [39m06/03/2026, 10:27:34 AM [32m    LOG[39m [38;5;3m[InstanceLoader] [39m[32mLeadsModule dependencies initialized[39m[38;5;3m +0ms[39m
[32m[Nest] 88368  - [39m06/03/2026, 10:27:34 AM [32m    LOG[39m [38;5;3m[RoutesResolver] [39m[32mHealthController {/api/v1/health}:[39m[38;5;3m +3ms[39m
[32m[Nest] 88368  - [39m06/03/2026, 10:27:34 AM [32m    LOG[39m [38;5;3m[RouterExplorer] [39m[32mMapped {/api/v1/health, GET} route[39m[38;5;3m +1ms[39m
[32m[Nest] 88368  - [39m06/03/2026, 10:27:34 AM [32m    LOG[39m [38;5;3m[RoutesResolver] [39m[32mAuthController {/api/v1/auth}:[39m[38;5;3m +0ms[39m
[32m[Nest] 88368  - [39m06/03/2026, 10:27:34 AM [32m    LOG[39m [38;5;3m[RouterExplorer] [39m[32mMapped {/api/v1/auth/login, POST} route[39m[38;5;3m +0ms[39m
[32m[Nest] 88368  - [39m06/03/2026, 10:27:34 AM [32m    LOG[39m [38;5;3m[RouterExplorer] [39m[32mMapped {/api/v1/auth/register, POST} route[39m[38;5;3m +1ms[39m
[32m[Nest] 88368  - [39m06/03/2026, 10:27:34 AM [32m    LOG[39m [38;5;3m[RouterExplorer] [39m[32mMapped {/api/v1/auth/refresh, POST} route[39m[38;5;3m +0ms[39m
[32m[Nest] 88368  - [39m06/03/2026, 10:27:34 AM [32m    LOG[39m [38;5;3m[RouterExplorer] [39m[32mMapped {/api/v1/auth/logout, POST} route[39m[38;5;3m +0ms[39m
[32m[Nest] 88368  - [39m06/03/2026, 10:27:34 AM [32m    LOG[39m [38;5;3m[RouterExplorer] [39m[32mMapped {/api/v1/auth/password/forgot, POST} route[39m[38;5;3m +0ms[39m
[32m[Nest] 88368  - [39m06/03/2026, 10:27:34 AM [32m    LOG[39m [38;5;3m[RouterExplorer] [39m[32mMapped {/api/v1/auth/password/reset, POST} route[39m[38;5;3m +0ms[39m
[32m[Nest] 88368  - [39m06/03/2026, 10:27:34 AM [32m    LOG[39m [38;5;3m[RoutesResolver] [39m[32mLeadsController {/api/v1/leads}:[39m[38;5;3m +0ms[39m
[32m[Nest] 88368  - [39m06/03/2026, 10:27:34 AM [32m    LOG[39m [38;5;3m[RouterExplorer] [39m[32mMapped {/api/v1/leads, GET} route[39m[38;5;3m +0ms[39m
[32m[Nest] 88368  - [39m06/03/2026, 10:27:34 AM [32m    LOG[39m [38;5;3m[RouterExplorer] [39m[32mMapped {/api/v1/leads, POST} route[39m[38;5;3m +0ms[39m
[32m[Nest] 88368  - [39m06/03/2026, 10:27:34 AM [32m    LOG[39m [38;5;3m[RouterExplorer] [39m[32mMapped {/api/v1/leads/board, GET} route[39m[38;5;3m +1ms[39m
[32m[Nest] 88368  - [39m06/03/2026, 10:27:34 AM [32m    LOG[39m [38;5;3m[RouterExplorer] [39m[32mMapped {/api/v1/leads/:id, GET} route[39m[38;5;3m +0ms[39m
[32m[Nest] 88368  - [39m06/03/2026, 10:27:34 AM [32m    LOG[39m [38;5;3m[RouterExplorer] [39m[32mMapped {/api/v1/leads/:id/history, GET} route[39m[38;5;3m +0ms[39m
[32m[Nest] 88368  - [39m06/03/2026, 10:27:34 AM [32m    LOG[39m [38;5;3m[RouterExplorer] [39m[32mMapped {/api/v1/leads/:id/notes, GET} route[39m[38;5;3m +0ms[39m
[32m[Nest] 88368  - [39m06/03/2026, 10:27:34 AM [32m    LOG[39m [38;5;3m[RouterExplorer] [39m[32mMapped {/api/v1/leads/:id/notes, POST} route[39m[38;5;3m +0ms[39m
[32m[Nest] 88368  - [39m06/03/2026, 10:27:34 AM [32m    LOG[39m [38;5;3m[RoutesResolver] [39m[32mAmoController {/api/v1/amo-crm}:[39m[38;5;3m +0ms[39m
[32m[Nest] 88368  - [39m06/03/2026, 10:27:34 AM [32m    LOG[39m [38;5;3m[RouterExplorer] [39m[32mMapped {/api/v1/amo-crm/connect, GET} route[39m[38;5;3m +0ms[39m
[32m[Nest] 88368  - [39m06/03/2026, 10:27:34 AM [32m    LOG[39m [38;5;3m[RouterExplorer] [39m[32mMapped {/api/v1/amo-crm/callback, GET} route[39m[38;5;3m +0ms[39m
[32m[Nest] 88368  - [39m06/03/2026, 10:27:34 AM [32m    LOG[39m [38;5;3m[RouterExplorer] [39m[32mMapped {/api/v1/amo-crm/backfill, POST} route[39m[38;5;3m +0ms[39m
[32m[Nest] 88368  - [39m06/03/2026, 10:27:34 AM [32m    LOG[39m [38;5;3m[RouterExplorer] [39m[32mMapped {/api/v1/amo-crm/backfill-history, POST} route[39m[38;5;3m +0ms[39m
[32m[Nest] 88368  - [39m06/03/2026, 10:27:34 AM [32m    LOG[39m [38;5;3m[RouterExplorer] [39m[32mMapped {/api/v1/amo-crm/sources, GET} route[39m[38;5;3m +0ms[39m
[32m[Nest] 88368  - [39m06/03/2026, 10:27:34 AM [32m    LOG[39m [38;5;3m[RouterExplorer] [39m[32mMapped {/api/v1/amo-crm/tags, GET} route[39m[38;5;3m +0ms[39m
[32m[Nest] 88368  - [39m06/03/2026, 10:27:34 AM [32m    LOG[39m [38;5;3m[RoutesResolver] [39m[32mAdminController {/api/v1/admin/partners}:[39m[38;5;3m +0ms[39m
[32m[Nest] 88368  - [39m06/03/2026, 10:27:34 AM [32m    LOG[39m [38;5;3m[RouterExplorer] [39m[32mMapped {/api/v1/admin/partners, GET} route[39m[38;5;3m +0ms[39m
[32m[Nest] 88368  - [39m06/03/2026, 10:27:34 AM [32m    LOG[39m [38;5;3m[RouterExplorer] [39m[32mMapped {/api/v1/admin/partners, POST} route[39m[38;5;3m +0ms[39m
[32m[Nest] 88368  - [39m06/03/2026, 10:27:34 AM [32m    LOG[39m [38;5;3m[RouterExplorer] [39m[32mMapped {/api/v1/admin/partners/:id, PUT} route[39m[38;5;3m +0ms[39m
[32m[Nest] 88368  - [39m06/03/2026, 10:27:34 AM [32m    LOG[39m [38;5;3m[RouterExplorer] [39m[32mMapped {/api/v1/admin/partners/:id, DELETE} route[39m[38;5;3m +0ms[39m
[32m[Nest] 88368  - [39m06/03/2026, 10:27:34 AM [32m    LOG[39m [38;5;3m[RouterExplorer] [39m[32mMapped {/api/v1/admin/partners/sync, POST} route[39m[38;5;3m +0ms[39m
[32m[Nest] 88368  - [39m06/03/2026, 10:27:34 AM [32m    LOG[39m [38;5;3m[RoutesResolver] [39m[32mWebhookController {/api/v1/webhook}:[39m[38;5;3m +0ms[39m
[32m[Nest] 88368  - [39m06/03/2026, 10:27:34 AM [32m    LOG[39m [38;5;3m[RouterExplorer] [39m[32mMapped {/api/v1/webhook/amocrm, POST} route[39m[38;5;3m +0ms[39m
[32m[Nest] 88368  - [39m06/03/2026, 10:27:34 AM [32m    LOG[39m [38;5;3m[RoutesResolver] [39m[32mProfileController {/api/v1/profile}:[39m[38;5;3m +0ms[39m
[32m[Nest] 88368  - [39m06/03/2026, 10:27:34 AM [32m    LOG[39m [38;5;3m[RouterExplorer] [39m[32mMapped {/api/v1/profile, GET} route[39m[38;5;3m +1ms[39m
[32m[Nest] 88368  - [39m06/03/2026, 10:27:34 AM [32m    LOG[39m [38;5;3m[RouterExplorer] [39m[32mMapped {/api/v1/profile/notifications, PUT} route[39m[38;5;3m +0ms[39m
[32m[Nest] 88368  - [39m06/03/2026, 10:27:34 AM [32m    LOG[39m [38;5;3m[RouterExplorer] [39m[32mMapped {/api/v1/profile/password, PUT} route[39m[38;5;3m +0ms[39m
[32m[Nest] 88368  - [39m06/03/2026, 10:27:34 AM [32m    LOG[39m [38;5;3m[RoutesResolver] [39m[32mAnalyticsController {/api/v1/analytics}:[39m[38;5;3m +0ms[39m
[32m[Nest] 88368  - [39m06/03/2026, 10:27:34 AM [32m    LOG[39m [38;5;3m[RouterExplorer] [39m[32mMapped {/api/v1/analytics/dashboard, GET} route[39m[38;5;3m +0ms[39m
[32m[Nest] 88368  - [39m06/03/2026, 10:27:34 AM [32m    LOG[39m [38;5;3m[RoutesResolver] [39m[32mPayoutsController {/api/v1/payouts}:[39m[38;5;3m +0ms[39m
[32m[Nest] 88368  - [39m06/03/2026, 10:27:34 AM [32m    LOG[39m [38;5;3m[RouterExplorer] [39m[32mMapped {/api/v1/payouts, GET} route[39m[38;5;3m +0ms[39m
[32m[Nest] 88368  - [39m06/03/2026, 10:27:34 AM [32m    LOG[39m [38;5;3m[RoutesResolver] [39m[32mReferralsController {/api/v1/referrals}:[39m[38;5;3m +0ms[39m
[32m[Nest] 88368  - [39m06/03/2026, 10:27:34 AM [32m    LOG[39m [38;5;3m[RouterExplorer] [39m[32mMapped {/api/v1/referrals, GET} route[39m[38;5;3m +0ms[39m
[32m[Nest] 88368  - [39m06/03/2026, 10:27:34 AM [32m    LOG[39m [38;5;3m[PrismaService] [39m[32mDatabase connected[39m
[32m[Nest] 88368  - [39m06/03/2026, 10:27:34 AM [32m    LOG[39m [38;5;3m[NestApplication] [39m[32mNest application successfully started[39m[38;5;3m +9ms[39m
Backend running on http://localhost:3001/api/v1
[2026-06-03T08:27:39.242Z] GET /api/v1/analytics/dashboard?date_from=2026-05-04T08:27:39.209Z&date_to=2026-06-03T08:27:39.210Z - Query: {"date_from":"2026-05-04T08:27:39.209Z","date_to":"2026-06-03T08:27:39.210Z"}
[2026-06-03T08:27:39.270Z] GET /api/v1/analytics/dashboard?date_from=2026-05-04T08:27:39.211Z&date_to=2026-06-03T08:27:39.211Z - Query: {"date_from":"2026-05-04T08:27:39.211Z","date_to":"2026-06-03T08:27:39.211Z"}
[2026-06-03T08:27:39.276Z] OPTIONS /api/v1/auth/refresh - Query: {}
[2026-06-03T08:27:39.277Z] POST /api/v1/auth/refresh - Query: {}
[2026-06-03T08:27:39.306Z] POST /api/v1/auth/refresh - Query: {}
prisma:error 
Invalid `this.prisma.refreshSession.findMany()` invocation in
/Users/vytvytskyi/foryou_partners/backend/src/auth/auth.service.ts:119:55

  116   throw new AppException('AUTH_TOKEN_EXPIRED', 'Refresh token invalid or expired', HttpStatus.UNAUTHORIZED);
  117 }
  118 
→ 119 const sessions = await this.prisma.refreshSession.findMany(
The table `public.refresh_sessions` does not exist in the current database.
[31m[Nest] 88368  - [39m06/03/2026, 10:27:39 AM [31m  ERROR[39m [38;5;3m[ExceptionsHandler] [39m[31m
Invalid `this.prisma.refreshSession.findMany()` invocation in
/Users/vytvytskyi/foryou_partners/backend/src/auth/auth.service.ts:119:55

  116   throw new AppException('AUTH_TOKEN_EXPIRED', 'Refresh token invalid or expired', HttpStatus.UNAUTHORIZED);
  117 }
  118 
→ 119 const sessions = await this.prisma.refreshSession.findMany(
The table `public.refresh_sessions` does not exist in the current database.[39m
PrismaClientKnownRequestError: 
Invalid `this.prisma.refreshSession.findMany()` invocation in
/Users/vytvytskyi/foryou_partners/backend/src/auth/auth.service.ts:119:55

  116   throw new AppException('AUTH_TOKEN_EXPIRED', 'Refresh token invalid or expired', HttpStatus.UNAUTHORIZED);
  117 }
  118 
→ 119 const sessions = await this.prisma.refreshSession.findMany(
The table `public.refresh_sessions` does not exist in the current database.
    at $n.handleRequestError (/Users/vytvytskyi/foryou_partners/backend/node_modules/@prisma/client/runtime/library.js:121:7315)
    at $n.handleAndLogRequestError (/Users/vytvytskyi/foryou_partners/backend/node_modules/@prisma/client/runtime/library.js:121:6623)
    at $n.request (/Users/vytvytskyi/foryou_partners/backend/node_modules/@prisma/client/runtime/library.js:121:6307)
    at async l (/Users/vytvytskyi/foryou_partners/backend/node_modules/@prisma/client/runtime/library.js:130:9633)
    at async AuthService.refresh (/Users/vytvytskyi/foryou_partners/backend/src/auth/auth.service.ts:119:22)
prisma:error 
Invalid `this.prisma.auditLog.create()` invocation in
/Users/vytvytskyi/foryou_partners/backend/src/audit/audit-log.interceptor.ts:45:35

  42 const action = `${method}:${routePath}`;
  43 const entityId = typeof req?.params?.id === 'string' ? req.params.id : null;
  44 
→ 45 void this.prisma.auditLog.create(
The table `public.audit_logs` does not exist in the current database.
prisma:error 
Invalid `this.prisma.refreshSession.findMany()` invocation in
/Users/vytvytskyi/foryou_partners/backend/src/auth/auth.service.ts:119:55

  116   throw new AppException('AUTH_TOKEN_EXPIRED', 'Refresh token invalid or expired', HttpStatus.UNAUTHORIZED);
  117 }
  118 
→ 119 const sessions = await this.prisma.refreshSession.findMany(
The table `public.refresh_sessions` does not exist in the current database.
[31m[Nest] 88368  - [39m06/03/2026, 10:27:39 AM [31m  ERROR[39m [38;5;3m[ExceptionsHandler] [39m[31m
Invalid `this.prisma.refreshSession.findMany()` invocation in
/Users/vytvytskyi/foryou_partners/backend/src/auth/auth.service.ts:119:55

  116   throw new AppException('AUTH_TOKEN_EXPIRED', 'Refresh token invalid or expired', HttpStatus.UNAUTHORIZED);
  117 }
  118 
→ 119 const sessions = await this.prisma.refreshSession.findMany(
The table `public.refresh_sessions` does not exist in the current database.[39m
PrismaClientKnownRequestError: 
Invalid `this.prisma.refreshSession.findMany()` invocation in
/Users/vytvytskyi/foryou_partners/backend/src/auth/auth.service.ts:119:55

  116   throw new AppException('AUTH_TOKEN_EXPIRED', 'Refresh token invalid or expired', HttpStatus.UNAUTHORIZED);
  117 }
  118 
→ 119 const sessions = await this.prisma.refreshSession.findMany(
The table `public.refresh_sessions` does not exist in the current database.
    at $n.handleRequestError (/Users/vytvytskyi/foryou_partners/backend/node_modules/@prisma/client/runtime/library.js:121:7315)
    at $n.handleAndLogRequestError (/Users/vytvytskyi/foryou_partners/backend/node_modules/@prisma/client/runtime/library.js:121:6623)
    at $n.request (/Users/vytvytskyi/foryou_partners/backend/node_modules/@prisma/client/runtime/library.js:121:6307)
    at async l (/Users/vytvytskyi/foryou_partners/backend/node_modules/@prisma/client/runtime/library.js:130:9633)
    at async AuthService.refresh (/Users/vytvytskyi/foryou_partners/backend/src/auth/auth.service.ts:119:22)
prisma:error 
Invalid `this.prisma.auditLog.create()` invocation in
/Users/vytvytskyi/foryou_partners/backend/src/audit/audit-log.interceptor.ts:45:35

  42 const action = `${method}:${routePath}`;
  43 const entityId = typeof req?.params?.id === 'string' ? req.params.id : null;
  44 
→ 45 void this.prisma.auditLog.create(
The table `public.audit_logs` does not exist in the current database.
[2026-06-03T08:28:21.206Z] OPTIONS /api/v1/auth/login - Query: {}
[2026-06-03T08:28:21.305Z] POST /api/v1/auth/login - Query: {}
prisma:error 
Invalid `this.prisma.user.findUnique()` invocation in
/Users/vytvytskyi/foryou_partners/backend/src/auth/auth.service.ts:55:41

  52 }
  53 
  54 async login(dto: LoginDto, userAgent?: string, ip?: string) {
→ 55   const user = await this.prisma.user.findUnique(
The table `public.users` does not exist in the current database.
[31m[Nest] 88368  - [39m06/03/2026, 10:28:21 AM [31m  ERROR[39m [38;5;3m[ExceptionsHandler] [39m[31m
Invalid `this.prisma.user.findUnique()` invocation in
/Users/vytvytskyi/foryou_partners/backend/src/auth/auth.service.ts:55:41

  52 }
  53 
  54 async login(dto: LoginDto, userAgent?: string, ip?: string) {
→ 55   const user = await this.prisma.user.findUnique(
The table `public.users` does not exist in the current database.[39m
PrismaClientKnownRequestError: 
Invalid `this.prisma.user.findUnique()` invocation in
/Users/vytvytskyi/foryou_partners/backend/src/auth/auth.service.ts:55:41

  52 }
  53 
  54 async login(dto: LoginDto, userAgent?: string, ip?: string) {
→ 55   const user = await this.prisma.user.findUnique(
The table `public.users` does not exist in the current database.
    at $n.handleRequestError (/Users/vytvytskyi/foryou_partners/backend/node_modules/@prisma/client/runtime/library.js:121:7315)
    at $n.handleAndLogRequestError (/Users/vytvytskyi/foryou_partners/backend/node_modules/@prisma/client/runtime/library.js:121:6623)
    at $n.request (/Users/vytvytskyi/foryou_partners/backend/node_modules/@prisma/client/runtime/library.js:121:6307)
    at async l (/Users/vytvytskyi/foryou_partners/backend/node_modules/@prisma/client/runtime/library.js:130:9633)
    at async AuthService.login (/Users/vytvytskyi/foryou_partners/backend/src/auth/auth.service.ts:55:18)
prisma:error 
Invalid `this.prisma.auditLog.create()` invocation in
/Users/vytvytskyi/foryou_partners/backend/src/audit/audit-log.interceptor.ts:45:35

  42 const action = `${method}:${routePath}`;
  43 const entityId = typeof req?.params?.id === 'string' ? req.params.id : null;
  44 
→ 45 void this.prisma.auditLog.create(
The table `public.audit_logs` does not exist in the current database.
[2026-06-03T08:28:28.032Z] OPTIONS /api/v1/auth/login - Query: {}
[2026-06-03T08:28:28.036Z] POST /api/v1/auth/login - Query: {}
prisma:error 
Invalid `this.prisma.user.findUnique()` invocation in
/Users/vytvytskyi/foryou_partners/backend/src/auth/auth.service.ts:55:41

  52 }
  53 
  54 async login(dto: LoginDto, userAgent?: string, ip?: string) {
→ 55   const user = await this.prisma.user.findUnique(
The table `public.users` does not exist in the current database.
[31m[Nest] 88368  - [39m06/03/2026, 10:28:28 AM [31m  ERROR[39m [38;5;3m[ExceptionsHandler] [39m[31m
Invalid `this.prisma.user.findUnique()` invocation in
/Users/vytvytskyi/foryou_partners/backend/src/auth/auth.service.ts:55:41

  52 }
  53 
  54 async login(dto: LoginDto, userAgent?: string, ip?: string) {
→ 55   const user = await this.prisma.user.findUnique(
The table `public.users` does not exist in the current database.[39m
PrismaClientKnownRequestError: 
Invalid `this.prisma.user.findUnique()` invocation in
/Users/vytvytskyi/foryou_partners/backend/src/auth/auth.service.ts:55:41

  52 }
  53 
  54 async login(dto: LoginDto, userAgent?: string, ip?: string) {
→ 55   const user = await this.prisma.user.findUnique(
The table `public.users` does not exist in the current database.
    at $n.handleRequestError (/Users/vytvytskyi/foryou_partners/backend/node_modules/@prisma/client/runtime/library.js:121:7315)
    at $n.handleAndLogRequestError (/Users/vytvytskyi/foryou_partners/backend/node_modules/@prisma/client/runtime/library.js:121:6623)
    at $n.request (/Users/vytvytskyi/foryou_partners/backend/node_modules/@prisma/client/runtime/library.js:121:6307)
    at async l (/Users/vytvytskyi/foryou_partners/backend/node_modules/@prisma/client/runtime/library.js:130:9633)
    at async AuthService.login (/Users/vytvytskyi/foryou_partners/backend/src/auth/auth.service.ts:55:18)
prisma:error 
Invalid `this.prisma.auditLog.create()` invocation in
/Users/vytvytskyi/foryou_partners/backend/src/audit/audit-log.interceptor.ts:45:35

  42 const action = `${method}:${routePath}`;
  43 const entityId = typeof req?.params?.id === 'string' ? req.params.id : null;
  44 
→ 45 void this.prisma.auditLog.create(
The table `public.audit_logs` does not exist in the current database.
[2J[3J[H[[90m10:29:24 AM[0m] File change detected. Starting incremental compilation...

[[90m10:29:24 AM[0m] Found 0 errors. Watching for file changes.

[32m[Nest] 88489  - [39m06/03/2026, 10:29:26 AM [32m    LOG[39m [38;5;3m[NestFactory] [39m[32mStarting Nest application...[39m
[32m[Nest] 88489  - [39m06/03/2026, 10:29:26 AM [32m    LOG[39m [38;5;3m[InstanceLoader] [39m[32mAppModule dependencies initialized[39m[38;5;3m +12ms[39m
[32m[Nest] 88489  - [39m06/03/2026, 10:29:26 AM [32m    LOG[39m [38;5;3m[InstanceLoader] [39m[32mConfigModule dependencies initialized[39m[38;5;3m +1ms[39m
[32m[Nest] 88489  - [39m06/03/2026, 10:29:26 AM [32m    LOG[39m [38;5;3m[InstanceLoader] [39m[32mDatabaseModule dependencies initialized[39m[38;5;3m +2ms[39m
[32m[Nest] 88489  - [39m06/03/2026, 10:29:26 AM [32m    LOG[39m [38;5;3m[InstanceLoader] [39m[32mPassportModule dependencies initialized[39m[38;5;3m +0ms[39m
[32m[Nest] 88489  - [39m06/03/2026, 10:29:26 AM [32m    LOG[39m [38;5;3m[InstanceLoader] [39m[32mThrottlerModule dependencies initialized[39m[38;5;3m +2ms[39m
[32m[Nest] 88489  - [39m06/03/2026, 10:29:26 AM [32m    LOG[39m [38;5;3m[InstanceLoader] [39m[32mJwtModule dependencies initialized[39m[38;5;3m +0ms[39m
[32m[Nest] 88489  - [39m06/03/2026, 10:29:26 AM [32m    LOG[39m [38;5;3m[InstanceLoader] [39m[32mConfigHostModule dependencies initialized[39m[38;5;3m +0ms[39m
[32m[Nest] 88489  - [39m06/03/2026, 10:29:26 AM [32m    LOG[39m [38;5;3m[InstanceLoader] [39m[32mAuditModule dependencies initialized[39m[38;5;3m +0ms[39m
[32m[Nest] 88489  - [39m06/03/2026, 10:29:26 AM [32m    LOG[39m [38;5;3m[InstanceLoader] [39m[32mDiscoveryModule dependencies initialized[39m[38;5;3m +1ms[39m
[32m[Nest] 88489  - [39m06/03/2026, 10:29:26 AM [32m    LOG[39m [38;5;3m[InstanceLoader] [39m[32mTerminusModule dependencies initialized[39m[38;5;3m +0ms[39m
[32m[Nest] 88489  - [39m06/03/2026, 10:29:26 AM [32m    LOG[39m [38;5;3m[InstanceLoader] [39m[32mConfigModule dependencies initialized[39m[38;5;3m +0ms[39m
[32m[Nest] 88489  - [39m06/03/2026, 10:29:26 AM [32m    LOG[39m [38;5;3m[InstanceLoader] [39m[32mScheduleModule dependencies initialized[39m[38;5;3m +1ms[39m
[32m[Nest] 88489  - [39m06/03/2026, 10:29:26 AM [32m    LOG[39m [38;5;3m[InstanceLoader] [39m[32mRedisModule dependencies initialized[39m[38;5;3m +0ms[39m
[32m[Nest] 88489  - [39m06/03/2026, 10:29:26 AM [32m    LOG[39m [38;5;3m[InstanceLoader] [39m[32mEmailModule dependencies initialized[39m[38;5;3m +0ms[39m
[32m[Nest] 88489  - [39m06/03/2026, 10:29:26 AM [32m    LOG[39m [38;5;3m[InstanceLoader] [39m[32mProfileModule dependencies initialized[39m[38;5;3m +0ms[39m
[32m[Nest] 88489  - [39m06/03/2026, 10:29:26 AM [32m    LOG[39m [38;5;3m[InstanceLoader] [39m[32mAnalyticsModule dependencies initialized[39m[38;5;3m +0ms[39m
[32m[Nest] 88489  - [39m06/03/2026, 10:29:26 AM [32m    LOG[39m [38;5;3m[InstanceLoader] [39m[32mPayoutsModule dependencies initialized[39m[38;5;3m +0ms[39m
[32m[Nest] 88489  - [39m06/03/2026, 10:29:26 AM [32m    LOG[39m [38;5;3m[InstanceLoader] [39m[32mReferralsModule dependencies initialized[39m[38;5;3m +0ms[39m
[32m[Nest] 88489  - [39m06/03/2026, 10:29:26 AM [32m    LOG[39m [38;5;3m[InstanceLoader] [39m[32mAuthModule dependencies initialized[39m[38;5;3m +0ms[39m
[32m[Nest] 88489  - [39m06/03/2026, 10:29:26 AM [32m    LOG[39m [38;5;3m[InstanceLoader] [39m[32mHealthModule dependencies initialized[39m[38;5;3m +0ms[39m
[32m[Nest] 88489  - [39m06/03/2026, 10:29:26 AM [32m    LOG[39m [38;5;3m[InstanceLoader] [39m[32mWebhookModule dependencies initialized[39m[38;5;3m +0ms[39m
[32m[Nest] 88489  - [39m06/03/2026, 10:29:26 AM [32m    LOG[39m [38;5;3m[InstanceLoader] [39m[32mAmoModule dependencies initialized[39m[38;5;3m +0ms[39m
[32m[Nest] 88489  - [39m06/03/2026, 10:29:26 AM [32m    LOG[39m [38;5;3m[InstanceLoader] [39m[32mAdminModule dependencies initialized[39m[38;5;3m +1ms[39m
[32m[Nest] 88489  - [39m06/03/2026, 10:29:26 AM [32m    LOG[39m [38;5;3m[InstanceLoader] [39m[32mLeadsModule dependencies initialized[39m[38;5;3m +0ms[39m
[32m[Nest] 88489  - [39m06/03/2026, 10:29:26 AM [32m    LOG[39m [38;5;3m[RoutesResolver] [39m[32mHealthController {/api/v1/health}:[39m[38;5;3m +2ms[39m
[32m[Nest] 88489  - [39m06/03/2026, 10:29:26 AM [32m    LOG[39m [38;5;3m[RouterExplorer] [39m[32mMapped {/api/v1/health, GET} route[39m[38;5;3m +1ms[39m
[32m[Nest] 88489  - [39m06/03/2026, 10:29:26 AM [32m    LOG[39m [38;5;3m[RoutesResolver] [39m[32mAuthController {/api/v1/auth}:[39m[38;5;3m +0ms[39m
[32m[Nest] 88489  - [39m06/03/2026, 10:29:26 AM [32m    LOG[39m [38;5;3m[RouterExplorer] [39m[32mMapped {/api/v1/auth/login, POST} route[39m[38;5;3m +1ms[39m
[32m[Nest] 88489  - [39m06/03/2026, 10:29:26 AM [32m    LOG[39m [38;5;3m[RouterExplorer] [39m[32mMapped {/api/v1/auth/register, POST} route[39m[38;5;3m +0ms[39m
[32m[Nest] 88489  - [39m06/03/2026, 10:29:26 AM [32m    LOG[39m [38;5;3m[RouterExplorer] [39m[32mMapped {/api/v1/auth/refresh, POST} route[39m[38;5;3m +0ms[39m
[32m[Nest] 88489  - [39m06/03/2026, 10:29:26 AM [32m    LOG[39m [38;5;3m[RouterExplorer] [39m[32mMapped {/api/v1/auth/logout, POST} route[39m[38;5;3m +0ms[39m
[32m[Nest] 88489  - [39m06/03/2026, 10:29:26 AM [32m    LOG[39m [38;5;3m[RouterExplorer] [39m[32mMapped {/api/v1/auth/password/forgot, POST} route[39m[38;5;3m +0ms[39m
[32m[Nest] 88489  - [39m06/03/2026, 10:29:26 AM [32m    LOG[39m [38;5;3m[RouterExplorer] [39m[32mMapped {/api/v1/auth/password/reset, POST} route[39m[38;5;3m +0ms[39m
[32m[Nest] 88489  - [39m06/03/2026, 10:29:26 AM [32m    LOG[39m [38;5;3m[RoutesResolver] [39m[32mLeadsController {/api/v1/leads}:[39m[38;5;3m +0ms[39m
[32m[Nest] 88489  - [39m06/03/2026, 10:29:26 AM [32m    LOG[39m [38;5;3m[RouterExplorer] [39m[32mMapped {/api/v1/leads, GET} route[39m[38;5;3m +0ms[39m
[32m[Nest] 88489  - [39m06/03/2026, 10:29:26 AM [32m    LOG[39m [38;5;3m[RouterExplorer] [39m[32mMapped {/api/v1/leads, POST} route[39m[38;5;3m +0ms[39m
[32m[Nest] 88489  - [39m06/03/2026, 10:29:26 AM [32m    LOG[39m [38;5;3m[RouterExplorer] [39m[32mMapped {/api/v1/leads/board, GET} route[39m[38;5;3m +1ms[39m
[32m[Nest] 88489  - [39m06/03/2026, 10:29:26 AM [32m    LOG[39m [38;5;3m[RouterExplorer] [39m[32mMapped {/api/v1/leads/:id, GET} route[39m[38;5;3m +0ms[39m
[32m[Nest] 88489  - [39m06/03/2026, 10:29:26 AM [32m    LOG[39m [38;5;3m[RouterExplorer] [39m[32mMapped {/api/v1/leads/:id/history, GET} route[39m[38;5;3m +0ms[39m
[32m[Nest] 88489  - [39m06/03/2026, 10:29:26 AM [32m    LOG[39m [38;5;3m[RouterExplorer] [39m[32mMapped {/api/v1/leads/:id/notes, GET} route[39m[38;5;3m +0ms[39m
[32m[Nest] 88489  - [39m06/03/2026, 10:29:26 AM [32m    LOG[39m [38;5;3m[RouterExplorer] [39m[32mMapped {/api/v1/leads/:id/notes, POST} route[39m[38;5;3m +0ms[39m
[32m[Nest] 88489  - [39m06/03/2026, 10:29:26 AM [32m    LOG[39m [38;5;3m[RoutesResolver] [39m[32mAmoController {/api/v1/amo-crm}:[39m[38;5;3m +0ms[39m
[32m[Nest] 88489  - [39m06/03/2026, 10:29:26 AM [32m    LOG[39m [38;5;3m[RouterExplorer] [39m[32mMapped {/api/v1/amo-crm/connect, GET} route[39m[38;5;3m +0ms[39m
[32m[Nest] 88489  - [39m06/03/2026, 10:29:26 AM [32m    LOG[39m [38;5;3m[RouterExplorer] [39m[32mMapped {/api/v1/amo-crm/callback, GET} route[39m[38;5;3m +0ms[39m
[32m[Nest] 88489  - [39m06/03/2026, 10:29:26 AM [32m    LOG[39m [38;5;3m[RouterExplorer] [39m[32mMapped {/api/v1/amo-crm/backfill, POST} route[39m[38;5;3m +0ms[39m
[32m[Nest] 88489  - [39m06/03/2026, 10:29:26 AM [32m    LOG[39m [38;5;3m[RouterExplorer] [39m[32mMapped {/api/v1/amo-crm/backfill-history, POST} route[39m[38;5;3m +0ms[39m
[32m[Nest] 88489  - [39m06/03/2026, 10:29:26 AM [32m    LOG[39m [38;5;3m[RouterExplorer] [39m[32mMapped {/api/v1/amo-crm/sources, GET} route[39m[38;5;3m +0ms[39m
[32m[Nest] 88489  - [39m06/03/2026, 10:29:26 AM [32m    LOG[39m [38;5;3m[RouterExplorer] [39m[32mMapped {/api/v1/amo-crm/tags, GET} route[39m[38;5;3m +0ms[39m
[32m[Nest] 88489  - [39m06/03/2026, 10:29:26 AM [32m    LOG[39m [38;5;3m[RoutesResolver] [39m[32mAdminController {/api/v1/admin/partners}:[39m[38;5;3m +0ms[39m
[32m[Nest] 88489  - [39m06/03/2026, 10:29:26 AM [32m    LOG[39m [38;5;3m[RouterExplorer] [39m[32mMapped {/api/v1/admin/partners, GET} route[39m[38;5;3m +0ms[39m
[32m[Nest] 88489  - [39m06/03/2026, 10:29:26 AM [32m    LOG[39m [38;5;3m[RouterExplorer] [39m[32mMapped {/api/v1/admin/partners, POST} route[39m[38;5;3m +0ms[39m
[32m[Nest] 88489  - [39m06/03/2026, 10:29:26 AM [32m    LOG[39m [38;5;3m[RouterExplorer] [39m[32mMapped {/api/v1/admin/partners/:id, PUT} route[39m[38;5;3m +0ms[39m
[32m[Nest] 88489  - [39m06/03/2026, 10:29:26 AM [32m    LOG[39m [38;5;3m[RouterExplorer] [39m[32mMapped {/api/v1/admin/partners/:id, DELETE} route[39m[38;5;3m +0ms[39m
[32m[Nest] 88489  - [39m06/03/2026, 10:29:26 AM [32m    LOG[39m [38;5;3m[RouterExplorer] [39m[32mMapped {/api/v1/admin/partners/sync, POST} route[39m[38;5;3m +0ms[39m
[32m[Nest] 88489  - [39m06/03/2026, 10:29:26 AM [32m    LOG[39m [38;5;3m[RoutesResolver] [39m[32mWebhookController {/api/v1/webhook}:[39m[38;5;3m +0ms[39m
[32m[Nest] 88489  - [39m06/03/2026, 10:29:26 AM [32m    LOG[39m [38;5;3m[RouterExplorer] [39m[32mMapped {/api/v1/webhook/amocrm, POST} route[39m[38;5;3m +0ms[39m
[32m[Nest] 88489  - [39m06/03/2026, 10:29:26 AM [32m    LOG[39m [38;5;3m[RoutesResolver] [39m[32mProfileController {/api/v1/profile}:[39m[38;5;3m +0ms[39m
[32m[Nest] 88489  - [39m06/03/2026, 10:29:26 AM [32m    LOG[39m [38;5;3m[RouterExplorer] [39m[32mMapped {/api/v1/profile, GET} route[39m[38;5;3m +1ms[39m
[32m[Nest] 88489  - [39m06/03/2026, 10:29:26 AM [32m    LOG[39m [38;5;3m[RouterExplorer] [39m[32mMapped {/api/v1/profile/notifications, PUT} route[39m[38;5;3m +0ms[39m
[32m[Nest] 88489  - [39m06/03/2026, 10:29:26 AM [32m    LOG[39m [38;5;3m[RouterExplorer] [39m[32mMapped {/api/v1/profile/password, PUT} route[39m[38;5;3m +0ms[39m
[32m[Nest] 88489  - [39m06/03/2026, 10:29:26 AM [32m    LOG[39m [38;5;3m[RoutesResolver] [39m[32mAnalyticsController {/api/v1/analytics}:[39m[38;5;3m +0ms[39m
[32m[Nest] 88489  - [39m06/03/2026, 10:29:26 AM [32m    LOG[39m [38;5;3m[RouterExplorer] [39m[32mMapped {/api/v1/analytics/dashboard, GET} route[39m[38;5;3m +0ms[39m
[32m[Nest] 88489  - [39m06/03/2026, 10:29:26 AM [32m    LOG[39m [38;5;3m[RoutesResolver] [39m[32mPayoutsController {/api/v1/payouts}:[39m[38;5;3m +0ms[39m
[32m[Nest] 88489  - [39m06/03/2026, 10:29:26 AM [32m    LOG[39m [38;5;3m[RouterExplorer] [39m[32mMapped {/api/v1/payouts, GET} route[39m[38;5;3m +0ms[39m
[32m[Nest] 88489  - [39m06/03/2026, 10:29:26 AM [32m    LOG[39m [38;5;3m[RoutesResolver] [39m[32mReferralsController {/api/v1/referrals}:[39m[38;5;3m +0ms[39m
[32m[Nest] 88489  - [39m06/03/2026, 10:29:26 AM [32m    LOG[39m [38;5;3m[RouterExplorer] [39m[32mMapped {/api/v1/referrals, GET} route[39m[38;5;3m +0ms[39m
[32m[Nest] 88489  - [39m06/03/2026, 10:29:26 AM [32m    LOG[39m [38;5;3m[PrismaService] [39m[32mDatabase connected[39m
[32m[Nest] 88489  - [39m06/03/2026, 10:29:26 AM [32m    LOG[39m [38;5;3m[NestApplication] [39m[32mNest application successfully started[39m[38;5;3m +9ms[39m
Backend running on http://localhost:3001/api/v1
[32m[Nest] 88489  - [39m06/03/2026, 10:30:00 AM [32m    LOG[39m [38;5;3m[AmoSyncService] [39m[32mStarting scheduled 30-minute amoCRM sync...[39m
[32m[Nest] 88489  - [39m06/03/2026, 10:30:10 AM [32m    LOG[39m [38;5;3m[AmoService] [39m[32mBackfill page 1: fetched=250 upserted=0 skipped=250[39m
[32m[Nest] 88489  - [39m06/03/2026, 10:30:18 AM [32m    LOG[39m [38;5;3m[AmoService] [39m[32mBackfill page 2: fetched=250 upserted=0 skipped=250[39m
[32m[Nest] 88489  - [39m06/03/2026, 10:30:25 AM [32m    LOG[39m [38;5;3m[AmoService] [39m[32mBackfill page 3: fetched=250 upserted=0 skipped=250[39m
[32m[Nest] 88489  - [39m06/03/2026, 10:30:33 AM [32m    LOG[39m [38;5;3m[AmoService] [39m[32mBackfill page 4: fetched=250 upserted=0 skipped=250[39m
[32m[Nest] 88489  - [39m06/03/2026, 10:30:41 AM [32m    LOG[39m [38;5;3m[AmoService] [39m[32mBackfill page 5: fetched=250 upserted=0 skipped=250[39m
[2026-06-03T08:30:45.759Z] OPTIONS /api/v1/auth/login - Query: {}
[2026-06-03T08:30:45.776Z] POST /api/v1/auth/login - Query: {}
[2026-06-03T08:30:46.648Z] OPTIONS /api/v1/analytics/dashboard?date_from=2026-05-04T08:30:46.595Z&date_to=2026-06-03T08:30:46.595Z - Query: {"date_from":"2026-05-04T08:30:46.595Z","date_to":"2026-06-03T08:30:46.595Z"}
[2026-06-03T08:30:46.649Z] OPTIONS /api/v1/analytics/dashboard?date_from=2026-05-04T08:30:46.596Z&date_to=2026-06-03T08:30:46.596Z - Query: {"date_from":"2026-05-04T08:30:46.596Z","date_to":"2026-06-03T08:30:46.596Z"}
[2026-06-03T08:30:46.650Z] GET /api/v1/analytics/dashboard?date_from=2026-05-04T08:30:46.595Z&date_to=2026-06-03T08:30:46.595Z - Query: {"date_from":"2026-05-04T08:30:46.595Z","date_to":"2026-06-03T08:30:46.595Z"}
[2026-06-03T08:30:46.655Z] GET /api/v1/analytics/dashboard?date_from=2026-05-04T08:30:46.596Z&date_to=2026-06-03T08:30:46.596Z - Query: {"date_from":"2026-05-04T08:30:46.596Z","date_to":"2026-06-03T08:30:46.596Z"}
[32m[Nest] 88489  - [39m06/03/2026, 10:30:48 AM [32m    LOG[39m [38;5;3m[AmoService] [39m[32mBackfill page 6: fetched=250 upserted=0 skipped=250[39m
[32m[Nest] 88489  - [39m06/03/2026, 10:30:55 AM [32m    LOG[39m [38;5;3m[AmoService] [39m[32mBackfill page 7: fetched=250 upserted=0 skipped=250[39m
[32m[Nest] 88489  - [39m06/03/2026, 10:31:02 AM [32m    LOG[39m [38;5;3m[AmoService] [39m[32mBackfill page 8: fetched=250 upserted=0 skipped=250[39m
[2026-06-03T08:31:03.907Z] OPTIONS /api/v1/leads?page=1&page_size=20&sort_dir=desc - Query: {"page":"1","page_size":"20","sort_dir":"desc"}
[2026-06-03T08:31:03.910Z] GET /api/v1/leads?page=1&page_size=20&sort_dir=desc - Query: {"page":"1","page_size":"20","sort_dir":"desc"}
[2026-06-03T08:31:05.254Z] OPTIONS /api/v1/analytics/dashboard?date_from=2026-05-04T08:31:05.252Z&date_to=2026-06-03T08:31:05.252Z - Query: {"date_from":"2026-05-04T08:31:05.252Z","date_to":"2026-06-03T08:31:05.252Z"}
[2026-06-03T08:31:05.256Z] GET /api/v1/analytics/dashboard?date_from=2026-05-04T08:31:05.252Z&date_to=2026-06-03T08:31:05.252Z - Query: {"date_from":"2026-05-04T08:31:05.252Z","date_to":"2026-06-03T08:31:05.252Z"}
[2026-06-03T08:31:05.260Z] OPTIONS /api/v1/analytics/dashboard?date_from=2026-05-04T08:31:05.252Z&date_to=2026-06-03T08:31:05.252Z - Query: {"date_from":"2026-05-04T08:31:05.252Z","date_to":"2026-06-03T08:31:05.252Z"}
[2026-06-03T08:31:05.300Z] GET /api/v1/analytics/dashboard?date_from=2026-05-04T08:31:05.252Z&date_to=2026-06-03T08:31:05.252Z - Query: {"date_from":"2026-05-04T08:31:05.252Z","date_to":"2026-06-03T08:31:05.252Z"}
[32m[Nest] 88489  - [39m06/03/2026, 10:31:09 AM [32m    LOG[39m [38;5;3m[AmoService] [39m[32mBackfill page 9: fetched=250 upserted=0 skipped=250[39m
[32m[Nest] 88489  - [39m06/03/2026, 10:31:18 AM [32m    LOG[39m [38;5;3m[AmoService] [39m[32mBackfill page 10: fetched=250 upserted=0 skipped=250[39m
[32m[Nest] 88489  - [39m06/03/2026, 10:31:24 AM [32m    LOG[39m [38;5;3m[AmoService] [39m[32mBackfill page 11: fetched=250 upserted=0 skipped=250[39m
[32m[Nest] 88489  - [39m06/03/2026, 10:31:30 AM [32m    LOG[39m [38;5;3m[AmoService] [39m[32mBackfill page 12: fetched=250 upserted=0 skipped=250[39m
[32m[Nest] 88489  - [39m06/03/2026, 10:31:37 AM [32m    LOG[39m [38;5;3m[AmoService] [39m[32mBackfill page 13: fetched=250 upserted=0 skipped=250[39m
[32m[Nest] 88489  - [39m06/03/2026, 10:31:46 AM [32m    LOG[39m [38;5;3m[AmoService] [39m[32mBackfill page 14: fetched=250 upserted=0 skipped=250[39m
[32m[Nest] 88489  - [39m06/03/2026, 10:31:56 AM [32m    LOG[39m [38;5;3m[AmoService] [39m[32mBackfill page 15: fetched=250 upserted=0 skipped=250[39m
[32m[Nest] 88489  - [39m06/03/2026, 10:32:03 AM [32m    LOG[39m [38;5;3m[AmoService] [39m[32mBackfill page 16: fetched=250 upserted=0 skipped=250[39m
[32m[Nest] 88489  - [39m06/03/2026, 10:32:12 AM [32m    LOG[39m [38;5;3m[AmoService] [39m[32mBackfill page 17: fetched=250 upserted=0 skipped=250[39m
[32m[Nest] 88489  - [39m06/03/2026, 10:32:20 AM [32m    LOG[39m [38;5;3m[AmoService] [39m[32mBackfill page 18: fetched=250 upserted=0 skipped=250[39m
[32m[Nest] 88489  - [39m06/03/2026, 10:32:28 AM [32m    LOG[39m [38;5;3m[AmoService] [39m[32mBackfill page 19: fetched=250 upserted=0 skipped=250[39m
[32m[Nest] 88489  - [39m06/03/2026, 10:32:35 AM [32m    LOG[39m [38;5;3m[AmoService] [39m[32mBackfill page 20: fetched=250 upserted=0 skipped=250[39m
[32m[Nest] 88489  - [39m06/03/2026, 10:32:41 AM [32m    LOG[39m [38;5;3m[AmoService] [39m[32mBackfill page 21: fetched=250 upserted=0 skipped=250[39m
[32m[Nest] 88489  - [39m06/03/2026, 10:32:48 AM [32m    LOG[39m [38;5;3m[AmoService] [39m[32mBackfill page 22: fetched=250 upserted=0 skipped=250[39m
[32m[Nest] 88489  - [39m06/03/2026, 10:32:55 AM [32m    LOG[39m [38;5;3m[AmoService] [39m[32mBackfill page 23: fetched=250 upserted=0 skipped=250[39m
[32m[Nest] 88489  - [39m06/03/2026, 10:33:03 AM [32m    LOG[39m [38;5;3m[AmoService] [39m[32mBackfill page 24: fetched=250 upserted=0 skipped=250[39m
[32m[Nest] 88489  - [39m06/03/2026, 10:33:10 AM [32m    LOG[39m [38;5;3m[AmoService] [39m[32mBackfill page 25: fetched=250 upserted=0 skipped=250[39m
[32m[Nest] 88489  - [39m06/03/2026, 10:33:18 AM [32m    LOG[39m [38;5;3m[AmoService] [39m[32mBackfill page 26: fetched=250 upserted=0 skipped=250[39m
[32m[Nest] 88489  - [39m06/03/2026, 10:33:27 AM [32m    LOG[39m [38;5;3m[AmoService] [39m[32mBackfill page 27: fetched=250 upserted=0 skipped=250[39m
[32m[Nest] 88489  - [39m06/03/2026, 10:33:35 AM [32m    LOG[39m [38;5;3m[AmoService] [39m[32mBackfill page 28: fetched=250 upserted=0 skipped=250[39m
[2026-06-03T08:33:38.135Z] OPTIONS /api/v1/leads - Query: {}
[2026-06-03T08:33:38.139Z] POST /api/v1/leads - Query: {}
[31m[Nest] 88489  - [39m06/03/2026, 10:33:38 AM [31m  ERROR[39m [38;5;3m[AmoService] [39m[31mFailed to create lead in amoCRM: 400 {"validation-errors":[{"request_id":"0","errors":[{"code":"36b4f074-7403-11ea-af30-00163e2085ae","path":"custom_fields_values.0","detail":"You should use \"field_id\" or \"field_code\" to identify custom field."}]}],"title":"Bad Request","type":"https://httpstatus.es/400","status":400,"detail":"Request validation failed"}[39m
[31m[Nest] 88489  - [39m06/03/2026, 10:33:38 AM [31m  ERROR[39m [38;5;3m[LeadsService] [39m[31mFailed to create lead via AmoService: Failed to create lead in amoCRM: Bad Request[39m
[32m[Nest] 88489  - [39m06/03/2026, 10:33:42 AM [32m    LOG[39m [38;5;3m[AmoService] [39m[32mBackfill page 29: fetched=250 upserted=0 skipped=250[39m
[2026-06-03T08:33:43.773Z] OPTIONS /api/v1/leads - Query: {}
[2026-06-03T08:33:43.779Z] POST /api/v1/leads - Query: {}
[31m[Nest] 88489  - [39m06/03/2026, 10:33:44 AM [31m  ERROR[39m [38;5;3m[AmoService] [39m[31mFailed to create lead in amoCRM: 400 {"validation-errors":[{"request_id":"0","errors":[{"code":"36b4f074-7403-11ea-af30-00163e2085ae","path":"custom_fields_values.0","detail":"You should use \"field_id\" or \"field_code\" to identify custom field."}]}],"title":"Bad Request","type":"https://httpstatus.es/400","status":400,"detail":"Request validation failed"}[39m
[31m[Nest] 88489  - [39m06/03/2026, 10:33:44 AM [31m  ERROR[39m [38;5;3m[LeadsService] [39m[31mFailed to create lead via AmoService: Failed to create lead in amoCRM: Bad Request[39m
[32m[Nest] 88489  - [39m06/03/2026, 10:33:49 AM [32m    LOG[39m [38;5;3m[AmoService] [39m[32mBackfill page 30: fetched=250 upserted=0 skipped=250[39m
[32m[Nest] 88489  - [39m06/03/2026, 10:33:55 AM [32m    LOG[39m [38;5;3m[AmoService] [39m[32mBackfill page 31: fetched=250 upserted=0 skipped=250[39m
[32m[Nest] 88489  - [39m06/03/2026, 10:34:05 AM [32m    LOG[39m [38;5;3m[AmoService] [39m[32mBackfill page 32: fetched=250 upserted=0 skipped=250[39m
[32m[Nest] 88489  - [39m06/03/2026, 10:34:13 AM [32m    LOG[39m [38;5;3m[AmoService] [39m[32mBackfill page 33: fetched=250 upserted=0 skipped=250[39m
[32m[Nest] 88489  - [39m06/03/2026, 10:34:20 AM [32m    LOG[39m [38;5;3m[AmoService] [39m[32mBackfill page 34: fetched=250 upserted=0 skipped=250[39m
[32m[Nest] 88489  - [39m06/03/2026, 10:34:26 AM [32m    LOG[39m [38;5;3m[AmoService] [39m[32mBackfill page 35: fetched=250 upserted=0 skipped=250[39m
[32m[Nest] 88489  - [39m06/03/2026, 10:34:32 AM [32m    LOG[39m [38;5;3m[AmoService] [39m[32mBackfill page 36: fetched=250 upserted=0 skipped=250[39m
[32m[Nest] 88489  - [39m06/03/2026, 10:34:39 AM [32m    LOG[39m [38;5;3m[AmoService] [39m[32mBackfill page 37: fetched=250 upserted=0 skipped=250[39m
[32m[Nest] 88489  - [39m06/03/2026, 10:34:45 AM [32m    LOG[39m [38;5;3m[AmoService] [39m[32mBackfill page 38: fetched=250 upserted=0 skipped=250[39m
[32m[Nest] 88489  - [39m06/03/2026, 10:34:51 AM [32m    LOG[39m [38;5;3m[AmoService] [39m[32mBackfill page 39: fetched=250 upserted=0 skipped=250[39m
[32m[Nest] 88489  - [39m06/03/2026, 10:34:56 AM [32m    LOG[39m [38;5;3m[AmoService] [39m[32mBackfill page 40: fetched=250 upserted=0 skipped=250[39m
[32m[Nest] 88489  - [39m06/03/2026, 10:35:04 AM [32m    LOG[39m [38;5;3m[AmoService] [39m[32mBackfill page 41: fetched=250 upserted=0 skipped=250[39m
[32m[Nest] 88489  - [39m06/03/2026, 10:35:11 AM [32m    LOG[39m [38;5;3m[AmoService] [39m[32mBackfill page 42: fetched=250 upserted=0 skipped=250[39m
[32m[Nest] 88489  - [39m06/03/2026, 10:35:19 AM [32m    LOG[39m [38;5;3m[AmoService] [39m[32mBackfill page 43: fetched=250 upserted=0 skipped=250[39m
[2026-06-03T08:35:21.066Z] OPTIONS /api/v1/analytics/dashboard?date_from=2026-05-04T08:35:21.032Z&date_to=2026-06-03T08:35:21.033Z - Query: {"date_from":"2026-05-04T08:35:21.032Z","date_to":"2026-06-03T08:35:21.033Z"}
[2026-06-03T08:35:21.068Z] GET /api/v1/analytics/dashboard?date_from=2026-05-04T08:35:21.032Z&date_to=2026-06-03T08:35:21.033Z - Query: {"date_from":"2026-05-04T08:35:21.032Z","date_to":"2026-06-03T08:35:21.033Z"}
[2026-06-03T08:35:21.072Z] OPTIONS /api/v1/analytics/dashboard?date_from=2026-05-04T08:35:21.034Z&date_to=2026-06-03T08:35:21.034Z - Query: {"date_from":"2026-05-04T08:35:21.034Z","date_to":"2026-06-03T08:35:21.034Z"}
[2026-06-03T08:35:21.073Z] GET /api/v1/analytics/dashboard?date_from=2026-05-04T08:35:21.034Z&date_to=2026-06-03T08:35:21.034Z - Query: {"date_from":"2026-05-04T08:35:21.034Z","date_to":"2026-06-03T08:35:21.034Z"}
[2026-06-03T08:35:22.148Z] OPTIONS /api/v1/leads?page=1&page_size=20&sort_dir=desc - Query: {"page":"1","page_size":"20","sort_dir":"desc"}
[2026-06-03T08:35:22.151Z] GET /api/v1/leads?page=1&page_size=20&sort_dir=desc - Query: {"page":"1","page_size":"20","sort_dir":"desc"}
[2026-06-03T08:35:23.300Z] OPTIONS /api/v1/analytics/dashboard?date_from=2026-05-04T08:35:23.297Z&date_to=2026-06-03T08:35:23.297Z - Query: {"date_from":"2026-05-04T08:35:23.297Z","date_to":"2026-06-03T08:35:23.297Z"}
[2026-06-03T08:35:23.301Z] OPTIONS /api/v1/analytics/dashboard?date_from=2026-05-04T08:35:23.297Z&date_to=2026-06-03T08:35:23.297Z - Query: {"date_from":"2026-05-04T08:35:23.297Z","date_to":"2026-06-03T08:35:23.297Z"}
[2026-06-03T08:35:23.302Z] GET /api/v1/analytics/dashboard?date_from=2026-05-04T08:35:23.297Z&date_to=2026-06-03T08:35:23.297Z - Query: {"date_from":"2026-05-04T08:35:23.297Z","date_to":"2026-06-03T08:35:23.297Z"}
[2026-06-03T08:35:23.336Z] GET /api/v1/analytics/dashboard?date_from=2026-05-04T08:35:23.297Z&date_to=2026-06-03T08:35:23.297Z - Query: {"date_from":"2026-05-04T08:35:23.297Z","date_to":"2026-06-03T08:35:23.297Z"}
[32m[Nest] 88489  - [39m06/03/2026, 10:35:27 AM [32m    LOG[39m [38;5;3m[AmoService] [39m[32mBackfill page 44: fetched=250 upserted=0 skipped=250[39m
[32m[Nest] 88489  - [39m06/03/2026, 10:35:35 AM [32m    LOG[39m [38;5;3m[AmoService] [39m[32mBackfill page 45: fetched=250 upserted=0 skipped=250[39m
[2J[3J[H[[90m10:35:41 AM[0m] File change detected. Starting incremental compilation...

[[90m10:35:42 AM[0m] Found 0 errors. Watching for file changes.

[32m[Nest] 88867  - [39m06/03/2026, 10:35:44 AM [32m    LOG[39m [38;5;3m[NestFactory] [39m[32mStarting Nest application...[39m
[32m[Nest] 88867  - [39m06/03/2026, 10:35:44 AM [32m    LOG[39m [38;5;3m[InstanceLoader] [39m[32mAppModule dependencies initialized[39m[38;5;3m +11ms[39m
[32m[Nest] 88867  - [39m06/03/2026, 10:35:44 AM [32m    LOG[39m [38;5;3m[InstanceLoader] [39m[32mConfigModule dependencies initialized[39m[38;5;3m +0ms[39m
[32m[Nest] 88867  - [39m06/03/2026, 10:35:44 AM [32m    LOG[39m [38;5;3m[InstanceLoader] [39m[32mDatabaseModule dependencies initialized[39m[38;5;3m +12ms[39m
[32m[Nest] 88867  - [39m06/03/2026, 10:35:44 AM [32m    LOG[39m [38;5;3m[InstanceLoader] [39m[32mPassportModule dependencies initialized[39m[38;5;3m +0ms[39m
[32m[Nest] 88867  - [39m06/03/2026, 10:35:44 AM [32m    LOG[39m [38;5;3m[InstanceLoader] [39m[32mThrottlerModule dependencies initialized[39m[38;5;3m +1ms[39m
[32m[Nest] 88867  - [39m06/03/2026, 10:35:44 AM [32m    LOG[39m [38;5;3m[InstanceLoader] [39m[32mJwtModule dependencies initialized[39m[38;5;3m +0ms[39m
[32m[Nest] 88867  - [39m06/03/2026, 10:35:44 AM [32m    LOG[39m [38;5;3m[InstanceLoader] [39m[32mConfigHostModule dependencies initialized[39m[38;5;3m +1ms[39m
[32m[Nest] 88867  - [39m06/03/2026, 10:35:44 AM [32m    LOG[39m [38;5;3m[InstanceLoader] [39m[32mAuditModule dependencies initialized[39m[38;5;3m +0ms[39m
[32m[Nest] 88867  - [39m06/03/2026, 10:35:44 AM [32m    LOG[39m [38;5;3m[InstanceLoader] [39m[32mDiscoveryModule dependencies initialized[39m[38;5;3m +0ms[39m
[32m[Nest] 88867  - [39m06/03/2026, 10:35:44 AM [32m    LOG[39m [38;5;3m[InstanceLoader] [39m[32mTerminusModule dependencies initialized[39m[38;5;3m +0ms[39m
[32m[Nest] 88867  - [39m06/03/2026, 10:35:44 AM [32m    LOG[39m [38;5;3m[InstanceLoader] [39m[32mConfigModule dependencies initialized[39m[38;5;3m +0ms[39m
[32m[Nest] 88867  - [39m06/03/2026, 10:35:44 AM [32m    LOG[39m [38;5;3m[InstanceLoader] [39m[32mScheduleModule dependencies initialized[39m[38;5;3m +1ms[39m
[32m[Nest] 88867  - [39m06/03/2026, 10:35:44 AM [32m    LOG[39m [38;5;3m[InstanceLoader] [39m[32mRedisModule dependencies initialized[39m[38;5;3m +1ms[39m
[32m[Nest] 88867  - [39m06/03/2026, 10:35:44 AM [32m    LOG[39m [38;5;3m[InstanceLoader] [39m[32mEmailModule dependencies initialized[39m[38;5;3m +0ms[39m
[32m[Nest] 88867  - [39m06/03/2026, 10:35:44 AM [32m    LOG[39m [38;5;3m[InstanceLoader] [39m[32mProfileModule dependencies initialized[39m[38;5;3m +0ms[39m
[32m[Nest] 88867  - [39m06/03/2026, 10:35:44 AM [32m    LOG[39m [38;5;3m[InstanceLoader] [39m[32mAnalyticsModule dependencies initialized[39m[38;5;3m +0ms[39m
[32m[Nest] 88867  - [39m06/03/2026, 10:35:44 AM [32m    LOG[39m [38;5;3m[InstanceLoader] [39m[32mPayoutsModule dependencies initialized[39m[38;5;3m +0ms[39m
[32m[Nest] 88867  - [39m06/03/2026, 10:35:44 AM [32m    LOG[39m [38;5;3m[InstanceLoader] [39m[32mReferralsModule dependencies initialized[39m[38;5;3m +0ms[39m
[32m[Nest] 88867  - [39m06/03/2026, 10:35:44 AM [32m    LOG[39m [38;5;3m[InstanceLoader] [39m[32mAuthModule dependencies initialized[39m[38;5;3m +0ms[39m
[32m[Nest] 88867  - [39m06/03/2026, 10:35:44 AM [32m    LOG[39m [38;5;3m[InstanceLoader] [39m[32mHealthModule dependencies initialized[39m[38;5;3m +0ms[39m
[32m[Nest] 88867  - [39m06/03/2026, 10:35:44 AM [32m    LOG[39m [38;5;3m[InstanceLoader] [39m[32mWebhookModule dependencies initialized[39m[38;5;3m +0ms[39m
[32m[Nest] 88867  - [39m06/03/2026, 10:35:44 AM [32m    LOG[39m [38;5;3m[InstanceLoader] [39m[32mAmoModule dependencies initialized[39m[38;5;3m +1ms[39m
[32m[Nest] 88867  - [39m06/03/2026, 10:35:44 AM [32m    LOG[39m [38;5;3m[InstanceLoader] [39m[32mAdminModule dependencies initialized[39m[38;5;3m +0ms[39m
[32m[Nest] 88867  - [39m06/03/2026, 10:35:44 AM [32m    LOG[39m [38;5;3m[InstanceLoader] [39m[32mLeadsModule dependencies initialized[39m[38;5;3m +0ms[39m
[32m[Nest] 88867  - [39m06/03/2026, 10:35:44 AM [32m    LOG[39m [38;5;3m[RoutesResolver] [39m[32mHealthController {/api/v1/health}:[39m[38;5;3m +3ms[39m
[32m[Nest] 88867  - [39m06/03/2026, 10:35:44 AM [32m    LOG[39m [38;5;3m[RouterExplorer] [39m[32mMapped {/api/v1/health, GET} route[39m[38;5;3m +2ms[39m
[32m[Nest] 88867  - [39m06/03/2026, 10:35:44 AM [32m    LOG[39m [38;5;3m[RoutesResolver] [39m[32mAuthController {/api/v1/auth}:[39m[38;5;3m +0ms[39m
[32m[Nest] 88867  - [39m06/03/2026, 10:35:44 AM [32m    LOG[39m [38;5;3m[RouterExplorer] [39m[32mMapped {/api/v1/auth/login, POST} route[39m[38;5;3m +0ms[39m
[32m[Nest] 88867  - [39m06/03/2026, 10:35:44 AM [32m    LOG[39m [38;5;3m[RouterExplorer] [39m[32mMapped {/api/v1/auth/register, POST} route[39m[38;5;3m +0ms[39m
[32m[Nest] 88867  - [39m06/03/2026, 10:35:44 AM [32m    LOG[39m [38;5;3m[RouterExplorer] [39m[32mMapped {/api/v1/auth/refresh, POST} route[39m[38;5;3m +0ms[39m
[32m[Nest] 88867  - [39m06/03/2026, 10:35:44 AM [32m    LOG[39m [38;5;3m[RouterExplorer] [39m[32mMapped {/api/v1/auth/logout, POST} route[39m[38;5;3m +0ms[39m
[32m[Nest] 88867  - [39m06/03/2026, 10:35:44 AM [32m    LOG[39m [38;5;3m[RouterExplorer] [39m[32mMapped {/api/v1/auth/password/forgot, POST} route[39m[38;5;3m +1ms[39m
[32m[Nest] 88867  - [39m06/03/2026, 10:35:44 AM [32m    LOG[39m [38;5;3m[RouterExplorer] [39m[32mMapped {/api/v1/auth/password/reset, POST} route[39m[38;5;3m +0ms[39m
[32m[Nest] 88867  - [39m06/03/2026, 10:35:44 AM [32m    LOG[39m [38;5;3m[RoutesResolver] [39m[32mLeadsController {/api/v1/leads}:[39m[38;5;3m +0ms[39m
[32m[Nest] 88867  - [39m06/03/2026, 10:35:44 AM [32m    LOG[39m [38;5;3m[RouterExplorer] [39m[32mMapped {/api/v1/leads, GET} route[39m[38;5;3m +0ms[39m
[32m[Nest] 88867  - [39m06/03/2026, 10:35:44 AM [32m    LOG[39m [38;5;3m[RouterExplorer] [39m[32mMapped {/api/v1/leads, POST} route[39m[38;5;3m +0ms[39m
[32m[Nest] 88867  - [39m06/03/2026, 10:35:44 AM [32m    LOG[39m [38;5;3m[RouterExplorer] [39m[32mMapped {/api/v1/leads/board, GET} route[39m[38;5;3m +0ms[39m
[32m[Nest] 88867  - [39m06/03/2026, 10:35:44 AM [32m    LOG[39m [38;5;3m[RouterExplorer] [39m[32mMapped {/api/v1/leads/:id, GET} route[39m[38;5;3m +0ms[39m
[32m[Nest] 88867  - [39m06/03/2026, 10:35:44 AM [32m    LOG[39m [38;5;3m[RouterExplorer] [39m[32mMapped {/api/v1/leads/:id/history, GET} route[39m[38;5;3m +0ms[39m
[32m[Nest] 88867  - [39m06/03/2026, 10:35:44 AM [32m    LOG[39m [38;5;3m[RouterExplorer] [39m[32mMapped {/api/v1/leads/:id/notes, GET} route[39m[38;5;3m +0ms[39m
[32m[Nest] 88867  - [39m06/03/2026, 10:35:44 AM [32m    LOG[39m [38;5;3m[RouterExplorer] [39m[32mMapped {/api/v1/leads/:id/notes, POST} route[39m[38;5;3m +0ms[39m
[32m[Nest] 88867  - [39m06/03/2026, 10:35:44 AM [32m    LOG[39m [38;5;3m[RoutesResolver] [39m[32mAmoController {/api/v1/amo-crm}:[39m[38;5;3m +0ms[39m
[32m[Nest] 88867  - [39m06/03/2026, 10:35:44 AM [32m    LOG[39m [38;5;3m[RouterExplorer] [39m[32mMapped {/api/v1/amo-crm/connect, GET} route[39m[38;5;3m +1ms[39m
[32m[Nest] 88867  - [39m06/03/2026, 10:35:44 AM [32m    LOG[39m [38;5;3m[RouterExplorer] [39m[32mMapped {/api/v1/amo-crm/callback, GET} route[39m[38;5;3m +0ms[39m
[32m[Nest] 88867  - [39m06/03/2026, 10:35:44 AM [32m    LOG[39m [38;5;3m[RouterExplorer] [39m[32mMapped {/api/v1/amo-crm/backfill, POST} route[39m[38;5;3m +0ms[39m
[32m[Nest] 88867  - [39m06/03/2026, 10:35:44 AM [32m    LOG[39m [38;5;3m[RouterExplorer] [39m[32mMapped {/api/v1/amo-crm/backfill-history, POST} route[39m[38;5;3m +0ms[39m
[32m[Nest] 88867  - [39m06/03/2026, 10:35:44 AM [32m    LOG[39m [38;5;3m[RouterExplorer] [39m[32mMapped {/api/v1/amo-crm/sources, GET} route[39m[38;5;3m +0ms[39m
[32m[Nest] 88867  - [39m06/03/2026, 10:35:44 AM [32m    LOG[39m [38;5;3m[RouterExplorer] [39m[32mMapped {/api/v1/amo-crm/tags, GET} route[39m[38;5;3m +0ms[39m
[32m[Nest] 88867  - [39m06/03/2026, 10:35:44 AM [32m    LOG[39m [38;5;3m[RoutesResolver] [39m[32mAdminController {/api/v1/admin/partners}:[39m[38;5;3m +0ms[39m
[32m[Nest] 88867  - [39m06/03/2026, 10:35:44 AM [32m    LOG[39m [38;5;3m[RouterExplorer] [39m[32mMapped {/api/v1/admin/partners, GET} route[39m[38;5;3m +0ms[39m
[32m[Nest] 88867  - [39m06/03/2026, 10:35:44 AM [32m    LOG[39m [38;5;3m[RouterExplorer] [39m[32mMapped {/api/v1/admin/partners, POST} route[39m[38;5;3m +0ms[39m
[32m[Nest] 88867  - [39m06/03/2026, 10:35:44 AM [32m    LOG[39m [38;5;3m[RouterExplorer] [39m[32mMapped {/api/v1/admin/partners/:id, PUT} route[39m[38;5;3m +0ms[39m
[32m[Nest] 88867  - [39m06/03/2026, 10:35:44 AM [32m    LOG[39m [38;5;3m[RouterExplorer] [39m[32mMapped {/api/v1/admin/partners/:id, DELETE} route[39m[38;5;3m +0ms[39m
[32m[Nest] 88867  - [39m06/03/2026, 10:35:44 AM [32m    LOG[39m [38;5;3m[RouterExplorer] [39m[32mMapped {/api/v1/admin/partners/sync, POST} route[39m[38;5;3m +0ms[39m
[32m[Nest] 88867  - [39m06/03/2026, 10:35:44 AM [32m    LOG[39m [38;5;3m[RoutesResolver] [39m[32mWebhookController {/api/v1/webhook}:[39m[38;5;3m +0ms[39m
[32m[Nest] 88867  - [39m06/03/2026, 10:35:44 AM [32m    LOG[39m [38;5;3m[RouterExplorer] [39m[32mMapped {/api/v1/webhook/amocrm, POST} route[39m[38;5;3m +0ms[39m
[32m[Nest] 88867  - [39m06/03/2026, 10:35:44 AM [32m    LOG[39m [38;5;3m[RoutesResolver] [39m[32mProfileController {/api/v1/profile}:[39m[38;5;3m +0ms[39m
[32m[Nest] 88867  - [39m06/03/2026, 10:35:44 AM [32m    LOG[39m [38;5;3m[RouterExplorer] [39m[32mMapped {/api/v1/profile, GET} route[39m[38;5;3m +0ms[39m
[32m[Nest] 88867  - [39m06/03/2026, 10:35:44 AM [32m    LOG[39m [38;5;3m[RouterExplorer] [39m[32mMapped {/api/v1/profile/notifications, PUT} route[39m[38;5;3m +0ms[39m
[32m[Nest] 88867  - [39m06/03/2026, 10:35:44 AM [32m    LOG[39m [38;5;3m[RouterExplorer] [39m[32mMapped {/api/v1/profile/password, PUT} route[39m[38;5;3m +0ms[39m
[32m[Nest] 88867  - [39m06/03/2026, 10:35:44 AM [32m    LOG[39m [38;5;3m[RoutesResolver] [39m[32mAnalyticsController {/api/v1/analytics}:[39m[38;5;3m +0ms[39m
[32m[Nest] 88867  - [39m06/03/2026, 10:35:44 AM [32m    LOG[39m [38;5;3m[RouterExplorer] [39m[32mMapped {/api/v1/analytics/dashboard, GET} route[39m[38;5;3m +0ms[39m
[32m[Nest] 88867  - [39m06/03/2026, 10:35:44 AM [32m    LOG[39m [38;5;3m[RoutesResolver] [39m[32mPayoutsController {/api/v1/payouts}:[39m[38;5;3m +0ms[39m
[32m[Nest] 88867  - [39m06/03/2026, 10:35:44 AM [32m    LOG[39m [38;5;3m[RouterExplorer] [39m[32mMapped {/api/v1/payouts, GET} route[39m[38;5;3m +0ms[39m
[32m[Nest] 88867  - [39m06/03/2026, 10:35:44 AM [32m    LOG[39m [38;5;3m[RoutesResolver] [39m[32mReferralsController {/api/v1/referrals}:[39m[38;5;3m +0ms[39m
[32m[Nest] 88867  - [39m06/03/2026, 10:35:44 AM [32m    LOG[39m [38;5;3m[RouterExplorer] [39m[32mMapped {/api/v1/referrals, GET} route[39m[38;5;3m +0ms[39m
[32m[Nest] 88867  - [39m06/03/2026, 10:35:44 AM [32m    LOG[39m [38;5;3m[PrismaService] [39m[32mDatabase connected[39m
[32m[Nest] 88867  - [39m06/03/2026, 10:35:44 AM [32m    LOG[39m [38;5;3m[NestApplication] [39m[32mNest application successfully started[39m[38;5;3m +11ms[39m
[31m[Nest] 88867  - [39m06/03/2026, 10:35:44 AM [31m  ERROR[39m [38;5;3m[NestApplication] [39m[31mError: listen EADDRINUSE: address already in use :::3001[39m[38;5;3m +0ms[39m
node:net:1912
    const ex = new UVExceptionWithHostPort(err, 'listen', address, port);
               ^

Error: listen EADDRINUSE: address already in use :::3001
    at Server.setupListenHandle [as _listen2] (node:net:1912:16)
    at listenInCluster (node:net:1969:12)
    at Server.listen (node:net:2074:7)
    at ExpressAdapter.listen (/Users/vytvytskyi/foryou_partners/backend/node_modules/@nestjs/platform-express/adapters/express-adapter.js:95:32)
    at /Users/vytvytskyi/foryou_partners/backend/node_modules/@nestjs/core/nest-application.js:183:30
    at new Promise (<anonymous>)
    at NestApplication.listen (/Users/vytvytskyi/foryou_partners/backend/node_modules/@nestjs/core/nest-application.js:173:16)
    at async bootstrap (/Users/vytvytskyi/foryou_partners/backend/src/main.ts:75:3) {
  code: 'EADDRINUSE',
  errno: -48,
  syscall: 'listen',
  address: '::',
  port: 3001
}

Node.js v22.12.0
[2J[3J[H[[90m10:39:29 AM[0m] File change detected. Starting incremental compilation...

[[90m10:39:30 AM[0m] Found 0 errors. Watching for file changes.

[32m[Nest] 89087  - [39m06/03/2026, 10:39:32 AM [32m    LOG[39m [38;5;3m[NestFactory] [39m[32mStarting Nest application...[39m
[32m[Nest] 89087  - [39m06/03/2026, 10:39:32 AM [32m    LOG[39m [38;5;3m[InstanceLoader] [39m[32mAppModule dependencies initialized[39m[38;5;3m +18ms[39m
[32m[Nest] 89087  - [39m06/03/2026, 10:39:32 AM [32m    LOG[39m [38;5;3m[InstanceLoader] [39m[32mConfigModule dependencies initialized[39m[38;5;3m +0ms[39m
[32m[Nest] 89087  - [39m06/03/2026, 10:39:32 AM [32m    LOG[39m [38;5;3m[InstanceLoader] [39m[32mDatabaseModule dependencies initialized[39m[38;5;3m +48ms[39m
[32m[Nest] 89087  - [39m06/03/2026, 10:39:32 AM [32m    LOG[39m [38;5;3m[InstanceLoader] [39m[32mPassportModule dependencies initialized[39m[38;5;3m +0ms[39m
[32m[Nest] 89087  - [39m06/03/2026, 10:39:32 AM [32m    LOG[39m [38;5;3m[InstanceLoader] [39m[32mThrottlerModule dependencies initialized[39m[38;5;3m +22ms[39m
[32m[Nest] 89087  - [39m06/03/2026, 10:39:32 AM [32m    LOG[39m [38;5;3m[InstanceLoader] [39m[32mJwtModule dependencies initialized[39m[38;5;3m +0ms[39m
[32m[Nest] 89087  - [39m06/03/2026, 10:39:32 AM [32m    LOG[39m [38;5;3m[InstanceLoader] [39m[32mConfigHostModule dependencies initialized[39m[38;5;3m +0ms[39m
[32m[Nest] 89087  - [39m06/03/2026, 10:39:32 AM [32m    LOG[39m [38;5;3m[InstanceLoader] [39m[32mAuditModule dependencies initialized[39m[38;5;3m +0ms[39m
[32m[Nest] 89087  - [39m06/03/2026, 10:39:32 AM [32m    LOG[39m [38;5;3m[InstanceLoader] [39m[32mDiscoveryModule dependencies initialized[39m[38;5;3m +1ms[39m
[32m[Nest] 89087  - [39m06/03/2026, 10:39:32 AM [32m    LOG[39m [38;5;3m[InstanceLoader] [39m[32mTerminusModule dependencies initialized[39m[38;5;3m +0ms[39m
[32m[Nest] 89087  - [39m06/03/2026, 10:39:32 AM [32m    LOG[39m [38;5;3m[InstanceLoader] [39m[32mConfigModule dependencies initialized[39m[38;5;3m +0ms[39m
[32m[Nest] 89087  - [39m06/03/2026, 10:39:32 AM [32m    LOG[39m [38;5;3m[InstanceLoader] [39m[32mScheduleModule dependencies initialized[39m[38;5;3m +1ms[39m
[32m[Nest] 89087  - [39m06/03/2026, 10:39:32 AM [32m    LOG[39m [38;5;3m[InstanceLoader] [39m[32mRedisModule dependencies initialized[39m[38;5;3m +0ms[39m
[32m[Nest] 89087  - [39m06/03/2026, 10:39:32 AM [32m    LOG[39m [38;5;3m[InstanceLoader] [39m[32mEmailModule dependencies initialized[39m[38;5;3m +0ms[39m
[32m[Nest] 89087  - [39m06/03/2026, 10:39:32 AM [32m    LOG[39m [38;5;3m[InstanceLoader] [39m[32mProfileModule dependencies initialized[39m[38;5;3m +0ms[39m
[32m[Nest] 89087  - [39m06/03/2026, 10:39:32 AM [32m    LOG[39m [38;5;3m[InstanceLoader] [39m[32mAnalyticsModule dependencies initialized[39m[38;5;3m +0ms[39m
[32m[Nest] 89087  - [39m06/03/2026, 10:39:32 AM [32m    LOG[39m [38;5;3m[InstanceLoader] [39m[32mPayoutsModule dependencies initialized[39m[38;5;3m +1ms[39m
[32m[Nest] 89087  - [39m06/03/2026, 10:39:32 AM [32m    LOG[39m [38;5;3m[InstanceLoader] [39m[32mReferralsModule dependencies initialized[39m[38;5;3m +0ms[39m
[32m[Nest] 89087  - [39m06/03/2026, 10:39:32 AM [32m    LOG[39m [38;5;3m[InstanceLoader] [39m[32mAuthModule dependencies initialized[39m[38;5;3m +0ms[39m
[32m[Nest] 89087  - [39m06/03/2026, 10:39:32 AM [32m    LOG[39m [38;5;3m[InstanceLoader] [39m[32mHealthModule dependencies initialized[39m[38;5;3m +0ms[39m
[32m[Nest] 89087  - [39m06/03/2026, 10:39:32 AM [32m    LOG[39m [38;5;3m[InstanceLoader] [39m[32mWebhookModule dependencies initialized[39m[38;5;3m +0ms[39m
[32m[Nest] 89087  - [39m06/03/2026, 10:39:32 AM [32m    LOG[39m [38;5;3m[InstanceLoader] [39m[32mAmoModule dependencies initialized[39m[38;5;3m +0ms[39m
[32m[Nest] 89087  - [39m06/03/2026, 10:39:32 AM [32m    LOG[39m [38;5;3m[InstanceLoader] [39m[32mAdminModule dependencies initialized[39m[38;5;3m +0ms[39m
[32m[Nest] 89087  - [39m06/03/2026, 10:39:32 AM [32m    LOG[39m [38;5;3m[InstanceLoader] [39m[32mLeadsModule dependencies initialized[39m[38;5;3m +0ms[39m
[32m[Nest] 89087  - [39m06/03/2026, 10:39:32 AM [32m    LOG[39m [38;5;3m[RoutesResolver] [39m[32mHealthController {/api/v1/health}:[39m[38;5;3m +3ms[39m
[32m[Nest] 89087  - [39m06/03/2026, 10:39:32 AM [32m    LOG[39m [38;5;3m[RouterExplorer] [39m[32mMapped {/api/v1/health, GET} route[39m[38;5;3m +1ms[39m
[32m[Nest] 89087  - [39m06/03/2026, 10:39:32 AM [32m    LOG[39m [38;5;3m[RoutesResolver] [39m[32mAuthController {/api/v1/auth}:[39m[38;5;3m +0ms[39m
[32m[Nest] 89087  - [39m06/03/2026, 10:39:32 AM [32m    LOG[39m [38;5;3m[RouterExplorer] [39m[32mMapped {/api/v1/auth/login, POST} route[39m[38;5;3m +1ms[39m
[32m[Nest] 89087  - [39m06/03/2026, 10:39:32 AM [32m    LOG[39m [38;5;3m[RouterExplorer] [39m[32mMapped {/api/v1/auth/register, POST} route[39m[38;5;3m +0ms[39m
[32m[Nest] 89087  - [39m06/03/2026, 10:39:32 AM [32m    LOG[39m [38;5;3m[RouterExplorer] [39m[32mMapped {/api/v1/auth/refresh, POST} route[39m[38;5;3m +0ms[39m
[32m[Nest] 89087  - [39m06/03/2026, 10:39:32 AM [32m    LOG[39m [38;5;3m[RouterExplorer] [39m[32mMapped {/api/v1/auth/logout, POST} route[39m[38;5;3m +0ms[39m
[32m[Nest] 89087  - [39m06/03/2026, 10:39:32 AM [32m    LOG[39m [38;5;3m[RouterExplorer] [39m[32mMapped {/api/v1/auth/password/forgot, POST} route[39m[38;5;3m +0ms[39m
[32m[Nest] 89087  - [39m06/03/2026, 10:39:32 AM [32m    LOG[39m [38;5;3m[RouterExplorer] [39m[32mMapped {/api/v1/auth/password/reset, POST} route[39m[38;5;3m +1ms[39m
[32m[Nest] 89087  - [39m06/03/2026, 10:39:32 AM [32m    LOG[39m [38;5;3m[RoutesResolver] [39m[32mLeadsController {/api/v1/leads}:[39m[38;5;3m +0ms[39m
[32m[Nest] 89087  - [39m06/03/2026, 10:39:32 AM [32m    LOG[39m [38;5;3m[RouterExplorer] [39m[32mMapped {/api/v1/leads, GET} route[39m[38;5;3m +0ms[39m
[32m[Nest] 89087  - [39m06/03/2026, 10:39:32 AM [32m    LOG[39m [38;5;3m[RouterExplorer] [39m[32mMapped {/api/v1/leads, POST} route[39m[38;5;3m +0ms[39m
[32m[Nest] 89087  - [39m06/03/2026, 10:39:32 AM [32m    LOG[39m [38;5;3m[RouterExplorer] [39m[32mMapped {/api/v1/leads/board, GET} route[39m[38;5;3m +0ms[39m
[32m[Nest] 89087  - [39m06/03/2026, 10:39:32 AM [32m    LOG[39m [38;5;3m[RouterExplorer] [39m[32mMapped {/api/v1/leads/:id, GET} route[39m[38;5;3m +0ms[39m
[32m[Nest] 89087  - [39m06/03/2026, 10:39:32 AM [32m    LOG[39m [38;5;3m[RouterExplorer] [39m[32mMapped {/api/v1/leads/:id/history, GET} route[39m[38;5;3m +0ms[39m
[32m[Nest] 89087  - [39m06/03/2026, 10:39:32 AM [32m    LOG[39m [38;5;3m[RouterExplorer] [39m[32mMapped {/api/v1/leads/:id/notes, GET} route[39m[38;5;3m +0ms[39m
[32m[Nest] 89087  - [39m06/03/2026, 10:39:32 AM [32m    LOG[39m [38;5;3m[RouterExplorer] [39m[32mMapped {/api/v1/leads/:id/notes, POST} route[39m[38;5;3m +1ms[39m
[32m[Nest] 89087  - [39m06/03/2026, 10:39:32 AM [32m    LOG[39m [38;5;3m[RoutesResolver] [39m[32mAmoController {/api/v1/amo-crm}:[39m[38;5;3m +0ms[39m
[32m[Nest] 89087  - [39m06/03/2026, 10:39:32 AM [32m    LOG[39m [38;5;3m[RouterExplorer] [39m[32mMapped {/api/v1/amo-crm/connect, GET} route[39m[38;5;3m +0ms[39m
[32m[Nest] 89087  - [39m06/03/2026, 10:39:32 AM [32m    LOG[39m [38;5;3m[RouterExplorer] [39m[32mMapped {/api/v1/amo-crm/callback, GET} route[39m[38;5;3m +0ms[39m
[32m[Nest] 89087  - [39m06/03/2026, 10:39:32 AM [32m    LOG[39m [38;5;3m[RouterExplorer] [39m[32mMapped {/api/v1/amo-crm/backfill, POST} route[39m[38;5;3m +0ms[39m
[32m[Nest] 89087  - [39m06/03/2026, 10:39:32 AM [32m    LOG[39m [38;5;3m[RouterExplorer] [39m[32mMapped {/api/v1/amo-crm/backfill-history, POST} route[39m[38;5;3m +0ms[39m
[32m[Nest] 89087  - [39m06/03/2026, 10:39:32 AM [32m    LOG[39m [38;5;3m[RouterExplorer] [39m[32mMapped {/api/v1/amo-crm/sources, GET} route[39m[38;5;3m +0ms[39m
[32m[Nest] 89087  - [39m06/03/2026, 10:39:32 AM [32m    LOG[39m [38;5;3m[RouterExplorer] [39m[32mMapped {/api/v1/amo-crm/tags, GET} route[39m[38;5;3m +0ms[39m
[32m[Nest] 89087  - [39m06/03/2026, 10:39:32 AM [32m    LOG[39m [38;5;3m[RoutesResolver] [39m[32mAdminController {/api/v1/admin/partners}:[39m[38;5;3m +0ms[39m
[32m[Nest] 89087  - [39m06/03/2026, 10:39:32 AM [32m    LOG[39m [38;5;3m[RouterExplorer] [39m[32mMapped {/api/v1/admin/partners, GET} route[39m[38;5;3m +0ms[39m
[32m[Nest] 89087  - [39m06/03/2026, 10:39:32 AM [32m    LOG[39m [38;5;3m[RouterExplorer] [39m[32mMapped {/api/v1/admin/partners, POST} route[39m[38;5;3m +0ms[39m
[32m[Nest] 89087  - [39m06/03/2026, 10:39:32 AM [32m    LOG[39m [38;5;3m[RouterExplorer] [39m[32mMapped {/api/v1/admin/partners/:id, PUT} route[39m[38;5;3m +0ms[39m
[32m[Nest] 89087  - [39m06/03/2026, 10:39:32 AM [32m    LOG[39m [38;5;3m[RouterExplorer] [39m[32mMapped {/api/v1/admin/partners/:id, DELETE} route[39m[38;5;3m +1ms[39m
[32m[Nest] 89087  - [39m06/03/2026, 10:39:32 AM [32m    LOG[39m [38;5;3m[RouterExplorer] [39m[32mMapped {/api/v1/admin/partners/sync, POST} route[39m[38;5;3m +0ms[39m
[32m[Nest] 89087  - [39m06/03/2026, 10:39:32 AM [32m    LOG[39m [38;5;3m[RoutesResolver] [39m[32mWebhookController {/api/v1/webhook}:[39m[38;5;3m +0ms[39m
[32m[Nest] 89087  - [39m06/03/2026, 10:39:32 AM [32m    LOG[39m [38;5;3m[RouterExplorer] [39m[32mMapped {/api/v1/webhook/amocrm, POST} route[39m[38;5;3m +0ms[39m
[32m[Nest] 89087  - [39m06/03/2026, 10:39:32 AM [32m    LOG[39m [38;5;3m[RoutesResolver] [39m[32mProfileController {/api/v1/profile}:[39m[38;5;3m +0ms[39m
[32m[Nest] 89087  - [39m06/03/2026, 10:39:32 AM [32m    LOG[39m [38;5;3m[RouterExplorer] [39m[32mMapped {/api/v1/profile, GET} route[39m[38;5;3m +0ms[39m
[32m[Nest] 89087  - [39m06/03/2026, 10:39:32 AM [32m    LOG[39m [38;5;3m[RouterExplorer] [39m[32mMapped {/api/v1/profile/notifications, PUT} route[39m[38;5;3m +0ms[39m
[32m[Nest] 89087  - [39m06/03/2026, 10:39:32 AM [32m    LOG[39m [38;5;3m[RouterExplorer] [39m[32mMapped {/api/v1/profile/password, PUT} route[39m[38;5;3m +0ms[39m
[32m[Nest] 89087  - [39m06/03/2026, 10:39:32 AM [32m    LOG[39m [38;5;3m[RoutesResolver] [39m[32mAnalyticsController {/api/v1/analytics}:[39m[38;5;3m +0ms[39m
[32m[Nest] 89087  - [39m06/03/2026, 10:39:32 AM [32m    LOG[39m [38;5;3m[RouterExplorer] [39m[32mMapped {/api/v1/analytics/dashboard, GET} route[39m[38;5;3m +1ms[39m
[32m[Nest] 89087  - [39m06/03/2026, 10:39:32 AM [32m    LOG[39m [38;5;3m[RoutesResolver] [39m[32mPayoutsController {/api/v1/payouts}:[39m[38;5;3m +1ms[39m
[32m[Nest] 89087  - [39m06/03/2026, 10:39:32 AM [32m    LOG[39m [38;5;3m[RouterExplorer] [39m[32mMapped {/api/v1/payouts, GET} route[39m[38;5;3m +0ms[39m
[32m[Nest] 89087  - [39m06/03/2026, 10:39:32 AM [32m    LOG[39m [38;5;3m[RoutesResolver] [39m[32mReferralsController {/api/v1/referrals}:[39m[38;5;3m +0ms[39m
[32m[Nest] 89087  - [39m06/03/2026, 10:39:32 AM [32m    LOG[39m [38;5;3m[RouterExplorer] [39m[32mMapped {/api/v1/referrals, GET} route[39m[38;5;3m +0ms[39m
[32m[Nest] 89087  - [39m06/03/2026, 10:39:33 AM [32m    LOG[39m [38;5;3m[PrismaService] [39m[32mDatabase connected[39m
[32m[Nest] 89087  - [39m06/03/2026, 10:39:33 AM [32m    LOG[39m [38;5;3m[NestApplication] [39m[32mNest application successfully started[39m[38;5;3m +14ms[39m
Backend running on http://localhost:3001/api/v1
[2J[3J[H[[90m10:39:58 AM[0m] File change detected. Starting incremental compilation...

[[90m10:39:59 AM[0m] Found 0 errors. Watching for file changes.

[32m[Nest] 89129  - [39m06/03/2026, 10:40:01 AM [32m    LOG[39m [38;5;3m[NestFactory] [39m[32mStarting Nest application...[39m
[32m[Nest] 89129  - [39m06/03/2026, 10:40:01 AM [32m    LOG[39m [38;5;3m[InstanceLoader] [39m[32mAppModule dependencies initialized[39m[38;5;3m +25ms[39m
[32m[Nest] 89129  - [39m06/03/2026, 10:40:01 AM [32m    LOG[39m [38;5;3m[InstanceLoader] [39m[32mConfigModule dependencies initialized[39m[38;5;3m +263ms[39m
[32m[Nest] 89129  - [39m06/03/2026, 10:40:01 AM [32m    LOG[39m [38;5;3m[InstanceLoader] [39m[32mDatabaseModule dependencies initialized[39m[38;5;3m +6ms[39m
[32m[Nest] 89129  - [39m06/03/2026, 10:40:01 AM [32m    LOG[39m [38;5;3m[InstanceLoader] [39m[32mPassportModule dependencies initialized[39m[38;5;3m +328ms[39m
[32m[Nest] 89129  - [39m06/03/2026, 10:40:01 AM [32m    LOG[39m [38;5;3m[InstanceLoader] [39m[32mThrottlerModule dependencies initialized[39m[38;5;3m +3ms[39m
[32m[Nest] 89129  - [39m06/03/2026, 10:40:01 AM [32m    LOG[39m [38;5;3m[InstanceLoader] [39m[32mJwtModule dependencies initialized[39m[38;5;3m +45ms[39m
[32m[Nest] 89129  - [39m06/03/2026, 10:40:01 AM [32m    LOG[39m [38;5;3m[InstanceLoader] [39m[32mConfigHostModule dependencies initialized[39m[38;5;3m +0ms[39m
[32m[Nest] 89129  - [39m06/03/2026, 10:40:01 AM [32m    LOG[39m [38;5;3m[InstanceLoader] [39m[32mAuditModule dependencies initialized[39m[38;5;3m +0ms[39m
[32m[Nest] 89129  - [39m06/03/2026, 10:40:01 AM [32m    LOG[39m [38;5;3m[InstanceLoader] [39m[32mDiscoveryModule dependencies initialized[39m[38;5;3m +1ms[39m
[32m[Nest] 89129  - [39m06/03/2026, 10:40:01 AM [32m    LOG[39m [38;5;3m[InstanceLoader] [39m[32mTerminusModule dependencies initialized[39m[38;5;3m +0ms[39m
[32m[Nest] 89129  - [39m06/03/2026, 10:40:01 AM [32m    LOG[39m [38;5;3m[InstanceLoader] [39m[32mConfigModule dependencies initialized[39m[38;5;3m +0ms[39m
[32m[Nest] 89129  - [39m06/03/2026, 10:40:01 AM [32m    LOG[39m [38;5;3m[InstanceLoader] [39m[32mScheduleModule dependencies initialized[39m[38;5;3m +1ms[39m
[32m[Nest] 89129  - [39m06/03/2026, 10:40:01 AM [32m    LOG[39m [38;5;3m[InstanceLoader] [39m[32mRedisModule dependencies initialized[39m[38;5;3m +1ms[39m
[32m[Nest] 89129  - [39m06/03/2026, 10:40:01 AM [32m    LOG[39m [38;5;3m[InstanceLoader] [39m[32mEmailModule dependencies initialized[39m[38;5;3m +0ms[39m
[32m[Nest] 89129  - [39m06/03/2026, 10:40:01 AM [32m    LOG[39m [38;5;3m[InstanceLoader] [39m[32mProfileModule dependencies initialized[39m[38;5;3m +0ms[39m
[32m[Nest] 89129  - [39m06/03/2026, 10:40:01 AM [32m    LOG[39m [38;5;3m[InstanceLoader] [39m[32mAnalyticsModule dependencies initialized[39m[38;5;3m +0ms[39m
[32m[Nest] 89129  - [39m06/03/2026, 10:40:01 AM [32m    LOG[39m [38;5;3m[InstanceLoader] [39m[32mPayoutsModule dependencies initialized[39m[38;5;3m +0ms[39m
[32m[Nest] 89129  - [39m06/03/2026, 10:40:01 AM [32m    LOG[39m [38;5;3m[InstanceLoader] [39m[32mReferralsModule dependencies initialized[39m[38;5;3m +0ms[39m
[32m[Nest] 89129  - [39m06/03/2026, 10:40:01 AM [32m    LOG[39m [38;5;3m[InstanceLoader] [39m[32mAuthModule dependencies initialized[39m[38;5;3m +0ms[39m
[32m[Nest] 89129  - [39m06/03/2026, 10:40:01 AM [32m    LOG[39m [38;5;3m[InstanceLoader] [39m[32mHealthModule dependencies initialized[39m[38;5;3m +1ms[39m
[32m[Nest] 89129  - [39m06/03/2026, 10:40:01 AM [32m    LOG[39m [38;5;3m[InstanceLoader] [39m[32mWebhookModule dependencies initialized[39m[38;5;3m +0ms[39m
[32m[Nest] 89129  - [39m06/03/2026, 10:40:01 AM [32m    LOG[39m [38;5;3m[InstanceLoader] [39m[32mAmoModule dependencies initialized[39m[38;5;3m +0ms[39m
[32m[Nest] 89129  - [39m06/03/2026, 10:40:01 AM [32m    LOG[39m [38;5;3m[InstanceLoader] [39m[32mAdminModule dependencies initialized[39m[38;5;3m +0ms[39m
[32m[Nest] 89129  - [39m06/03/2026, 10:40:01 AM [32m    LOG[39m [38;5;3m[InstanceLoader] [39m[32mLeadsModule dependencies initialized[39m[38;5;3m +0ms[39m
[32m[Nest] 89129  - [39m06/03/2026, 10:40:01 AM [32m    LOG[39m [38;5;3m[RoutesResolver] [39m[32mHealthController {/api/v1/health}:[39m[38;5;3m +4ms[39m
[32m[Nest] 89129  - [39m06/03/2026, 10:40:01 AM [32m    LOG[39m [38;5;3m[RouterExplorer] [39m[32mMapped {/api/v1/health, GET} route[39m[38;5;3m +1ms[39m
[32m[Nest] 89129  - [39m06/03/2026, 10:40:01 AM [32m    LOG[39m [38;5;3m[RoutesResolver] [39m[32mAuthController {/api/v1/auth}:[39m[38;5;3m +0ms[39m
[32m[Nest] 89129  - [39m06/03/2026, 10:40:01 AM [32m    LOG[39m [38;5;3m[RouterExplorer] [39m[32mMapped {/api/v1/auth/login, POST} route[39m[38;5;3m +0ms[39m
[32m[Nest] 89129  - [39m06/03/2026, 10:40:01 AM [32m    LOG[39m [38;5;3m[RouterExplorer] [39m[32mMapped {/api/v1/auth/register, POST} route[39m[38;5;3m +0ms[39m
[32m[Nest] 89129  - [39m06/03/2026, 10:40:01 AM [32m    LOG[39m [38;5;3m[RouterExplorer] [39m[32mMapped {/api/v1/auth/refresh, POST} route[39m[38;5;3m +0ms[39m
[32m[Nest] 89129  - [39m06/03/2026, 10:40:01 AM [32m    LOG[39m [38;5;3m[RouterExplorer] [39m[32mMapped {/api/v1/auth/logout, POST} route[39m[38;5;3m +0ms[39m
[32m[Nest] 89129  - [39m06/03/2026, 10:40:01 AM [32m    LOG[39m [38;5;3m[RouterExplorer] [39m[32mMapped {/api/v1/auth/password/forgot, POST} route[39m[38;5;3m +0ms[39m
[32m[Nest] 89129  - [39m06/03/2026, 10:40:01 AM [32m    LOG[39m [38;5;3m[RouterExplorer] [39m[32mMapped {/api/v1/auth/password/reset, POST} route[39m[38;5;3m +0ms[39m
[32m[Nest] 89129  - [39m06/03/2026, 10:40:01 AM [32m    LOG[39m [38;5;3m[RoutesResolver] [39m[32mLeadsController {/api/v1/leads}:[39m[38;5;3m +1ms[39m
[32m[Nest] 89129  - [39m06/03/2026, 10:40:01 AM [32m    LOG[39m [38;5;3m[RouterExplorer] [39m[32mMapped {/api/v1/leads, GET} route[39m[38;5;3m +0ms[39m
[32m[Nest] 89129  - [39m06/03/2026, 10:40:01 AM [32m    LOG[39m [38;5;3m[RouterExplorer] [39m[32mMapped {/api/v1/leads, POST} route[39m[38;5;3m +0ms[39m
[32m[Nest] 89129  - [39m06/03/2026, 10:40:01 AM [32m    LOG[39m [38;5;3m[RouterExplorer] [39m[32mMapped {/api/v1/leads/board, GET} route[39m[38;5;3m +0ms[39m
[32m[Nest] 89129  - [39m06/03/2026, 10:40:01 AM [32m    LOG[39m [38;5;3m[RouterExplorer] [39m[32mMapped {/api/v1/leads/:id, GET} route[39m[38;5;3m +0ms[39m
[32m[Nest] 89129  - [39m06/03/2026, 10:40:01 AM [32m    LOG[39m [38;5;3m[RouterExplorer] [39m[32mMapped {/api/v1/leads/:id/history, GET} route[39m[38;5;3m +0ms[39m
[32m[Nest] 89129  - [39m06/03/2026, 10:40:01 AM [32m    LOG[39m [38;5;3m[RouterExplorer] [39m[32mMapped {/api/v1/leads/:id/notes, GET} route[39m[38;5;3m +0ms[39m
[32m[Nest] 89129  - [39m06/03/2026, 10:40:01 AM [32m    LOG[39m [38;5;3m[RouterExplorer] [39m[32mMapped {/api/v1/leads/:id/notes, POST} route[39m[38;5;3m +0ms[39m
[32m[Nest] 89129  - [39m06/03/2026, 10:40:01 AM [32m    LOG[39m [38;5;3m[RoutesResolver] [39m[32mAmoController {/api/v1/amo-crm}:[39m[38;5;3m +0ms[39m
[32m[Nest] 89129  - [39m06/03/2026, 10:40:01 AM [32m    LOG[39m [38;5;3m[RouterExplorer] [39m[32mMapped {/api/v1/amo-crm/connect, GET} route[39m[38;5;3m +1ms[39m
[32m[Nest] 89129  - [39m06/03/2026, 10:40:01 AM [32m    LOG[39m [38;5;3m[RouterExplorer] [39m[32mMapped {/api/v1/amo-crm/callback, GET} route[39m[38;5;3m +0ms[39m
[32m[Nest] 89129  - [39m06/03/2026, 10:40:01 AM [32m    LOG[39m [38;5;3m[RouterExplorer] [39m[32mMapped {/api/v1/amo-crm/backfill, POST} route[39m[38;5;3m +0ms[39m
[32m[Nest] 89129  - [39m06/03/2026, 10:40:01 AM [32m    LOG[39m [38;5;3m[RouterExplorer] [39m[32mMapped {/api/v1/amo-crm/backfill-history, POST} route[39m[38;5;3m +0ms[39m
[32m[Nest] 89129  - [39m06/03/2026, 10:40:01 AM [32m    LOG[39m [38;5;3m[RouterExplorer] [39m[32mMapped {/api/v1/amo-crm/sources, GET} route[39m[38;5;3m +0ms[39m
[32m[Nest] 89129  - [39m06/03/2026, 10:40:01 AM [32m    LOG[39m [38;5;3m[RouterExplorer] [39m[32mMapped {/api/v1/amo-crm/tags, GET} route[39m[38;5;3m +0ms[39m
[32m[Nest] 89129  - [39m06/03/2026, 10:40:01 AM [32m    LOG[39m [38;5;3m[RoutesResolver] [39m[32mAdminController {/api/v1/admin/partners}:[39m[38;5;3m +0ms[39m
[32m[Nest] 89129  - [39m06/03/2026, 10:40:01 AM [32m    LOG[39m [38;5;3m[RouterExplorer] [39m[32mMapped {/api/v1/admin/partners, GET} route[39m[38;5;3m +0ms[39m
[32m[Nest] 89129  - [39m06/03/2026, 10:40:01 AM [32m    LOG[39m [38;5;3m[RouterExplorer] [39m[32mMapped {/api/v1/admin/partners, POST} route[39m[38;5;3m +0ms[39m
[32m[Nest] 89129  - [39m06/03/2026, 10:40:01 AM [32m    LOG[39m [38;5;3m[RouterExplorer] [39m[32mMapped {/api/v1/admin/partners/:id, PUT} route[39m[38;5;3m +0ms[39m
[32m[Nest] 89129  - [39m06/03/2026, 10:40:01 AM [32m    LOG[39m [38;5;3m[RouterExplorer] [39m[32mMapped {/api/v1/admin/partners/:id, DELETE} route[39m[38;5;3m +1ms[39m
[32m[Nest] 89129  - [39m06/03/2026, 10:40:01 AM [32m    LOG[39m [38;5;3m[RouterExplorer] [39m[32mMapped {/api/v1/admin/partners/sync, POST} route[39m[38;5;3m +0ms[39m
[32m[Nest] 89129  - [39m06/03/2026, 10:40:01 AM [32m    LOG[39m [38;5;3m[RoutesResolver] [39m[32mWebhookController {/api/v1/webhook}:[39m[38;5;3m +0ms[39m
[32m[Nest] 89129  - [39m06/03/2026, 10:40:01 AM [32m    LOG[39m [38;5;3m[RouterExplorer] [39m[32mMapped {/api/v1/webhook/amocrm, POST} route[39m[38;5;3m +0ms[39m
[32m[Nest] 89129  - [39m06/03/2026, 10:40:01 AM [32m    LOG[39m [38;5;3m[RoutesResolver] [39m[32mProfileController {/api/v1/profile}:[39m[38;5;3m +0ms[39m
[32m[Nest] 89129  - [39m06/03/2026, 10:40:01 AM [32m    LOG[39m [38;5;3m[RouterExplorer] [39m[32mMapped {/api/v1/profile, GET} route[39m[38;5;3m +0ms[39m
[32m[Nest] 89129  - [39m06/03/2026, 10:40:01 AM [32m    LOG[39m [38;5;3m[RouterExplorer] [39m[32mMapped {/api/v1/profile/notifications, PUT} route[39m[38;5;3m +0ms[39m
[32m[Nest] 89129  - [39m06/03/2026, 10:40:01 AM [32m    LOG[39m [38;5;3m[RouterExplorer] [39m[32mMapped {/api/v1/profile/password, PUT} route[39m[38;5;3m +1ms[39m
[32m[Nest] 89129  - [39m06/03/2026, 10:40:01 AM [32m    LOG[39m [38;5;3m[RoutesResolver] [39m[32mAnalyticsController {/api/v1/analytics}:[39m[38;5;3m +0ms[39m
[32m[Nest] 89129  - [39m06/03/2026, 10:40:01 AM [32m    LOG[39m [38;5;3m[RouterExplorer] [39m[32mMapped {/api/v1/analytics/dashboard, GET} route[39m[38;5;3m +0ms[39m
[32m[Nest] 89129  - [39m06/03/2026, 10:40:01 AM [32m    LOG[39m [38;5;3m[RoutesResolver] [39m[32mPayoutsController {/api/v1/payouts}:[39m[38;5;3m +0ms[39m
[32m[Nest] 89129  - [39m06/03/2026, 10:40:01 AM [32m    LOG[39m [38;5;3m[RouterExplorer] [39m[32mMapped {/api/v1/payouts, GET} route[39m[38;5;3m +0ms[39m
[32m[Nest] 89129  - [39m06/03/2026, 10:40:01 AM [32m    LOG[39m [38;5;3m[RoutesResolver] [39m[32mReferralsController {/api/v1/referrals}:[39m[38;5;3m +0ms[39m
[32m[Nest] 89129  - [39m06/03/2026, 10:40:01 AM [32m    LOG[39m [38;5;3m[RouterExplorer] [39m[32mMapped {/api/v1/referrals, GET} route[39m[38;5;3m +0ms[39m
[32m[Nest] 89129  - [39m06/03/2026, 10:40:01 AM [32m    LOG[39m [38;5;3m[PrismaService] [39m[32mDatabase connected[39m
[32m[Nest] 89129  - [39m06/03/2026, 10:40:01 AM [32m    LOG[39m [38;5;3m[NestApplication] [39m[32mNest application successfully started[39m[38;5;3m +9ms[39m
[31m[Nest] 89129  - [39m06/03/2026, 10:40:01 AM [31m  ERROR[39m [38;5;3m[NestApplication] [39m[31mError: listen EADDRINUSE: address already in use :::3001[39m[38;5;3m +1ms[39m
node:net:1912
    const ex = new UVExceptionWithHostPort(err, 'listen', address, port);
               ^

Error: listen EADDRINUSE: address already in use :::3001
    at Server.setupListenHandle [as _listen2] (node:net:1912:16)
    at listenInCluster (node:net:1969:12)
    at Server.listen (node:net:2074:7)
    at ExpressAdapter.listen (/Users/vytvytskyi/foryou_partners/backend/node_modules/@nestjs/platform-express/adapters/express-adapter.js:95:32)
    at /Users/vytvytskyi/foryou_partners/backend/node_modules/@nestjs/core/nest-application.js:183:30
    at new Promise (<anonymous>)
    at NestApplication.listen (/Users/vytvytskyi/foryou_partners/backend/node_modules/@nestjs/core/nest-application.js:173:16)
    at async bootstrap (/Users/vytvytskyi/foryou_partners/backend/src/main.ts:75:3) {
  code: 'EADDRINUSE',
  errno: -48,
  syscall: 'listen',
  address: '::',
  port: 3001
}

Node.js v22.12.0
[2J[3J[H[[90m10:53:44 AM[0m] File change detected. Starting incremental compilation...

[[90m10:53:52 AM[0m] Found 0 errors. Watching for file changes.

[2J[3J[H[[90m10:53:56 AM[0m] File change detected. Starting incremental compilation...

[[90m10:53:59 AM[0m] Found 0 errors. Watching for file changes.

[32m[Nest] 89748  - [39m06/03/2026, 10:54:02 AM [32m    LOG[39m [38;5;3m[NestFactory] [39m[32mStarting Nest application...[39m
[32m[Nest] 89748  - [39m06/03/2026, 10:54:02 AM [32m    LOG[39m [38;5;3m[InstanceLoader] [39m[32mAppModule dependencies initialized[39m[38;5;3m +89ms[39m
[32m[Nest] 89748  - [39m06/03/2026, 10:54:02 AM [32m    LOG[39m [38;5;3m[InstanceLoader] [39m[32mConfigModule dependencies initialized[39m[38;5;3m +0ms[39m
[32m[Nest] 89748  - [39m06/03/2026, 10:54:02 AM [32m    LOG[39m [38;5;3m[InstanceLoader] [39m[32mDatabaseModule dependencies initialized[39m[38;5;3m +32ms[39m
[32m[Nest] 89748  - [39m06/03/2026, 10:54:02 AM [32m    LOG[39m [38;5;3m[InstanceLoader] [39m[32mPassportModule dependencies initialized[39m[38;5;3m +1ms[39m
[32m[Nest] 89748  - [39m06/03/2026, 10:54:02 AM [32m    LOG[39m [38;5;3m[InstanceLoader] [39m[32mThrottlerModule dependencies initialized[39m[38;5;3m +55ms[39m
[32m[Nest] 89748  - [39m06/03/2026, 10:54:02 AM [32m    LOG[39m [38;5;3m[InstanceLoader] [39m[32mJwtModule dependencies initialized[39m[38;5;3m +0ms[39m
[32m[Nest] 89748  - [39m06/03/2026, 10:54:02 AM [32m    LOG[39m [38;5;3m[InstanceLoader] [39m[32mConfigHostModule dependencies initialized[39m[38;5;3m +1ms[39m
[32m[Nest] 89748  - [39m06/03/2026, 10:54:02 AM [32m    LOG[39m [38;5;3m[InstanceLoader] [39m[32mAuditModule dependencies initialized[39m[38;5;3m +0ms[39m
[32m[Nest] 89748  - [39m06/03/2026, 10:54:02 AM [32m    LOG[39m [38;5;3m[InstanceLoader] [39m[32mDiscoveryModule dependencies initialized[39m[38;5;3m +1ms[39m
[32m[Nest] 89748  - [39m06/03/2026, 10:54:02 AM [32m    LOG[39m [38;5;3m[InstanceLoader] [39m[32mTerminusModule dependencies initialized[39m[38;5;3m +1ms[39m
[32m[Nest] 89748  - [39m06/03/2026, 10:54:02 AM [32m    LOG[39m [38;5;3m[InstanceLoader] [39m[32mConfigModule dependencies initialized[39m[38;5;3m +1ms[39m
[32m[Nest] 89748  - [39m06/03/2026, 10:54:02 AM [32m    LOG[39m [38;5;3m[InstanceLoader] [39m[32mScheduleModule dependencies initialized[39m[38;5;3m +2ms[39m
[32m[Nest] 89748  - [39m06/03/2026, 10:54:02 AM [32m    LOG[39m [38;5;3m[InstanceLoader] [39m[32mRedisModule dependencies initialized[39m[38;5;3m +1ms[39m
[32m[Nest] 89748  - [39m06/03/2026, 10:54:02 AM [32m    LOG[39m [38;5;3m[InstanceLoader] [39m[32mEmailModule dependencies initialized[39m[38;5;3m +1ms[39m
[32m[Nest] 89748  - [39m06/03/2026, 10:54:02 AM [32m    LOG[39m [38;5;3m[InstanceLoader] [39m[32mProfileModule dependencies initialized[39m[38;5;3m +4ms[39m
[32m[Nest] 89748  - [39m06/03/2026, 10:54:02 AM [32m    LOG[39m [38;5;3m[InstanceLoader] [39m[32mAnalyticsModule dependencies initialized[39m[38;5;3m +0ms[39m
[32m[Nest] 89748  - [39m06/03/2026, 10:54:02 AM [32m    LOG[39m [38;5;3m[InstanceLoader] [39m[32mPayoutsModule dependencies initialized[39m[38;5;3m +0ms[39m
[32m[Nest] 89748  - [39m06/03/2026, 10:54:02 AM [32m    LOG[39m [38;5;3m[InstanceLoader] [39m[32mReferralsModule dependencies initialized[39m[38;5;3m +0ms[39m
[32m[Nest] 89748  - [39m06/03/2026, 10:54:02 AM [32m    LOG[39m [38;5;3m[InstanceLoader] [39m[32mAuthModule dependencies initialized[39m[38;5;3m +1ms[39m
[32m[Nest] 89748  - [39m06/03/2026, 10:54:02 AM [32m    LOG[39m [38;5;3m[InstanceLoader] [39m[32mHealthModule dependencies initialized[39m[38;5;3m +0ms[39m
[32m[Nest] 89748  - [39m06/03/2026, 10:54:02 AM [32m    LOG[39m [38;5;3m[InstanceLoader] [39m[32mWebhookModule dependencies initialized[39m[38;5;3m +0ms[39m
[32m[Nest] 89748  - [39m06/03/2026, 10:54:02 AM [32m    LOG[39m [38;5;3m[InstanceLoader] [39m[32mAmoModule dependencies initialized[39m[38;5;3m +1ms[39m
[32m[Nest] 89748  - [39m06/03/2026, 10:54:02 AM [32m    LOG[39m [38;5;3m[InstanceLoader] [39m[32mAdminModule dependencies initialized[39m[38;5;3m +1ms[39m
[32m[Nest] 89748  - [39m06/03/2026, 10:54:02 AM [32m    LOG[39m [38;5;3m[InstanceLoader] [39m[32mLeadsModule dependencies initialized[39m[38;5;3m +0ms[39m
[32m[Nest] 89748  - [39m06/03/2026, 10:54:02 AM [32m    LOG[39m [38;5;3m[RoutesResolver] [39m[32mHealthController {/api/v1/health}:[39m[38;5;3m +15ms[39m
[32m[Nest] 89748  - [39m06/03/2026, 10:54:02 AM [32m    LOG[39m [38;5;3m[RouterExplorer] [39m[32mMapped {/api/v1/health, GET} route[39m[38;5;3m +4ms[39m
[32m[Nest] 89748  - [39m06/03/2026, 10:54:02 AM [32m    LOG[39m [38;5;3m[RoutesResolver] [39m[32mAuthController {/api/v1/auth}:[39m[38;5;3m +0ms[39m
[32m[Nest] 89748  - [39m06/03/2026, 10:54:02 AM [32m    LOG[39m [38;5;3m[RouterExplorer] [39m[32mMapped {/api/v1/auth/login, POST} route[39m[38;5;3m +1ms[39m
[32m[Nest] 89748  - [39m06/03/2026, 10:54:02 AM [32m    LOG[39m [38;5;3m[RouterExplorer] [39m[32mMapped {/api/v1/auth/register, POST} route[39m[38;5;3m +1ms[39m
[32m[Nest] 89748  - [39m06/03/2026, 10:54:02 AM [32m    LOG[39m [38;5;3m[RouterExplorer] [39m[32mMapped {/api/v1/auth/refresh, POST} route[39m[38;5;3m +1ms[39m
[32m[Nest] 89748  - [39m06/03/2026, 10:54:02 AM [32m    LOG[39m [38;5;3m[RouterExplorer] [39m[32mMapped {/api/v1/auth/logout, POST} route[39m[38;5;3m +0ms[39m
[32m[Nest] 89748  - [39m06/03/2026, 10:54:02 AM [32m    LOG[39m [38;5;3m[RouterExplorer] [39m[32mMapped {/api/v1/auth/password/forgot, POST} route[39m[38;5;3m +0ms[39m
[32m[Nest] 89748  - [39m06/03/2026, 10:54:02 AM [32m    LOG[39m [38;5;3m[RouterExplorer] [39m[32mMapped {/api/v1/auth/password/reset, POST} route[39m[38;5;3m +0ms[39m
[32m[Nest] 89748  - [39m06/03/2026, 10:54:02 AM [32m    LOG[39m [38;5;3m[RoutesResolver] [39m[32mLeadsController {/api/v1/leads}:[39m[38;5;3m +0ms[39m
[32m[Nest] 89748  - [39m06/03/2026, 10:54:02 AM [32m    LOG[39m [38;5;3m[RouterExplorer] [39m[32mMapped {/api/v1/leads, GET} route[39m[38;5;3m +1ms[39m
[32m[Nest] 89748  - [39m06/03/2026, 10:54:02 AM [32m    LOG[39m [38;5;3m[RouterExplorer] [39m[32mMapped {/api/v1/leads, POST} route[39m[38;5;3m +1ms[39m
[32m[Nest] 89748  - [39m06/03/2026, 10:54:02 AM [32m    LOG[39m [38;5;3m[RouterExplorer] [39m[32mMapped {/api/v1/leads/board, GET} route[39m[38;5;3m +0ms[39m
[32m[Nest] 89748  - [39m06/03/2026, 10:54:02 AM [32m    LOG[39m [38;5;3m[RouterExplorer] [39m[32mMapped {/api/v1/leads/:id, GET} route[39m[38;5;3m +0ms[39m
[32m[Nest] 89748  - [39m06/03/2026, 10:54:02 AM [32m    LOG[39m [38;5;3m[RouterExplorer] [39m[32mMapped {/api/v1/leads/:id/history, GET} route[39m[38;5;3m +0ms[39m
[32m[Nest] 89748  - [39m06/03/2026, 10:54:02 AM [32m    LOG[39m [38;5;3m[RouterExplorer] [39m[32mMapped {/api/v1/leads/:id/notes, GET} route[39m[38;5;3m +0ms[39m
[32m[Nest] 89748  - [39m06/03/2026, 10:54:02 AM [32m    LOG[39m [38;5;3m[RouterExplorer] [39m[32mMapped {/api/v1/leads/:id/notes, POST} route[39m[38;5;3m +0ms[39m
[32m[Nest] 89748  - [39m06/03/2026, 10:54:02 AM [32m    LOG[39m [38;5;3m[RoutesResolver] [39m[32mAmoController {/api/v1/amo-crm}:[39m[38;5;3m +0ms[39m
[32m[Nest] 89748  - [39m06/03/2026, 10:54:02 AM [32m    LOG[39m [38;5;3m[RouterExplorer] [39m[32mMapped {/api/v1/amo-crm/connect, GET} route[39m[38;5;3m +0ms[39m
[32m[Nest] 89748  - [39m06/03/2026, 10:54:02 AM [32m    LOG[39m [38;5;3m[RouterExplorer] [39m[32mMapped {/api/v1/amo-crm/callback, GET} route[39m[38;5;3m +0ms[39m
[32m[Nest] 89748  - [39m06/03/2026, 10:54:02 AM [32m    LOG[39m [38;5;3m[RouterExplorer] [39m[32mMapped {/api/v1/amo-crm/backfill, POST} route[39m[38;5;3m +1ms[39m
[32m[Nest] 89748  - [39m06/03/2026, 10:54:02 AM [32m    LOG[39m [38;5;3m[RouterExplorer] [39m[32mMapped {/api/v1/amo-crm/backfill-history, POST} route[39m[38;5;3m +0ms[39m
[32m[Nest] 89748  - [39m06/03/2026, 10:54:02 AM [32m    LOG[39m [38;5;3m[RouterExplorer] [39m[32mMapped {/api/v1/amo-crm/sources, GET} route[39m[38;5;3m +0ms[39m
[32m[Nest] 89748  - [39m06/03/2026, 10:54:02 AM [32m    LOG[39m [38;5;3m[RouterExplorer] [39m[32mMapped {/api/v1/amo-crm/tags, GET} route[39m[38;5;3m +0ms[39m
[32m[Nest] 89748  - [39m06/03/2026, 10:54:02 AM [32m    LOG[39m [38;5;3m[RoutesResolver] [39m[32mAdminController {/api/v1/admin/partners}:[39m[38;5;3m +0ms[39m
[32m[Nest] 89748  - [39m06/03/2026, 10:54:02 AM [32m    LOG[39m [38;5;3m[RouterExplorer] [39m[32mMapped {/api/v1/admin/partners, GET} route[39m[38;5;3m +0ms[39m
[32m[Nest] 89748  - [39m06/03/2026, 10:54:02 AM [32m    LOG[39m [38;5;3m[RouterExplorer] [39m[32mMapped {/api/v1/admin/partners, POST} route[39m[38;5;3m +0ms[39m
[32m[Nest] 89748  - [39m06/03/2026, 10:54:02 AM [32m    LOG[39m [38;5;3m[RouterExplorer] [39m[32mMapped {/api/v1/admin/partners/:id, PUT} route[39m[38;5;3m +1ms[39m
[32m[Nest] 89748  - [39m06/03/2026, 10:54:02 AM [32m    LOG[39m [38;5;3m[RouterExplorer] [39m[32mMapped {/api/v1/admin/partners/:id, DELETE} route[39m[38;5;3m +0ms[39m
[32m[Nest] 89748  - [39m06/03/2026, 10:54:02 AM [32m    LOG[39m [38;5;3m[RouterExplorer] [39m[32mMapped {/api/v1/admin/partners/sync, POST} route[39m[38;5;3m +0ms[39m
[32m[Nest] 89748  - [39m06/03/2026, 10:54:02 AM [32m    LOG[39m [38;5;3m[RoutesResolver] [39m[32mWebhookController {/api/v1/webhook}:[39m[38;5;3m +0ms[39m
[32m[Nest] 89748  - [39m06/03/2026, 10:54:02 AM [32m    LOG[39m [38;5;3m[RouterExplorer] [39m[32mMapped {/api/v1/webhook/amocrm, POST} route[39m[38;5;3m +0ms[39m
[32m[Nest] 89748  - [39m06/03/2026, 10:54:02 AM [32m    LOG[39m [38;5;3m[RoutesResolver] [39m[32mProfileController {/api/v1/profile}:[39m[38;5;3m +0ms[39m
[32m[Nest] 89748  - [39m06/03/2026, 10:54:02 AM [32m    LOG[39m [38;5;3m[RouterExplorer] [39m[32mMapped {/api/v1/profile, GET} route[39m[38;5;3m +0ms[39m
[32m[Nest] 89748  - [39m06/03/2026, 10:54:02 AM [32m    LOG[39m [38;5;3m[RouterExplorer] [39m[32mMapped {/api/v1/profile/notifications, PUT} route[39m[38;5;3m +0ms[39m
[32m[Nest] 89748  - [39m06/03/2026, 10:54:02 AM [32m    LOG[39m [38;5;3m[RouterExplorer] [39m[32mMapped {/api/v1/profile/password, PUT} route[39m[38;5;3m +0ms[39m
[32m[Nest] 89748  - [39m06/03/2026, 10:54:02 AM [32m    LOG[39m [38;5;3m[RoutesResolver] [39m[32mAnalyticsController {/api/v1/analytics}:[39m[38;5;3m +0ms[39m
[32m[Nest] 89748  - [39m06/03/2026, 10:54:02 AM [32m    LOG[39m [38;5;3m[RouterExplorer] [39m[32mMapped {/api/v1/analytics/dashboard, GET} route[39m[38;5;3m +0ms[39m
[32m[Nest] 89748  - [39m06/03/2026, 10:54:02 AM [32m    LOG[39m [38;5;3m[RoutesResolver] [39m[32mPayoutsController {/api/v1/payouts}:[39m[38;5;3m +0ms[39m
[32m[Nest] 89748  - [39m06/03/2026, 10:54:02 AM [32m    LOG[39m [38;5;3m[RouterExplorer] [39m[32mMapped {/api/v1/payouts, GET} route[39m[38;5;3m +0ms[39m
[32m[Nest] 89748  - [39m06/03/2026, 10:54:02 AM [32m    LOG[39m [38;5;3m[RoutesResolver] [39m[32mReferralsController {/api/v1/referrals}:[39m[38;5;3m +0ms[39m
[32m[Nest] 89748  - [39m06/03/2026, 10:54:02 AM [32m    LOG[39m [38;5;3m[RouterExplorer] [39m[32mMapped {/api/v1/referrals, GET} route[39m[38;5;3m +0ms[39m
[32m[Nest] 89748  - [39m06/03/2026, 10:54:02 AM [32m    LOG[39m [38;5;3m[PrismaService] [39m[32mDatabase connected[39m
[32m[Nest] 89748  - [39m06/03/2026, 10:54:02 AM [32m    LOG[39m [38;5;3m[NestApplication] [39m[32mNest application successfully started[39m[38;5;3m +206ms[39m
[31m[Nest] 89748  - [39m06/03/2026, 10:54:02 AM [31m  ERROR[39m [38;5;3m[NestApplication] [39m[31mError: listen EADDRINUSE: address already in use :::3001[39m[38;5;3m +25ms[39m
node:net:1912
    const ex = new UVExceptionWithHostPort(err, 'listen', address, port);
               ^

Error: listen EADDRINUSE: address already in use :::3001
    at Server.setupListenHandle [as _listen2] (node:net:1912:16)
    at listenInCluster (node:net:1969:12)
    at Server.listen (node:net:2074:7)
    at ExpressAdapter.listen (/Users/vytvytskyi/foryou_partners/backend/node_modules/@nestjs/platform-express/adapters/express-adapter.js:95:32)
    at /Users/vytvytskyi/foryou_partners/backend/node_modules/@nestjs/core/nest-application.js:183:30
    at new Promise (<anonymous>)
    at NestApplication.listen (/Users/vytvytskyi/foryou_partners/backend/node_modules/@nestjs/core/nest-application.js:173:16)
    at async bootstrap (/Users/vytvytskyi/foryou_partners/backend/src/main.ts:75:3) {
  code: 'EADDRINUSE',
  errno: -48,
  syscall: 'listen',
  address: '::',
  port: 3001
}

Node.js v22.12.0
[2J[3J[H[[90m11:04:22 AM[0m] File change detected. Starting incremental compilation...

[[90m11:04:24 AM[0m] Found 0 errors. Watching for file changes.

[32m[Nest] 90168  - [39m06/03/2026, 11:04:28 AM [32m    LOG[39m [38;5;3m[NestFactory] [39m[32mStarting Nest application...[39m
[32m[Nest] 90168  - [39m06/03/2026, 11:04:28 AM [32m    LOG[39m [38;5;3m[InstanceLoader] [39m[32mAppModule dependencies initialized[39m[38;5;3m +44ms[39m
[32m[Nest] 90168  - [39m06/03/2026, 11:04:28 AM [32m    LOG[39m [38;5;3m[InstanceLoader] [39m[32mConfigModule dependencies initialized[39m[38;5;3m +0ms[39m
[32m[Nest] 90168  - [39m06/03/2026, 11:04:28 AM [32m    LOG[39m [38;5;3m[InstanceLoader] [39m[32mDatabaseModule dependencies initialized[39m[38;5;3m +30ms[39m
[32m[Nest] 90168  - [39m06/03/2026, 11:04:28 AM [32m    LOG[39m [38;5;3m[InstanceLoader] [39m[32mPassportModule dependencies initialized[39m[38;5;3m +0ms[39m
[32m[Nest] 90168  - [39m06/03/2026, 11:04:28 AM [32m    LOG[39m [38;5;3m[InstanceLoader] [39m[32mThrottlerModule dependencies initialized[39m[38;5;3m +41ms[39m
[32m[Nest] 90168  - [39m06/03/2026, 11:04:28 AM [32m    LOG[39m [38;5;3m[InstanceLoader] [39m[32mJwtModule dependencies initialized[39m[38;5;3m +0ms[39m
[32m[Nest] 90168  - [39m06/03/2026, 11:04:28 AM [32m    LOG[39m [38;5;3m[InstanceLoader] [39m[32mConfigHostModule dependencies initialized[39m[38;5;3m +1ms[39m
[32m[Nest] 90168  - [39m06/03/2026, 11:04:28 AM [32m    LOG[39m [38;5;3m[InstanceLoader] [39m[32mAuditModule dependencies initialized[39m[38;5;3m +0ms[39m
[32m[Nest] 90168  - [39m06/03/2026, 11:04:28 AM [32m    LOG[39m [38;5;3m[InstanceLoader] [39m[32mDiscoveryModule dependencies initialized[39m[38;5;3m +1ms[39m
[32m[Nest] 90168  - [39m06/03/2026, 11:04:28 AM [32m    LOG[39m [38;5;3m[InstanceLoader] [39m[32mTerminusModule dependencies initialized[39m[38;5;3m +1ms[39m
[32m[Nest] 90168  - [39m06/03/2026, 11:04:28 AM [32m    LOG[39m [38;5;3m[InstanceLoader] [39m[32mConfigModule dependencies initialized[39m[38;5;3m +0ms[39m
[32m[Nest] 90168  - [39m06/03/2026, 11:04:28 AM [32m    LOG[39m [38;5;3m[InstanceLoader] [39m[32mScheduleModule dependencies initialized[39m[38;5;3m +4ms[39m
[32m[Nest] 90168  - [39m06/03/2026, 11:04:28 AM [32m    LOG[39m [38;5;3m[InstanceLoader] [39m[32mRedisModule dependencies initialized[39m[38;5;3m +0ms[39m
[32m[Nest] 90168  - [39m06/03/2026, 11:04:28 AM [32m    LOG[39m [38;5;3m[InstanceLoader] [39m[32mEmailModule dependencies initialized[39m[38;5;3m +0ms[39m
[32m[Nest] 90168  - [39m06/03/2026, 11:04:28 AM [32m    LOG[39m [38;5;3m[InstanceLoader] [39m[32mProfileModule dependencies initialized[39m[38;5;3m +1ms[39m
[32m[Nest] 90168  - [39m06/03/2026, 11:04:28 AM [32m    LOG[39m [38;5;3m[InstanceLoader] [39m[32mAnalyticsModule dependencies initialized[39m[38;5;3m +0ms[39m
[32m[Nest] 90168  - [39m06/03/2026, 11:04:28 AM [32m    LOG[39m [38;5;3m[InstanceLoader] [39m[32mPayoutsModule dependencies initialized[39m[38;5;3m +0ms[39m
[32m[Nest] 90168  - [39m06/03/2026, 11:04:28 AM [32m    LOG[39m [38;5;3m[InstanceLoader] [39m[32mReferralsModule dependencies initialized[39m[38;5;3m +0ms[39m
[32m[Nest] 90168  - [39m06/03/2026, 11:04:28 AM [32m    LOG[39m [38;5;3m[InstanceLoader] [39m[32mAuthModule dependencies initialized[39m[38;5;3m +0ms[39m
[32m[Nest] 90168  - [39m06/03/2026, 11:04:28 AM [32m    LOG[39m [38;5;3m[InstanceLoader] [39m[32mHealthModule dependencies initialized[39m[38;5;3m +1ms[39m
[32m[Nest] 90168  - [39m06/03/2026, 11:04:28 AM [32m    LOG[39m [38;5;3m[InstanceLoader] [39m[32mWebhookModule dependencies initialized[39m[38;5;3m +0ms[39m
[32m[Nest] 90168  - [39m06/03/2026, 11:04:28 AM [32m    LOG[39m [38;5;3m[InstanceLoader] [39m[32mAmoModule dependencies initialized[39m[38;5;3m +0ms[39m
[32m[Nest] 90168  - [39m06/03/2026, 11:04:28 AM [32m    LOG[39m [38;5;3m[InstanceLoader] [39m[32mAdminModule dependencies initialized[39m[38;5;3m +0ms[39m
[32m[Nest] 90168  - [39m06/03/2026, 11:04:28 AM [32m    LOG[39m [38;5;3m[InstanceLoader] [39m[32mLeadsModule dependencies initialized[39m[38;5;3m +0ms[39m
[32m[Nest] 90168  - [39m06/03/2026, 11:04:28 AM [32m    LOG[39m [38;5;3m[RoutesResolver] [39m[32mHealthController {/api/v1/health}:[39m[38;5;3m +8ms[39m
[32m[Nest] 90168  - [39m06/03/2026, 11:04:28 AM [32m    LOG[39m [38;5;3m[RouterExplorer] [39m[32mMapped {/api/v1/health, GET} route[39m[38;5;3m +4ms[39m
[32m[Nest] 90168  - [39m06/03/2026, 11:04:28 AM [32m    LOG[39m [38;5;3m[RoutesResolver] [39m[32mAuthController {/api/v1/auth}:[39m[38;5;3m +0ms[39m
[32m[Nest] 90168  - [39m06/03/2026, 11:04:28 AM [32m    LOG[39m [38;5;3m[RouterExplorer] [39m[32mMapped {/api/v1/auth/login, POST} route[39m[38;5;3m +1ms[39m
[32m[Nest] 90168  - [39m06/03/2026, 11:04:28 AM [32m    LOG[39m [38;5;3m[RouterExplorer] [39m[32mMapped {/api/v1/auth/register, POST} route[39m[38;5;3m +0ms[39m
[32m[Nest] 90168  - [39m06/03/2026, 11:04:28 AM [32m    LOG[39m [38;5;3m[RouterExplorer] [39m[32mMapped {/api/v1/auth/refresh, POST} route[39m[38;5;3m +0ms[39m
[32m[Nest] 90168  - [39m06/03/2026, 11:04:28 AM [32m    LOG[39m [38;5;3m[RouterExplorer] [39m[32mMapped {/api/v1/auth/logout, POST} route[39m[38;5;3m +0ms[39m
[32m[Nest] 90168  - [39m06/03/2026, 11:04:28 AM [32m    LOG[39m [38;5;3m[RouterExplorer] [39m[32mMapped {/api/v1/auth/password/forgot, POST} route[39m[38;5;3m +0ms[39m
[32m[Nest] 90168  - [39m06/03/2026, 11:04:28 AM [32m    LOG[39m [38;5;3m[RouterExplorer] [39m[32mMapped {/api/v1/auth/password/reset, POST} route[39m[38;5;3m +0ms[39m
[32m[Nest] 90168  - [39m06/03/2026, 11:04:28 AM [32m    LOG[39m [38;5;3m[RoutesResolver] [39m[32mLeadsController {/api/v1/leads}:[39m[38;5;3m +1ms[39m
[32m[Nest] 90168  - [39m06/03/2026, 11:04:28 AM [32m    LOG[39m [38;5;3m[RouterExplorer] [39m[32mMapped {/api/v1/leads, GET} route[39m[38;5;3m +0ms[39m
[32m[Nest] 90168  - [39m06/03/2026, 11:04:28 AM [32m    LOG[39m [38;5;3m[RouterExplorer] [39m[32mMapped {/api/v1/leads, POST} route[39m[38;5;3m +0ms[39m
[32m[Nest] 90168  - [39m06/03/2026, 11:04:28 AM [32m    LOG[39m [38;5;3m[RouterExplorer] [39m[32mMapped {/api/v1/leads/board, GET} route[39m[38;5;3m +0ms[39m
[32m[Nest] 90168  - [39m06/03/2026, 11:04:28 AM [32m    LOG[39m [38;5;3m[RouterExplorer] [39m[32mMapped {/api/v1/leads/:id, GET} route[39m[38;5;3m +1ms[39m
[32m[Nest] 90168  - [39m06/03/2026, 11:04:28 AM [32m    LOG[39m [38;5;3m[RouterExplorer] [39m[32mMapped {/api/v1/leads/:id/history, GET} route[39m[38;5;3m +0ms[39m
[32m[Nest] 90168  - [39m06/03/2026, 11:04:28 AM [32m    LOG[39m [38;5;3m[RouterExplorer] [39m[32mMapped {/api/v1/leads/:id/notes, GET} route[39m[38;5;3m +0ms[39m
[32m[Nest] 90168  - [39m06/03/2026, 11:04:28 AM [32m    LOG[39m [38;5;3m[RouterExplorer] [39m[32mMapped {/api/v1/leads/:id/notes, POST} route[39m[38;5;3m +0ms[39m
[32m[Nest] 90168  - [39m06/03/2026, 11:04:28 AM [32m    LOG[39m [38;5;3m[RoutesResolver] [39m[32mAmoController {/api/v1/amo-crm}:[39m[38;5;3m +0ms[39m
[32m[Nest] 90168  - [39m06/03/2026, 11:04:28 AM [32m    LOG[39m [38;5;3m[RouterExplorer] [39m[32mMapped {/api/v1/amo-crm/connect, GET} route[39m[38;5;3m +0ms[39m
[32m[Nest] 90168  - [39m06/03/2026, 11:04:28 AM [32m    LOG[39m [38;5;3m[RouterExplorer] [39m[32mMapped {/api/v1/amo-crm/callback, GET} route[39m[38;5;3m +1ms[39m
[32m[Nest] 90168  - [39m06/03/2026, 11:04:28 AM [32m    LOG[39m [38;5;3m[RouterExplorer] [39m[32mMapped {/api/v1/amo-crm/backfill, GET} route[39m[38;5;3m +0ms[39m
[32m[Nest] 90168  - [39m06/03/2026, 11:04:28 AM [32m    LOG[39m [38;5;3m[RouterExplorer] [39m[32mMapped {/api/v1/amo-crm/backfill-history, POST} route[39m[38;5;3m +0ms[39m
[32m[Nest] 90168  - [39m06/03/2026, 11:04:28 AM [32m    LOG[39m [38;5;3m[RouterExplorer] [39m[32mMapped {/api/v1/amo-crm/sources, GET} route[39m[38;5;3m +0ms[39m
[32m[Nest] 90168  - [39m06/03/2026, 11:04:28 AM [32m    LOG[39m [38;5;3m[RouterExplorer] [39m[32mMapped {/api/v1/amo-crm/tags, GET} route[39m[38;5;3m +0ms[39m
[32m[Nest] 90168  - [39m06/03/2026, 11:04:28 AM [32m    LOG[39m [38;5;3m[RoutesResolver] [39m[32mAdminController {/api/v1/admin/partners}:[39m[38;5;3m +0ms[39m
[32m[Nest] 90168  - [39m06/03/2026, 11:04:28 AM [32m    LOG[39m [38;5;3m[RouterExplorer] [39m[32mMapped {/api/v1/admin/partners, GET} route[39m[38;5;3m +0ms[39m
[32m[Nest] 90168  - [39m06/03/2026, 11:04:28 AM [32m    LOG[39m [38;5;3m[RouterExplorer] [39m[32mMapped {/api/v1/admin/partners, POST} route[39m[38;5;3m +0ms[39m
[32m[Nest] 90168  - [39m06/03/2026, 11:04:28 AM [32m    LOG[39m [38;5;3m[RouterExplorer] [39m[32mMapped {/api/v1/admin/partners/:id, PUT} route[39m[38;5;3m +0ms[39m
[32m[Nest] 90168  - [39m06/03/2026, 11:04:28 AM [32m    LOG[39m [38;5;3m[RouterExplorer] [39m[32mMapped {/api/v1/admin/partners/:id, DELETE} route[39m[38;5;3m +0ms[39m
[32m[Nest] 90168  - [39m06/03/2026, 11:04:28 AM [32m    LOG[39m [38;5;3m[RouterExplorer] [39m[32mMapped {/api/v1/admin/partners/sync, POST} route[39m[38;5;3m +0ms[39m
[32m[Nest] 90168  - [39m06/03/2026, 11:04:28 AM [32m    LOG[39m [38;5;3m[RoutesResolver] [39m[32mWebhookController {/api/v1/webhook}:[39m[38;5;3m +0ms[39m
[32m[Nest] 90168  - [39m06/03/2026, 11:04:28 AM [32m    LOG[39m [38;5;3m[RouterExplorer] [39m[32mMapped {/api/v1/webhook/amocrm, POST} route[39m[38;5;3m +0ms[39m
[32m[Nest] 90168  - [39m06/03/2026, 11:04:28 AM [32m    LOG[39m [38;5;3m[RoutesResolver] [39m[32mProfileController {/api/v1/profile}:[39m[38;5;3m +0ms[39m
[32m[Nest] 90168  - [39m06/03/2026, 11:04:28 AM [32m    LOG[39m [38;5;3m[RouterExplorer] [39m[32mMapped {/api/v1/profile, GET} route[39m[38;5;3m +0ms[39m
[32m[Nest] 90168  - [39m06/03/2026, 11:04:28 AM [32m    LOG[39m [38;5;3m[RouterExplorer] [39m[32mMapped {/api/v1/profile/notifications, PUT} route[39m[38;5;3m +0ms[39m
[32m[Nest] 90168  - [39m06/03/2026, 11:04:28 AM [32m    LOG[39m [38;5;3m[RouterExplorer] [39m[32mMapped {/api/v1/profile/password, PUT} route[39m[38;5;3m +0ms[39m
[32m[Nest] 90168  - [39m06/03/2026, 11:04:28 AM [32m    LOG[39m [38;5;3m[RoutesResolver] [39m[32mAnalyticsController {/api/v1/analytics}:[39m[38;5;3m +0ms[39m
[32m[Nest] 90168  - [39m06/03/2026, 11:04:28 AM [32m    LOG[39m [38;5;3m[RouterExplorer] [39m[32mMapped {/api/v1/analytics/dashboard, GET} route[39m[38;5;3m +0ms[39m
[32m[Nest] 90168  - [39m06/03/2026, 11:04:28 AM [32m    LOG[39m [38;5;3m[RoutesResolver] [39m[32mPayoutsController {/api/v1/payouts}:[39m[38;5;3m +0ms[39m
[32m[Nest] 90168  - [39m06/03/2026, 11:04:28 AM [32m    LOG[39m [38;5;3m[RouterExplorer] [39m[32mMapped {/api/v1/payouts, GET} route[39m[38;5;3m +0ms[39m
[32m[Nest] 90168  - [39m06/03/2026, 11:04:28 AM [32m    LOG[39m [38;5;3m[RoutesResolver] [39m[32mReferralsController {/api/v1/referrals}:[39m[38;5;3m +0ms[39m
[32m[Nest] 90168  - [39m06/03/2026, 11:04:28 AM [32m    LOG[39m [38;5;3m[RouterExplorer] [39m[32mMapped {/api/v1/referrals, GET} route[39m[38;5;3m +0ms[39m
[32m[Nest] 90168  - [39m06/03/2026, 11:04:28 AM [32m    LOG[39m [38;5;3m[PrismaService] [39m[32mDatabase connected[39m
[32m[Nest] 90168  - [39m06/03/2026, 11:04:28 AM [32m    LOG[39m [38;5;3m[NestApplication] [39m[32mNest application successfully started[39m[38;5;3m +25ms[39m
[31m[Nest] 90168  - [39m06/03/2026, 11:04:28 AM [31m  ERROR[39m [38;5;3m[NestApplication] [39m[31mError: listen EADDRINUSE: address already in use :::3001[39m[38;5;3m +3ms[39m
node:net:1912
    const ex = new UVExceptionWithHostPort(err, 'listen', address, port);
               ^

Error: listen EADDRINUSE: address already in use :::3001
    at Server.setupListenHandle [as _listen2] (node:net:1912:16)
    at listenInCluster (node:net:1969:12)
    at Server.listen (node:net:2074:7)
    at ExpressAdapter.listen (/Users/vytvytskyi/foryou_partners/backend/node_modules/@nestjs/platform-express/adapters/express-adapter.js:95:32)
    at /Users/vytvytskyi/foryou_partners/backend/node_modules/@nestjs/core/nest-application.js:183:30
    at new Promise (<anonymous>)
    at NestApplication.listen (/Users/vytvytskyi/foryou_partners/backend/node_modules/@nestjs/core/nest-application.js:173:16)
    at async bootstrap (/Users/vytvytskyi/foryou_partners/backend/src/main.ts:75:3) {
  code: 'EADDRINUSE',
  errno: -48,
  syscall: 'listen',
  address: '::',
  port: 3001
}

Node.js v22.12.0
[2J[3J[H[[90m11:04:50 AM[0m] File change detected. Starting incremental compilation...

[[90m11:04:51 AM[0m] Found 0 errors. Watching for file changes.

[32m[Nest] 90201  - [39m06/03/2026, 11:04:54 AM [32m    LOG[39m [38;5;3m[NestFactory] [39m[32mStarting Nest application...[39m
[32m[Nest] 90201  - [39m06/03/2026, 11:04:54 AM [32m    LOG[39m [38;5;3m[InstanceLoader] [39m[32mAppModule dependencies initialized[39m[38;5;3m +37ms[39m
[32m[Nest] 90201  - [39m06/03/2026, 11:04:54 AM [32m    LOG[39m [38;5;3m[InstanceLoader] [39m[32mConfigModule dependencies initialized[39m[38;5;3m +0ms[39m
[32m[Nest] 90201  - [39m06/03/2026, 11:04:54 AM [32m    LOG[39m [38;5;3m[InstanceLoader] [39m[32mDatabaseModule dependencies initialized[39m[38;5;3m +50ms[39m
[32m[Nest] 90201  - [39m06/03/2026, 11:04:54 AM [32m    LOG[39m [38;5;3m[InstanceLoader] [39m[32mPassportModule dependencies initialized[39m[38;5;3m +0ms[39m
[32m[Nest] 90201  - [39m06/03/2026, 11:04:54 AM [32m    LOG[39m [38;5;3m[InstanceLoader] [39m[32mThrottlerModule dependencies initialized[39m[38;5;3m +55ms[39m
[32m[Nest] 90201  - [39m06/03/2026, 11:04:54 AM [32m    LOG[39m [38;5;3m[InstanceLoader] [39m[32mJwtModule dependencies initialized[39m[38;5;3m +0ms[39m
[32m[Nest] 90201  - [39m06/03/2026, 11:04:54 AM [32m    LOG[39m [38;5;3m[InstanceLoader] [39m[32mConfigHostModule dependencies initialized[39m[38;5;3m +3ms[39m
[32m[Nest] 90201  - [39m06/03/2026, 11:04:54 AM [32m    LOG[39m [38;5;3m[InstanceLoader] [39m[32mAuditModule dependencies initialized[39m[38;5;3m +2ms[39m
[32m[Nest] 90201  - [39m06/03/2026, 11:04:54 AM [32m    LOG[39m [38;5;3m[InstanceLoader] [39m[32mDiscoveryModule dependencies initialized[39m[38;5;3m +3ms[39m
[32m[Nest] 90201  - [39m06/03/2026, 11:04:54 AM [32m    LOG[39m [38;5;3m[InstanceLoader] [39m[32mTerminusModule dependencies initialized[39m[38;5;3m +2ms[39m
[32m[Nest] 90201  - [39m06/03/2026, 11:04:54 AM [32m    LOG[39m [38;5;3m[InstanceLoader] [39m[32mConfigModule dependencies initialized[39m[38;5;3m +0ms[39m
[32m[Nest] 90201  - [39m06/03/2026, 11:04:54 AM [32m    LOG[39m [38;5;3m[InstanceLoader] [39m[32mScheduleModule dependencies initialized[39m[38;5;3m +4ms[39m
[32m[Nest] 90201  - [39m06/03/2026, 11:04:54 AM [32m    LOG[39m [38;5;3m[InstanceLoader] [39m[32mRedisModule dependencies initialized[39m[38;5;3m +1ms[39m
[32m[Nest] 90201  - [39m06/03/2026, 11:04:54 AM [32m    LOG[39m [38;5;3m[InstanceLoader] [39m[32mEmailModule dependencies initialized[39m[38;5;3m +0ms[39m
[32m[Nest] 90201  - [39m06/03/2026, 11:04:54 AM [32m    LOG[39m [38;5;3m[InstanceLoader] [39m[32mProfileModule dependencies initialized[39m[38;5;3m +2ms[39m
[32m[Nest] 90201  - [39m06/03/2026, 11:04:54 AM [32m    LOG[39m [38;5;3m[InstanceLoader] [39m[32mAnalyticsModule dependencies initialized[39m[38;5;3m +0ms[39m
[32m[Nest] 90201  - [39m06/03/2026, 11:04:54 AM [32m    LOG[39m [38;5;3m[InstanceLoader] [39m[32mPayoutsModule dependencies initialized[39m[38;5;3m +0ms[39m
[32m[Nest] 90201  - [39m06/03/2026, 11:04:54 AM [32m    LOG[39m [38;5;3m[InstanceLoader] [39m[32mReferralsModule dependencies initialized[39m[38;5;3m +0ms[39m
[32m[Nest] 90201  - [39m06/03/2026, 11:04:54 AM [32m    LOG[39m [38;5;3m[InstanceLoader] [39m[32mAuthModule dependencies initialized[39m[38;5;3m +0ms[39m
[32m[Nest] 90201  - [39m06/03/2026, 11:04:54 AM [32m    LOG[39m [38;5;3m[InstanceLoader] [39m[32mHealthModule dependencies initialized[39m[38;5;3m +1ms[39m
[32m[Nest] 90201  - [39m06/03/2026, 11:04:54 AM [32m    LOG[39m [38;5;3m[InstanceLoader] [39m[32mWebhookModule dependencies initialized[39m[38;5;3m +0ms[39m
[32m[Nest] 90201  - [39m06/03/2026, 11:04:54 AM [32m    LOG[39m [38;5;3m[InstanceLoader] [39m[32mAmoModule dependencies initialized[39m[38;5;3m +0ms[39m
[32m[Nest] 90201  - [39m06/03/2026, 11:04:54 AM [32m    LOG[39m [38;5;3m[InstanceLoader] [39m[32mAdminModule dependencies initialized[39m[38;5;3m +0ms[39m
[32m[Nest] 90201  - [39m06/03/2026, 11:04:54 AM [32m    LOG[39m [38;5;3m[InstanceLoader] [39m[32mLeadsModule dependencies initialized[39m[38;5;3m +0ms[39m
[32m[Nest] 90201  - [39m06/03/2026, 11:04:54 AM [32m    LOG[39m [38;5;3m[RoutesResolver] [39m[32mHealthController {/api/v1/health}:[39m[38;5;3m +20ms[39m
[32m[Nest] 90201  - [39m06/03/2026, 11:04:54 AM [32m    LOG[39m [38;5;3m[RouterExplorer] [39m[32mMapped {/api/v1/health, GET} route[39m[38;5;3m +3ms[39m
[32m[Nest] 90201  - [39m06/03/2026, 11:04:54 AM [32m    LOG[39m [38;5;3m[RoutesResolver] [39m[32mAuthController {/api/v1/auth}:[39m[38;5;3m +0ms[39m
[32m[Nest] 90201  - [39m06/03/2026, 11:04:54 AM [32m    LOG[39m [38;5;3m[RouterExplorer] [39m[32mMapped {/api/v1/auth/login, POST} route[39m[38;5;3m +0ms[39m
[32m[Nest] 90201  - [39m06/03/2026, 11:04:54 AM [32m    LOG[39m [38;5;3m[RouterExplorer] [39m[32mMapped {/api/v1/auth/register, POST} route[39m[38;5;3m +1ms[39m
[32m[Nest] 90201  - [39m06/03/2026, 11:04:54 AM [32m    LOG[39m [38;5;3m[RouterExplorer] [39m[32mMapped {/api/v1/auth/refresh, POST} route[39m[38;5;3m +0ms[39m
[32m[Nest] 90201  - [39m06/03/2026, 11:04:54 AM [32m    LOG[39m [38;5;3m[RouterExplorer] [39m[32mMapped {/api/v1/auth/logout, POST} route[39m[38;5;3m +0ms[39m
[32m[Nest] 90201  - [39m06/03/2026, 11:04:54 AM [32m    LOG[39m [38;5;3m[RouterExplorer] [39m[32mMapped {/api/v1/auth/password/forgot, POST} route[39m[38;5;3m +0ms[39m
[32m[Nest] 90201  - [39m06/03/2026, 11:04:54 AM [32m    LOG[39m [38;5;3m[RouterExplorer] [39m[32mMapped {/api/v1/auth/password/reset, POST} route[39m[38;5;3m +1ms[39m
[32m[Nest] 90201  - [39m06/03/2026, 11:04:54 AM [32m    LOG[39m [38;5;3m[RoutesResolver] [39m[32mLeadsController {/api/v1/leads}:[39m[38;5;3m +0ms[39m
[32m[Nest] 90201  - [39m06/03/2026, 11:04:54 AM [32m    LOG[39m [38;5;3m[RouterExplorer] [39m[32mMapped {/api/v1/leads, GET} route[39m[38;5;3m +0ms[39m
[32m[Nest] 90201  - [39m06/03/2026, 11:04:54 AM [32m    LOG[39m [38;5;3m[RouterExplorer] [39m[32mMapped {/api/v1/leads, POST} route[39m[38;5;3m +1ms[39m
[32m[Nest] 90201  - [39m06/03/2026, 11:04:54 AM [32m    LOG[39m [38;5;3m[RouterExplorer] [39m[32mMapped {/api/v1/leads/board, GET} route[39m[38;5;3m +1ms[39m
[32m[Nest] 90201  - [39m06/03/2026, 11:04:54 AM [32m    LOG[39m [38;5;3m[RouterExplorer] [39m[32mMapped {/api/v1/leads/:id, GET} route[39m[38;5;3m +0ms[39m
[32m[Nest] 90201  - [39m06/03/2026, 11:04:54 AM [32m    LOG[39m [38;5;3m[RouterExplorer] [39m[32mMapped {/api/v1/leads/:id/history, GET} route[39m[38;5;3m +0ms[39m
[32m[Nest] 90201  - [39m06/03/2026, 11:04:54 AM [32m    LOG[39m [38;5;3m[RouterExplorer] [39m[32mMapped {/api/v1/leads/:id/notes, GET} route[39m[38;5;3m +0ms[39m
[32m[Nest] 90201  - [39m06/03/2026, 11:04:54 AM [32m    LOG[39m [38;5;3m[RouterExplorer] [39m[32mMapped {/api/v1/leads/:id/notes, POST} route[39m[38;5;3m +0ms[39m
[32m[Nest] 90201  - [39m06/03/2026, 11:04:54 AM [32m    LOG[39m [38;5;3m[RoutesResolver] [39m[32mAmoController {/api/v1/amo-crm}:[39m[38;5;3m +0ms[39m
[32m[Nest] 90201  - [39m06/03/2026, 11:04:54 AM [32m    LOG[39m [38;5;3m[RouterExplorer] [39m[32mMapped {/api/v1/amo-crm/connect, GET} route[39m[38;5;3m +0ms[39m
[32m[Nest] 90201  - [39m06/03/2026, 11:04:54 AM [32m    LOG[39m [38;5;3m[RouterExplorer] [39m[32mMapped {/api/v1/amo-crm/callback, GET} route[39m[38;5;3m +0ms[39m
[32m[Nest] 90201  - [39m06/03/2026, 11:04:54 AM [32m    LOG[39m [38;5;3m[RouterExplorer] [39m[32mMapped {/api/v1/amo-crm/backfill, POST} route[39m[38;5;3m +3ms[39m
[32m[Nest] 90201  - [39m06/03/2026, 11:04:54 AM [32m    LOG[39m [38;5;3m[RouterExplorer] [39m[32mMapped {/api/v1/amo-crm/backfill-history, POST} route[39m[38;5;3m +0ms[39m
[32m[Nest] 90201  - [39m06/03/2026, 11:04:54 AM [32m    LOG[39m [38;5;3m[RouterExplorer] [39m[32mMapped {/api/v1/amo-crm/sources, GET} route[39m[38;5;3m +0ms[39m
[32m[Nest] 90201  - [39m06/03/2026, 11:04:54 AM [32m    LOG[39m [38;5;3m[RouterExplorer] [39m[32mMapped {/api/v1/amo-crm/tags, GET} route[39m[38;5;3m +1ms[39m
[32m[Nest] 90201  - [39m06/03/2026, 11:04:54 AM [32m    LOG[39m [38;5;3m[RoutesResolver] [39m[32mAdminController {/api/v1/admin/partners}:[39m[38;5;3m +0ms[39m
[32m[Nest] 90201  - [39m06/03/2026, 11:04:54 AM [32m    LOG[39m [38;5;3m[RouterExplorer] [39m[32mMapped {/api/v1/admin/partners, GET} route[39m[38;5;3m +0ms[39m
[32m[Nest] 90201  - [39m06/03/2026, 11:04:54 AM [32m    LOG[39m [38;5;3m[RouterExplorer] [39m[32mMapped {/api/v1/admin/partners, POST} route[39m[38;5;3m +0ms[39m
[32m[Nest] 90201  - [39m06/03/2026, 11:04:54 AM [32m    LOG[39m [38;5;3m[RouterExplorer] [39m[32mMapped {/api/v1/admin/partners/:id, PUT} route[39m[38;5;3m +1ms[39m
[32m[Nest] 90201  - [39m06/03/2026, 11:04:54 AM [32m    LOG[39m [38;5;3m[RouterExplorer] [39m[32mMapped {/api/v1/admin/partners/:id, DELETE} route[39m[38;5;3m +0ms[39m
[32m[Nest] 90201  - [39m06/03/2026, 11:04:54 AM [32m    LOG[39m [38;5;3m[RouterExplorer] [39m[32mMapped {/api/v1/admin/partners/sync, POST} route[39m[38;5;3m +0ms[39m
[32m[Nest] 90201  - [39m06/03/2026, 11:04:54 AM [32m    LOG[39m [38;5;3m[RoutesResolver] [39m[32mWebhookController {/api/v1/webhook}:[39m[38;5;3m +0ms[39m
[32m[Nest] 90201  - [39m06/03/2026, 11:04:54 AM [32m    LOG[39m [38;5;3m[RouterExplorer] [39m[32mMapped {/api/v1/webhook/amocrm, POST} route[39m[38;5;3m +0ms[39m
[32m[Nest] 90201  - [39m06/03/2026, 11:04:54 AM [32m    LOG[39m [38;5;3m[RoutesResolver] [39m[32mProfileController {/api/v1/profile}:[39m[38;5;3m +0ms[39m
[32m[Nest] 90201  - [39m06/03/2026, 11:04:54 AM [32m    LOG[39m [38;5;3m[RouterExplorer] [39m[32mMapped {/api/v1/profile, GET} route[39m[38;5;3m +0ms[39m
[32m[Nest] 90201  - [39m06/03/2026, 11:04:54 AM [32m    LOG[39m [38;5;3m[RouterExplorer] [39m[32mMapped {/api/v1/profile/notifications, PUT} route[39m[38;5;3m +1ms[39m
[32m[Nest] 90201  - [39m06/03/2026, 11:04:54 AM [32m    LOG[39m [38;5;3m[RouterExplorer] [39m[32mMapped {/api/v1/profile/password, PUT} route[39m[38;5;3m +0ms[39m
[32m[Nest] 90201  - [39m06/03/2026, 11:04:54 AM [32m    LOG[39m [38;5;3m[RoutesResolver] [39m[32mAnalyticsController {/api/v1/analytics}:[39m[38;5;3m +0ms[39m
[32m[Nest] 90201  - [39m06/03/2026, 11:04:54 AM [32m    LOG[39m [38;5;3m[RouterExplorer] [39m[32mMapped {/api/v1/analytics/dashboard, GET} route[39m[38;5;3m +0ms[39m
[32m[Nest] 90201  - [39m06/03/2026, 11:04:54 AM [32m    LOG[39m [38;5;3m[RoutesResolver] [39m[32mPayoutsController {/api/v1/payouts}:[39m[38;5;3m +0ms[39m
[32m[Nest] 90201  - [39m06/03/2026, 11:04:54 AM [32m    LOG[39m [38;5;3m[RouterExplorer] [39m[32mMapped {/api/v1/payouts, GET} route[39m[38;5;3m +0ms[39m
[32m[Nest] 90201  - [39m06/03/2026, 11:04:54 AM [32m    LOG[39m [38;5;3m[RoutesResolver] [39m[32mReferralsController {/api/v1/referrals}:[39m[38;5;3m +0ms[39m
[32m[Nest] 90201  - [39m06/03/2026, 11:04:54 AM [32m    LOG[39m [38;5;3m[RouterExplorer] [39m[32mMapped {/api/v1/referrals, GET} route[39m[38;5;3m +0ms[39m
[32m[Nest] 90201  - [39m06/03/2026, 11:04:54 AM [32m    LOG[39m [38;5;3m[PrismaService] [39m[32mDatabase connected[39m
[32m[Nest] 90201  - [39m06/03/2026, 11:04:54 AM [32m    LOG[39m [38;5;3m[NestApplication] [39m[32mNest application successfully started[39m[38;5;3m +53ms[39m
[31m[Nest] 90201  - [39m06/03/2026, 11:04:54 AM [31m  ERROR[39m [38;5;3m[NestApplication] [39m[31mError: listen EADDRINUSE: address already in use :::3001[39m[38;5;3m +3ms[39m
node:net:1912
    const ex = new UVExceptionWithHostPort(err, 'listen', address, port);
               ^

Error: listen EADDRINUSE: address already in use :::3001
    at Server.setupListenHandle [as _listen2] (node:net:1912:16)
    at listenInCluster (node:net:1969:12)
    at Server.listen (node:net:2074:7)
    at ExpressAdapter.listen (/Users/vytvytskyi/foryou_partners/backend/node_modules/@nestjs/platform-express/adapters/express-adapter.js:95:32)
    at /Users/vytvytskyi/foryou_partners/backend/node_modules/@nestjs/core/nest-application.js:183:30
    at new Promise (<anonymous>)
    at NestApplication.listen (/Users/vytvytskyi/foryou_partners/backend/node_modules/@nestjs/core/nest-application.js:173:16)
    at async bootstrap (/Users/vytvytskyi/foryou_partners/backend/src/main.ts:75:3) {
  code: 'EADDRINUSE',
  errno: -48,
  syscall: 'listen',
  address: '::',
  port: 3001
}

Node.js v22.12.0
[2J[3J[H[[90m11:13:55 AM[0m] File change detected. Starting incremental compilation...

[[90m11:14:02 AM[0m] Found 0 errors. Watching for file changes.

[32m[Nest] 90799  - [39m06/03/2026, 11:14:09 AM [32m    LOG[39m [38;5;3m[NestFactory] [39m[32mStarting Nest application...[39m
[32m[Nest] 90799  - [39m06/03/2026, 11:14:09 AM [32m    LOG[39m [38;5;3m[InstanceLoader] [39m[32mAppModule dependencies initialized[39m[38;5;3m +20ms[39m
[32m[Nest] 90799  - [39m06/03/2026, 11:14:09 AM [32m    LOG[39m [38;5;3m[InstanceLoader] [39m[32mConfigModule dependencies initialized[39m[38;5;3m +1ms[39m
[32m[Nest] 90799  - [39m06/03/2026, 11:14:09 AM [32m    LOG[39m [38;5;3m[InstanceLoader] [39m[32mDatabaseModule dependencies initialized[39m[38;5;3m +60ms[39m
[32m[Nest] 90799  - [39m06/03/2026, 11:14:09 AM [32m    LOG[39m [38;5;3m[InstanceLoader] [39m[32mPassportModule dependencies initialized[39m[38;5;3m +1ms[39m
[32m[Nest] 90799  - [39m06/03/2026, 11:14:09 AM [32m    LOG[39m [38;5;3m[InstanceLoader] [39m[32mThrottlerModule dependencies initialized[39m[38;5;3m +101ms[39m
[32m[Nest] 90799  - [39m06/03/2026, 11:14:09 AM [32m    LOG[39m [38;5;3m[InstanceLoader] [39m[32mJwtModule dependencies initialized[39m[38;5;3m +1ms[39m
[32m[Nest] 90799  - [39m06/03/2026, 11:14:09 AM [32m    LOG[39m [38;5;3m[InstanceLoader] [39m[32mConfigHostModule dependencies initialized[39m[38;5;3m +0ms[39m
[32m[Nest] 90799  - [39m06/03/2026, 11:14:09 AM [32m    LOG[39m [38;5;3m[InstanceLoader] [39m[32mAuditModule dependencies initialized[39m[38;5;3m +0ms[39m
[32m[Nest] 90799  - [39m06/03/2026, 11:14:09 AM [32m    LOG[39m [38;5;3m[InstanceLoader] [39m[32mDiscoveryModule dependencies initialized[39m[38;5;3m +1ms[39m
[32m[Nest] 90799  - [39m06/03/2026, 11:14:09 AM [32m    LOG[39m [38;5;3m[InstanceLoader] [39m[32mTerminusModule dependencies initialized[39m[38;5;3m +0ms[39m
[32m[Nest] 90799  - [39m06/03/2026, 11:14:09 AM [32m    LOG[39m [38;5;3m[InstanceLoader] [39m[32mConfigModule dependencies initialized[39m[38;5;3m +0ms[39m
[32m[Nest] 90799  - [39m06/03/2026, 11:14:09 AM [32m    LOG[39m [38;5;3m[InstanceLoader] [39m[32mScheduleModule dependencies initialized[39m[38;5;3m +1ms[39m
[32m[Nest] 90799  - [39m06/03/2026, 11:14:09 AM [32m    LOG[39m [38;5;3m[InstanceLoader] [39m[32mRedisModule dependencies initialized[39m[38;5;3m +0ms[39m
[32m[Nest] 90799  - [39m06/03/2026, 11:14:09 AM [32m    LOG[39m [38;5;3m[InstanceLoader] [39m[32mEmailModule dependencies initialized[39m[38;5;3m +0ms[39m
[32m[Nest] 90799  - [39m06/03/2026, 11:14:09 AM [32m    LOG[39m [38;5;3m[InstanceLoader] [39m[32mProfileModule dependencies initialized[39m[38;5;3m +1ms[39m
[32m[Nest] 90799  - [39m06/03/2026, 11:14:09 AM [32m    LOG[39m [38;5;3m[InstanceLoader] [39m[32mAnalyticsModule dependencies initialized[39m[38;5;3m +0ms[39m
[32m[Nest] 90799  - [39m06/03/2026, 11:14:09 AM [32m    LOG[39m [38;5;3m[InstanceLoader] [39m[32mPayoutsModule dependencies initialized[39m[38;5;3m +0ms[39m
[32m[Nest] 90799  - [39m06/03/2026, 11:14:09 AM [32m    LOG[39m [38;5;3m[InstanceLoader] [39m[32mReferralsModule dependencies initialized[39m[38;5;3m +0ms[39m
[32m[Nest] 90799  - [39m06/03/2026, 11:14:09 AM [32m    LOG[39m [38;5;3m[InstanceLoader] [39m[32mAuthModule dependencies initialized[39m[38;5;3m +0ms[39m
[32m[Nest] 90799  - [39m06/03/2026, 11:14:09 AM [32m    LOG[39m [38;5;3m[InstanceLoader] [39m[32mHealthModule dependencies initialized[39m[38;5;3m +0ms[39m
[32m[Nest] 90799  - [39m06/03/2026, 11:14:09 AM [32m    LOG[39m [38;5;3m[InstanceLoader] [39m[32mWebhookModule dependencies initialized[39m[38;5;3m +0ms[39m
[32m[Nest] 90799  - [39m06/03/2026, 11:14:09 AM [32m    LOG[39m [38;5;3m[InstanceLoader] [39m[32mAmoModule dependencies initialized[39m[38;5;3m +0ms[39m
[32m[Nest] 90799  - [39m06/03/2026, 11:14:09 AM [32m    LOG[39m [38;5;3m[InstanceLoader] [39m[32mAdminModule dependencies initialized[39m[38;5;3m +0ms[39m
[32m[Nest] 90799  - [39m06/03/2026, 11:14:09 AM [32m    LOG[39m [38;5;3m[InstanceLoader] [39m[32mLeadsModule dependencies initialized[39m[38;5;3m +0ms[39m
[32m[Nest] 90799  - [39m06/03/2026, 11:14:09 AM [32m    LOG[39m [38;5;3m[RoutesResolver] [39m[32mHealthController {/api/v1/health}:[39m[38;5;3m +14ms[39m
[32m[Nest] 90799  - [39m06/03/2026, 11:14:09 AM [32m    LOG[39m [38;5;3m[RouterExplorer] [39m[32mMapped {/api/v1/health, GET} route[39m[38;5;3m +6ms[39m
[32m[Nest] 90799  - [39m06/03/2026, 11:14:09 AM [32m    LOG[39m [38;5;3m[RoutesResolver] [39m[32mAuthController {/api/v1/auth}:[39m[38;5;3m +0ms[39m
[32m[Nest] 90799  - [39m06/03/2026, 11:14:09 AM [32m    LOG[39m [38;5;3m[RouterExplorer] [39m[32mMapped {/api/v1/auth/login, POST} route[39m[38;5;3m +1ms[39m
[32m[Nest] 90799  - [39m06/03/2026, 11:14:09 AM [32m    LOG[39m [38;5;3m[RouterExplorer] [39m[32mMapped {/api/v1/auth/register, POST} route[39m[38;5;3m +2ms[39m
[32m[Nest] 90799  - [39m06/03/2026, 11:14:09 AM [32m    LOG[39m [38;5;3m[RouterExplorer] [39m[32mMapped {/api/v1/auth/refresh, POST} route[39m[38;5;3m +0ms[39m
[32m[Nest] 90799  - [39m06/03/2026, 11:14:09 AM [32m    LOG[39m [38;5;3m[RouterExplorer] [39m[32mMapped {/api/v1/auth/logout, POST} route[39m[38;5;3m +1ms[39m
[32m[Nest] 90799  - [39m06/03/2026, 11:14:09 AM [32m    LOG[39m [38;5;3m[RouterExplorer] [39m[32mMapped {/api/v1/auth/password/forgot, POST} route[39m[38;5;3m +0ms[39m
[32m[Nest] 90799  - [39m06/03/2026, 11:14:09 AM [32m    LOG[39m [38;5;3m[RouterExplorer] [39m[32mMapped {/api/v1/auth/password/reset, POST} route[39m[38;5;3m +0ms[39m
[32m[Nest] 90799  - [39m06/03/2026, 11:14:09 AM [32m    LOG[39m [38;5;3m[RoutesResolver] [39m[32mLeadsController {/api/v1/leads}:[39m[38;5;3m +0ms[39m
[32m[Nest] 90799  - [39m06/03/2026, 11:14:09 AM [32m    LOG[39m [38;5;3m[RouterExplorer] [39m[32mMapped {/api/v1/leads, GET} route[39m[38;5;3m +1ms[39m
[32m[Nest] 90799  - [39m06/03/2026, 11:14:09 AM [32m    LOG[39m [38;5;3m[RouterExplorer] [39m[32mMapped {/api/v1/leads, POST} route[39m[38;5;3m +0ms[39m
[32m[Nest] 90799  - [39m06/03/2026, 11:14:09 AM [32m    LOG[39m [38;5;3m[RouterExplorer] [39m[32mMapped {/api/v1/leads/board, GET} route[39m[38;5;3m +0ms[39m
[32m[Nest] 90799  - [39m06/03/2026, 11:14:09 AM [32m    LOG[39m [38;5;3m[RouterExplorer] [39m[32mMapped {/api/v1/leads/:id, GET} route[39m[38;5;3m +0ms[39m
[32m[Nest] 90799  - [39m06/03/2026, 11:14:09 AM [32m    LOG[39m [38;5;3m[RouterExplorer] [39m[32mMapped {/api/v1/leads/:id/history, GET} route[39m[38;5;3m +0ms[39m
[32m[Nest] 90799  - [39m06/03/2026, 11:14:09 AM [32m    LOG[39m [38;5;3m[RouterExplorer] [39m[32mMapped {/api/v1/leads/:id/notes, GET} route[39m[38;5;3m +0ms[39m
[32m[Nest] 90799  - [39m06/03/2026, 11:14:09 AM [32m    LOG[39m [38;5;3m[RouterExplorer] [39m[32mMapped {/api/v1/leads/:id/notes, POST} route[39m[38;5;3m +0ms[39m
[32m[Nest] 90799  - [39m06/03/2026, 11:14:09 AM [32m    LOG[39m [38;5;3m[RoutesResolver] [39m[32mAmoController {/api/v1/amo-crm}:[39m[38;5;3m +0ms[39m
[32m[Nest] 90799  - [39m06/03/2026, 11:14:09 AM [32m    LOG[39m [38;5;3m[RouterExplorer] [39m[32mMapped {/api/v1/amo-crm/connect, GET} route[39m[38;5;3m +1ms[39m
[32m[Nest] 90799  - [39m06/03/2026, 11:14:09 AM [32m    LOG[39m [38;5;3m[RouterExplorer] [39m[32mMapped {/api/v1/amo-crm/callback, GET} route[39m[38;5;3m +0ms[39m
[32m[Nest] 90799  - [39m06/03/2026, 11:14:09 AM [32m    LOG[39m [38;5;3m[RouterExplorer] [39m[32mMapped {/api/v1/amo-crm/backfill, POST} route[39m[38;5;3m +0ms[39m
[32m[Nest] 90799  - [39m06/03/2026, 11:14:09 AM [32m    LOG[39m [38;5;3m[RouterExplorer] [39m[32mMapped {/api/v1/amo-crm/backfill-history, POST} route[39m[38;5;3m +0ms[39m
[32m[Nest] 90799  - [39m06/03/2026, 11:14:09 AM [32m    LOG[39m [38;5;3m[RouterExplorer] [39m[32mMapped {/api/v1/amo-crm/sources, GET} route[39m[38;5;3m +0ms[39m
[32m[Nest] 90799  - [39m06/03/2026, 11:14:09 AM [32m    LOG[39m [38;5;3m[RouterExplorer] [39m[32mMapped {/api/v1/amo-crm/tags, GET} route[39m[38;5;3m +0ms[39m
[32m[Nest] 90799  - [39m06/03/2026, 11:14:09 AM [32m    LOG[39m [38;5;3m[RoutesResolver] [39m[32mAdminController {/api/v1/admin/partners}:[39m[38;5;3m +0ms[39m
[32m[Nest] 90799  - [39m06/03/2026, 11:14:09 AM [32m    LOG[39m [38;5;3m[RouterExplorer] [39m[32mMapped {/api/v1/admin/partners, GET} route[39m[38;5;3m +0ms[39m
[32m[Nest] 90799  - [39m06/03/2026, 11:14:09 AM [32m    LOG[39m [38;5;3m[RouterExplorer] [39m[32mMapped {/api/v1/admin/partners, POST} route[39m[38;5;3m +0ms[39m
[32m[Nest] 90799  - [39m06/03/2026, 11:14:09 AM [32m    LOG[39m [38;5;3m[RouterExplorer] [39m[32mMapped {/api/v1/admin/partners/:id, PUT} route[39m[38;5;3m +1ms[39m
[32m[Nest] 90799  - [39m06/03/2026, 11:14:09 AM [32m    LOG[39m [38;5;3m[RouterExplorer] [39m[32mMapped {/api/v1/admin/partners/:id, DELETE} route[39m[38;5;3m +0ms[39m
[32m[Nest] 90799  - [39m06/03/2026, 11:14:09 AM [32m    LOG[39m [38;5;3m[RouterExplorer] [39m[32mMapped {/api/v1/admin/partners/sync, POST} route[39m[38;5;3m +0ms[39m
[32m[Nest] 90799  - [39m06/03/2026, 11:14:09 AM [32m    LOG[39m [38;5;3m[RoutesResolver] [39m[32mWebhookController {/api/v1/webhook}:[39m[38;5;3m +0ms[39m
[32m[Nest] 90799  - [39m06/03/2026, 11:14:09 AM [32m    LOG[39m [38;5;3m[RouterExplorer] [39m[32mMapped {/api/v1/webhook/amocrm, POST} route[39m[38;5;3m +0ms[39m
[32m[Nest] 90799  - [39m06/03/2026, 11:14:09 AM [32m    LOG[39m [38;5;3m[RoutesResolver] [39m[32mProfileController {/api/v1/profile}:[39m[38;5;3m +0ms[39m
[32m[Nest] 90799  - [39m06/03/2026, 11:14:09 AM [32m    LOG[39m [38;5;3m[RouterExplorer] [39m[32mMapped {/api/v1/profile, GET} route[39m[38;5;3m +0ms[39m
[32m[Nest] 90799  - [39m06/03/2026, 11:14:09 AM [32m    LOG[39m [38;5;3m[RouterExplorer] [39m[32mMapped {/api/v1/profile/notifications, PUT} route[39m[38;5;3m +0ms[39m
[32m[Nest] 90799  - [39m06/03/2026, 11:14:09 AM [32m    LOG[39m [38;5;3m[RouterExplorer] [39m[32mMapped {/api/v1/profile/password, PUT} route[39m[38;5;3m +1ms[39m
[32m[Nest] 90799  - [39m06/03/2026, 11:14:09 AM [32m    LOG[39m [38;5;3m[RoutesResolver] [39m[32mAnalyticsController {/api/v1/analytics}:[39m[38;5;3m +0ms[39m
[32m[Nest] 90799  - [39m06/03/2026, 11:14:09 AM [32m    LOG[39m [38;5;3m[RouterExplorer] [39m[32mMapped {/api/v1/analytics/dashboard, GET} route[39m[38;5;3m +0ms[39m
[32m[Nest] 90799  - [39m06/03/2026, 11:14:09 AM [32m    LOG[39m [38;5;3m[RoutesResolver] [39m[32mPayoutsController {/api/v1/payouts}:[39m[38;5;3m +0ms[39m
[32m[Nest] 90799  - [39m06/03/2026, 11:14:09 AM [32m    LOG[39m [38;5;3m[RouterExplorer] [39m[32mMapped {/api/v1/payouts, GET} route[39m[38;5;3m +0ms[39m
[32m[Nest] 90799  - [39m06/03/2026, 11:14:09 AM [32m    LOG[39m [38;5;3m[RoutesResolver] [39m[32mReferralsController {/api/v1/referrals}:[39m[38;5;3m +0ms[39m
[32m[Nest] 90799  - [39m06/03/2026, 11:14:09 AM [32m    LOG[39m [38;5;3m[RouterExplorer] [39m[32mMapped {/api/v1/referrals, GET} route[39m[38;5;3m +0ms[39m
[2J[3J[H[[90m11:14:09 AM[0m] File change detected. Starting incremental compilation...

[32m[Nest] 90799  - [39m06/03/2026, 11:14:10 AM [32m    LOG[39m [38;5;3m[PrismaService] [39m[32mDatabase connected[39m
[32m[Nest] 90799  - [39m06/03/2026, 11:14:10 AM [32m    LOG[39m [38;5;3m[NestApplication] [39m[32mNest application successfully started[39m[38;5;3m +33ms[39m
[31m[Nest] 90799  - [39m06/03/2026, 11:14:10 AM [31m  ERROR[39m [38;5;3m[NestApplication] [39m[31mError: listen EADDRINUSE: address already in use :::3001[39m[38;5;3m +7ms[39m
node:net:1912
    const ex = new UVExceptionWithHostPort(err, 'listen', address, port);
               ^

Error: listen EADDRINUSE: address already in use :::3001
    at Server.setupListenHandle [as _listen2] (node:net:1912:16)
    at listenInCluster (node:net:1969:12)
    at Server.listen (node:net:2074:7)
    at ExpressAdapter.listen (/Users/vytvytskyi/foryou_partners/backend/node_modules/@nestjs/platform-express/adapters/express-adapter.js:95:32)
    at /Users/vytvytskyi/foryou_partners/backend/node_modules/@nestjs/core/nest-application.js:183:30
    at new Promise (<anonymous>)
    at NestApplication.listen (/Users/vytvytskyi/foryou_partners/backend/node_modules/@nestjs/core/nest-application.js:173:16)
    at async bootstrap (/Users/vytvytskyi/foryou_partners/backend/src/main.ts:75:3) {
  code: 'EADDRINUSE',
  errno: -48,
  syscall: 'listen',
  address: '::',
  port: 3001
}

Node.js v22.12.0
[[90m11:14:10 AM[0m] Found 0 errors. Watching for file changes.

[32m[Nest] 90839  - [39m06/03/2026, 11:14:11 AM [32m    LOG[39m [38;5;3m[NestFactory] [39m[32mStarting Nest application...[39m
[32m[Nest] 90839  - [39m06/03/2026, 11:14:11 AM [32m    LOG[39m [38;5;3m[InstanceLoader] [39m[32mAppModule dependencies initialized[39m[38;5;3m +15ms[39m
[32m[Nest] 90839  - [39m06/03/2026, 11:14:11 AM [32m    LOG[39m [38;5;3m[InstanceLoader] [39m[32mConfigModule dependencies initialized[39m[38;5;3m +0ms[39m
[32m[Nest] 90839  - [39m06/03/2026, 11:14:11 AM [32m    LOG[39m [38;5;3m[InstanceLoader] [39m[32mDatabaseModule dependencies initialized[39m[38;5;3m +2ms[39m
[32m[Nest] 90839  - [39m06/03/2026, 11:14:11 AM [32m    LOG[39m [38;5;3m[InstanceLoader] [39m[32mPassportModule dependencies initialized[39m[38;5;3m +0ms[39m
[32m[Nest] 90839  - [39m06/03/2026, 11:14:11 AM [32m    LOG[39m [38;5;3m[InstanceLoader] [39m[32mThrottlerModule dependencies initialized[39m[38;5;3m +2ms[39m
[32m[Nest] 90839  - [39m06/03/2026, 11:14:11 AM [32m    LOG[39m [38;5;3m[InstanceLoader] [39m[32mJwtModule dependencies initialized[39m[38;5;3m +0ms[39m
[32m[Nest] 90839  - [39m06/03/2026, 11:14:11 AM [32m    LOG[39m [38;5;3m[InstanceLoader] [39m[32mConfigHostModule dependencies initialized[39m[38;5;3m +0ms[39m
[32m[Nest] 90839  - [39m06/03/2026, 11:14:11 AM [32m    LOG[39m [38;5;3m[InstanceLoader] [39m[32mAuditModule dependencies initialized[39m[38;5;3m +0ms[39m
[32m[Nest] 90839  - [39m06/03/2026, 11:14:11 AM [32m    LOG[39m [38;5;3m[InstanceLoader] [39m[32mDiscoveryModule dependencies initialized[39m[38;5;3m +0ms[39m
[32m[Nest] 90839  - [39m06/03/2026, 11:14:11 AM [32m    LOG[39m [38;5;3m[InstanceLoader] [39m[32mTerminusModule dependencies initialized[39m[38;5;3m +0ms[39m
[32m[Nest] 90839  - [39m06/03/2026, 11:14:11 AM [32m    LOG[39m [38;5;3m[InstanceLoader] [39m[32mConfigModule dependencies initialized[39m[38;5;3m +0ms[39m
[32m[Nest] 90839  - [39m06/03/2026, 11:14:11 AM [32m    LOG[39m [38;5;3m[InstanceLoader] [39m[32mScheduleModule dependencies initialized[39m[38;5;3m +1ms[39m
[32m[Nest] 90839  - [39m06/03/2026, 11:14:11 AM [32m    LOG[39m [38;5;3m[InstanceLoader] [39m[32mRedisModule dependencies initialized[39m[38;5;3m +1ms[39m
[32m[Nest] 90839  - [39m06/03/2026, 11:14:11 AM [32m    LOG[39m [38;5;3m[InstanceLoader] [39m[32mEmailModule dependencies initialized[39m[38;5;3m +0ms[39m
[32m[Nest] 90839  - [39m06/03/2026, 11:14:11 AM [32m    LOG[39m [38;5;3m[InstanceLoader] [39m[32mProfileModule dependencies initialized[39m[38;5;3m +0ms[39m
[32m[Nest] 90839  - [39m06/03/2026, 11:14:11 AM [32m    LOG[39m [38;5;3m[InstanceLoader] [39m[32mAnalyticsModule dependencies initialized[39m[38;5;3m +0ms[39m
[32m[Nest] 90839  - [39m06/03/2026, 11:14:11 AM [32m    LOG[39m [38;5;3m[InstanceLoader] [39m[32mPayoutsModule dependencies initialized[39m[38;5;3m +0ms[39m
[32m[Nest] 90839  - [39m06/03/2026, 11:14:11 AM [32m    LOG[39m [38;5;3m[InstanceLoader] [39m[32mReferralsModule dependencies initialized[39m[38;5;3m +0ms[39m
[32m[Nest] 90839  - [39m06/03/2026, 11:14:11 AM [32m    LOG[39m [38;5;3m[InstanceLoader] [39m[32mAuthModule dependencies initialized[39m[38;5;3m +0ms[39m
[32m[Nest] 90839  - [39m06/03/2026, 11:14:11 AM [32m    LOG[39m [38;5;3m[InstanceLoader] [39m[32mHealthModule dependencies initialized[39m[38;5;3m +0ms[39m
[32m[Nest] 90839  - [39m06/03/2026, 11:14:11 AM [32m    LOG[39m [38;5;3m[InstanceLoader] [39m[32mWebhookModule dependencies initialized[39m[38;5;3m +0ms[39m
[32m[Nest] 90839  - [39m06/03/2026, 11:14:11 AM [32m    LOG[39m [38;5;3m[InstanceLoader] [39m[32mAmoModule dependencies initialized[39m[38;5;3m +0ms[39m
[32m[Nest] 90839  - [39m06/03/2026, 11:14:11 AM [32m    LOG[39m [38;5;3m[InstanceLoader] [39m[32mAdminModule dependencies initialized[39m[38;5;3m +0ms[39m
[32m[Nest] 90839  - [39m06/03/2026, 11:14:11 AM [32m    LOG[39m [38;5;3m[InstanceLoader] [39m[32mLeadsModule dependencies initialized[39m[38;5;3m +0ms[39m
[32m[Nest] 90839  - [39m06/03/2026, 11:14:11 AM [32m    LOG[39m [38;5;3m[RoutesResolver] [39m[32mHealthController {/api/v1/health}:[39m[38;5;3m +5ms[39m
[32m[Nest] 90839  - [39m06/03/2026, 11:14:11 AM [32m    LOG[39m [38;5;3m[RouterExplorer] [39m[32mMapped {/api/v1/health, GET} route[39m[38;5;3m +1ms[39m
[32m[Nest] 90839  - [39m06/03/2026, 11:14:11 AM [32m    LOG[39m [38;5;3m[RoutesResolver] [39m[32mAuthController {/api/v1/auth}:[39m[38;5;3m +0ms[39m
[32m[Nest] 90839  - [39m06/03/2026, 11:14:11 AM [32m    LOG[39m [38;5;3m[RouterExplorer] [39m[32mMapped {/api/v1/auth/login, POST} route[39m[38;5;3m +0ms[39m
[32m[Nest] 90839  - [39m06/03/2026, 11:14:11 AM [32m    LOG[39m [38;5;3m[RouterExplorer] [39m[32mMapped {/api/v1/auth/register, POST} route[39m[38;5;3m +0ms[39m
[32m[Nest] 90839  - [39m06/03/2026, 11:14:11 AM [32m    LOG[39m [38;5;3m[RouterExplorer] [39m[32mMapped {/api/v1/auth/refresh, POST} route[39m[38;5;3m +0ms[39m
[32m[Nest] 90839  - [39m06/03/2026, 11:14:11 AM [32m    LOG[39m [38;5;3m[RouterExplorer] [39m[32mMapped {/api/v1/auth/logout, POST} route[39m[38;5;3m +0ms[39m
[32m[Nest] 90839  - [39m06/03/2026, 11:14:11 AM [32m    LOG[39m [38;5;3m[RouterExplorer] [39m[32mMapped {/api/v1/auth/password/forgot, POST} route[39m[38;5;3m +0ms[39m
[32m[Nest] 90839  - [39m06/03/2026, 11:14:11 AM [32m    LOG[39m [38;5;3m[RouterExplorer] [39m[32mMapped {/api/v1/auth/password/reset, POST} route[39m[38;5;3m +0ms[39m
[32m[Nest] 90839  - [39m06/03/2026, 11:14:11 AM [32m    LOG[39m [38;5;3m[RoutesResolver] [39m[32mLeadsController {/api/v1/leads}:[39m[38;5;3m +0ms[39m
[32m[Nest] 90839  - [39m06/03/2026, 11:14:11 AM [32m    LOG[39m [38;5;3m[RouterExplorer] [39m[32mMapped {/api/v1/leads, GET} route[39m[38;5;3m +1ms[39m
[32m[Nest] 90839  - [39m06/03/2026, 11:14:11 AM [32m    LOG[39m [38;5;3m[RouterExplorer] [39m[32mMapped {/api/v1/leads, POST} route[39m[38;5;3m +0ms[39m
[32m[Nest] 90839  - [39m06/03/2026, 11:14:11 AM [32m    LOG[39m [38;5;3m[RouterExplorer] [39m[32mMapped {/api/v1/leads/board, GET} route[39m[38;5;3m +0ms[39m
[32m[Nest] 90839  - [39m06/03/2026, 11:14:11 AM [32m    LOG[39m [38;5;3m[RouterExplorer] [39m[32mMapped {/api/v1/leads/:id, GET} route[39m[38;5;3m +0ms[39m
[32m[Nest] 90839  - [39m06/03/2026, 11:14:11 AM [32m    LOG[39m [38;5;3m[RouterExplorer] [39m[32mMapped {/api/v1/leads/:id/history, GET} route[39m[38;5;3m +0ms[39m
[32m[Nest] 90839  - [39m06/03/2026, 11:14:11 AM [32m    LOG[39m [38;5;3m[RouterExplorer] [39m[32mMapped {/api/v1/leads/:id/notes, GET} route[39m[38;5;3m +0ms[39m
[32m[Nest] 90839  - [39m06/03/2026, 11:14:11 AM [32m    LOG[39m [38;5;3m[RouterExplorer] [39m[32mMapped {/api/v1/leads/:id/notes, POST} route[39m[38;5;3m +1ms[39m
[32m[Nest] 90839  - [39m06/03/2026, 11:14:11 AM [32m    LOG[39m [38;5;3m[RoutesResolver] [39m[32mAmoController {/api/v1/amo-crm}:[39m[38;5;3m +0ms[39m
[32m[Nest] 90839  - [39m06/03/2026, 11:14:11 AM [32m    LOG[39m [38;5;3m[RouterExplorer] [39m[32mMapped {/api/v1/amo-crm/connect, GET} route[39m[38;5;3m +0ms[39m
[32m[Nest] 90839  - [39m06/03/2026, 11:14:11 AM [32m    LOG[39m [38;5;3m[RouterExplorer] [39m[32mMapped {/api/v1/amo-crm/callback, GET} route[39m[38;5;3m +1ms[39m
[32m[Nest] 90839  - [39m06/03/2026, 11:14:11 AM [32m    LOG[39m [38;5;3m[RouterExplorer] [39m[32mMapped {/api/v1/amo-crm/backfill, POST} route[39m[38;5;3m +0ms[39m
[32m[Nest] 90839  - [39m06/03/2026, 11:14:11 AM [32m    LOG[39m [38;5;3m[RouterExplorer] [39m[32mMapped {/api/v1/amo-crm/backfill-history, POST} route[39m[38;5;3m +0ms[39m
[32m[Nest] 90839  - [39m06/03/2026, 11:14:11 AM [32m    LOG[39m [38;5;3m[RouterExplorer] [39m[32mMapped {/api/v1/amo-crm/sources, GET} route[39m[38;5;3m +0ms[39m
[32m[Nest] 90839  - [39m06/03/2026, 11:14:11 AM [32m    LOG[39m [38;5;3m[RouterExplorer] [39m[32mMapped {/api/v1/amo-crm/tags, GET} route[39m[38;5;3m +0ms[39m
[32m[Nest] 90839  - [39m06/03/2026, 11:14:11 AM [32m    LOG[39m [38;5;3m[RouterExplorer] [39m[32mMapped {/api/v1/amo-crm/pipelines, GET} route[39m[38;5;3m +0ms[39m
[32m[Nest] 90839  - [39m06/03/2026, 11:14:11 AM [32m    LOG[39m [38;5;3m[RoutesResolver] [39m[32mAdminController {/api/v1/admin/partners}:[39m[38;5;3m +0ms[39m
[32m[Nest] 90839  - [39m06/03/2026, 11:14:11 AM [32m    LOG[39m [38;5;3m[RouterExplorer] [39m[32mMapped {/api/v1/admin/partners, GET} route[39m[38;5;3m +0ms[39m
[32m[Nest] 90839  - [39m06/03/2026, 11:14:11 AM [32m    LOG[39m [38;5;3m[RouterExplorer] [39m[32mMapped {/api/v1/admin/partners, POST} route[39m[38;5;3m +0ms[39m
[32m[Nest] 90839  - [39m06/03/2026, 11:14:11 AM [32m    LOG[39m [38;5;3m[RouterExplorer] [39m[32mMapped {/api/v1/admin/partners/:id, PUT} route[39m[38;5;3m +1ms[39m
[32m[Nest] 90839  - [39m06/03/2026, 11:14:11 AM [32m    LOG[39m [38;5;3m[RouterExplorer] [39m[32mMapped {/api/v1/admin/partners/:id, DELETE} route[39m[38;5;3m +0ms[39m
[32m[Nest] 90839  - [39m06/03/2026, 11:14:11 AM [32m    LOG[39m [38;5;3m[RouterExplorer] [39m[32mMapped {/api/v1/admin/partners/sync, POST} route[39m[38;5;3m +0ms[39m
[32m[Nest] 90839  - [39m06/03/2026, 11:14:11 AM [32m    LOG[39m [38;5;3m[RoutesResolver] [39m[32mWebhookController {/api/v1/webhook}:[39m[38;5;3m +0ms[39m
[32m[Nest] 90839  - [39m06/03/2026, 11:14:11 AM [32m    LOG[39m [38;5;3m[RouterExplorer] [39m[32mMapped {/api/v1/webhook/amocrm, POST} route[39m[38;5;3m +0ms[39m
[32m[Nest] 90839  - [39m06/03/2026, 11:14:11 AM [32m    LOG[39m [38;5;3m[RoutesResolver] [39m[32mProfileController {/api/v1/profile}:[39m[38;5;3m +0ms[39m
[32m[Nest] 90839  - [39m06/03/2026, 11:14:11 AM [32m    LOG[39m [38;5;3m[RouterExplorer] [39m[32mMapped {/api/v1/profile, GET} route[39m[38;5;3m +0ms[39m
[32m[Nest] 90839  - [39m06/03/2026, 11:14:11 AM [32m    LOG[39m [38;5;3m[RouterExplorer] [39m[32mMapped {/api/v1/profile/notifications, PUT} route[39m[38;5;3m +0ms[39m
[32m[Nest] 90839  - [39m06/03/2026, 11:14:11 AM [32m    LOG[39m [38;5;3m[RouterExplorer] [39m[32mMapped {/api/v1/profile/password, PUT} route[39m[38;5;3m +0ms[39m
[32m[Nest] 90839  - [39m06/03/2026, 11:14:11 AM [32m    LOG[39m [38;5;3m[RoutesResolver] [39m[32mAnalyticsController {/api/v1/analytics}:[39m[38;5;3m +0ms[39m
[32m[Nest] 90839  - [39m06/03/2026, 11:14:11 AM [32m    LOG[39m [38;5;3m[RouterExplorer] [39m[32mMapped {/api/v1/analytics/dashboard, GET} route[39m[38;5;3m +0ms[39m
[32m[Nest] 90839  - [39m06/03/2026, 11:14:11 AM [32m    LOG[39m [38;5;3m[RoutesResolver] [39m[32mPayoutsController {/api/v1/payouts}:[39m[38;5;3m +0ms[39m
[32m[Nest] 90839  - [39m06/03/2026, 11:14:11 AM [32m    LOG[39m [38;5;3m[RouterExplorer] [39m[32mMapped {/api/v1/payouts, GET} route[39m[38;5;3m +0ms[39m
[32m[Nest] 90839  - [39m06/03/2026, 11:14:11 AM [32m    LOG[39m [38;5;3m[RoutesResolver] [39m[32mReferralsController {/api/v1/referrals}:[39m[38;5;3m +0ms[39m
[32m[Nest] 90839  - [39m06/03/2026, 11:14:11 AM [32m    LOG[39m [38;5;3m[RouterExplorer] [39m[32mMapped {/api/v1/referrals, GET} route[39m[38;5;3m +0ms[39m
[32m[Nest] 90839  - [39m06/03/2026, 11:14:11 AM [32m    LOG[39m [38;5;3m[PrismaService] [39m[32mDatabase connected[39m
[32m[Nest] 90839  - [39m06/03/2026, 11:14:11 AM [32m    LOG[39m [38;5;3m[NestApplication] [39m[32mNest application successfully started[39m[38;5;3m +9ms[39m
[31m[Nest] 90839  - [39m06/03/2026, 11:14:11 AM [31m  ERROR[39m [38;5;3m[NestApplication] [39m[31mError: listen EADDRINUSE: address already in use :::3001[39m[38;5;3m +0ms[39m
node:net:1912
    const ex = new UVExceptionWithHostPort(err, 'listen', address, port);
               ^

Error: listen EADDRINUSE: address already in use :::3001
    at Server.setupListenHandle [as _listen2] (node:net:1912:16)
    at listenInCluster (node:net:1969:12)
    at Server.listen (node:net:2074:7)
    at ExpressAdapter.listen (/Users/vytvytskyi/foryou_partners/backend/node_modules/@nestjs/platform-express/adapters/express-adapter.js:95:32)
    at /Users/vytvytskyi/foryou_partners/backend/node_modules/@nestjs/core/nest-application.js:183:30
    at new Promise (<anonymous>)
    at NestApplication.listen (/Users/vytvytskyi/foryou_partners/backend/node_modules/@nestjs/core/nest-application.js:173:16)
    at async bootstrap (/Users/vytvytskyi/foryou_partners/backend/src/main.ts:75:3) {
  code: 'EADDRINUSE',
  errno: -48,
  syscall: 'listen',
  address: '::',
  port: 3001
}

Node.js v22.12.0
[2J[3J[H[[90m11:18:36 AM[0m] File change detected. Starting incremental compilation...

[[90m11:18:39 AM[0m] Found 0 errors. Watching for file changes.

[32m[Nest] 91161  - [39m06/03/2026, 11:18:43 AM [32m    LOG[39m [38;5;3m[NestFactory] [39m[32mStarting Nest application...[39m
[32m[Nest] 91161  - [39m06/03/2026, 11:18:43 AM [32m    LOG[39m [38;5;3m[InstanceLoader] [39m[32mAppModule dependencies initialized[39m[38;5;3m +460ms[39m
[32m[Nest] 91161  - [39m06/03/2026, 11:18:43 AM [32m    LOG[39m [38;5;3m[InstanceLoader] [39m[32mConfigModule dependencies initialized[39m[38;5;3m +0ms[39m
[32m[Nest] 91161  - [39m06/03/2026, 11:18:43 AM [32m    LOG[39m [38;5;3m[InstanceLoader] [39m[32mDatabaseModule dependencies initialized[39m[38;5;3m +4ms[39m
[32m[Nest] 91161  - [39m06/03/2026, 11:18:43 AM [32m    LOG[39m [38;5;3m[InstanceLoader] [39m[32mPassportModule dependencies initialized[39m[38;5;3m +1ms[39m
[32m[Nest] 91161  - [39m06/03/2026, 11:18:43 AM [32m    LOG[39m [38;5;3m[InstanceLoader] [39m[32mThrottlerModule dependencies initialized[39m[38;5;3m +3ms[39m
[32m[Nest] 91161  - [39m06/03/2026, 11:18:43 AM [32m    LOG[39m [38;5;3m[InstanceLoader] [39m[32mJwtModule dependencies initialized[39m[38;5;3m +0ms[39m
[32m[Nest] 91161  - [39m06/03/2026, 11:18:43 AM [32m    LOG[39m [38;5;3m[InstanceLoader] [39m[32mConfigHostModule dependencies initialized[39m[38;5;3m +1ms[39m
[32m[Nest] 91161  - [39m06/03/2026, 11:18:43 AM [32m    LOG[39m [38;5;3m[InstanceLoader] [39m[32mAuditModule dependencies initialized[39m[38;5;3m +1ms[39m
[32m[Nest] 91161  - [39m06/03/2026, 11:18:43 AM [32m    LOG[39m [38;5;3m[InstanceLoader] [39m[32mDiscoveryModule dependencies initialized[39m[38;5;3m +1ms[39m
[32m[Nest] 91161  - [39m06/03/2026, 11:18:43 AM [32m    LOG[39m [38;5;3m[InstanceLoader] [39m[32mTerminusModule dependencies initialized[39m[38;5;3m +1ms[39m
[32m[Nest] 91161  - [39m06/03/2026, 11:18:43 AM [32m    LOG[39m [38;5;3m[InstanceLoader] [39m[32mConfigModule dependencies initialized[39m[38;5;3m +0ms[39m
[32m[Nest] 91161  - [39m06/03/2026, 11:18:43 AM [32m    LOG[39m [38;5;3m[InstanceLoader] [39m[32mScheduleModule dependencies initialized[39m[38;5;3m +5ms[39m
[32m[Nest] 91161  - [39m06/03/2026, 11:18:43 AM [32m    LOG[39m [38;5;3m[InstanceLoader] [39m[32mRedisModule dependencies initialized[39m[38;5;3m +2ms[39m
[32m[Nest] 91161  - [39m06/03/2026, 11:18:43 AM [32m    LOG[39m [38;5;3m[InstanceLoader] [39m[32mEmailModule dependencies initialized[39m[38;5;3m +1ms[39m
[32m[Nest] 91161  - [39m06/03/2026, 11:18:43 AM [32m    LOG[39m [38;5;3m[InstanceLoader] [39m[32mProfileModule dependencies initialized[39m[38;5;3m +2ms[39m
[32m[Nest] 91161  - [39m06/03/2026, 11:18:43 AM [32m    LOG[39m [38;5;3m[InstanceLoader] [39m[32mAnalyticsModule dependencies initialized[39m[38;5;3m +0ms[39m
[32m[Nest] 91161  - [39m06/03/2026, 11:18:43 AM [32m    LOG[39m [38;5;3m[InstanceLoader] [39m[32mPayoutsModule dependencies initialized[39m[38;5;3m +0ms[39m
[32m[Nest] 91161  - [39m06/03/2026, 11:18:43 AM [32m    LOG[39m [38;5;3m[InstanceLoader] [39m[32mReferralsModule dependencies initialized[39m[38;5;3m +0ms[39m
[32m[Nest] 91161  - [39m06/03/2026, 11:18:43 AM [32m    LOG[39m [38;5;3m[InstanceLoader] [39m[32mAuthModule dependencies initialized[39m[38;5;3m +2ms[39m
[32m[Nest] 91161  - [39m06/03/2026, 11:18:43 AM [32m    LOG[39m [38;5;3m[InstanceLoader] [39m[32mHealthModule dependencies initialized[39m[38;5;3m +1ms[39m
[32m[Nest] 91161  - [39m06/03/2026, 11:18:43 AM [32m    LOG[39m [38;5;3m[InstanceLoader] [39m[32mWebhookModule dependencies initialized[39m[38;5;3m +1ms[39m
[32m[Nest] 91161  - [39m06/03/2026, 11:18:43 AM [32m    LOG[39m [38;5;3m[InstanceLoader] [39m[32mAmoModule dependencies initialized[39m[38;5;3m +2ms[39m
[32m[Nest] 91161  - [39m06/03/2026, 11:18:43 AM [32m    LOG[39m [38;5;3m[InstanceLoader] [39m[32mAdminModule dependencies initialized[39m[38;5;3m +0ms[39m
[32m[Nest] 91161  - [39m06/03/2026, 11:18:43 AM [32m    LOG[39m [38;5;3m[InstanceLoader] [39m[32mLeadsModule dependencies initialized[39m[38;5;3m +0ms[39m
[32m[Nest] 91161  - [39m06/03/2026, 11:18:43 AM [32m    LOG[39m [38;5;3m[RoutesResolver] [39m[32mHealthController {/api/v1/health}:[39m[38;5;3m +7ms[39m
[32m[Nest] 91161  - [39m06/03/2026, 11:18:43 AM [32m    LOG[39m [38;5;3m[RouterExplorer] [39m[32mMapped {/api/v1/health, GET} route[39m[38;5;3m +2ms[39m
[32m[Nest] 91161  - [39m06/03/2026, 11:18:43 AM [32m    LOG[39m [38;5;3m[RoutesResolver] [39m[32mAuthController {/api/v1/auth}:[39m[38;5;3m +0ms[39m
[32m[Nest] 91161  - [39m06/03/2026, 11:18:43 AM [32m    LOG[39m [38;5;3m[RouterExplorer] [39m[32mMapped {/api/v1/auth/login, POST} route[39m[38;5;3m +1ms[39m
[32m[Nest] 91161  - [39m06/03/2026, 11:18:43 AM [32m    LOG[39m [38;5;3m[RouterExplorer] [39m[32mMapped {/api/v1/auth/register, POST} route[39m[38;5;3m +0ms[39m
[32m[Nest] 91161  - [39m06/03/2026, 11:18:43 AM [32m    LOG[39m [38;5;3m[RouterExplorer] [39m[32mMapped {/api/v1/auth/refresh, POST} route[39m[38;5;3m +1ms[39m
[32m[Nest] 91161  - [39m06/03/2026, 11:18:43 AM [32m    LOG[39m [38;5;3m[RouterExplorer] [39m[32mMapped {/api/v1/auth/logout, POST} route[39m[38;5;3m +0ms[39m
[32m[Nest] 91161  - [39m06/03/2026, 11:18:43 AM [32m    LOG[39m [38;5;3m[RouterExplorer] [39m[32mMapped {/api/v1/auth/password/forgot, POST} route[39m[38;5;3m +0ms[39m
[32m[Nest] 91161  - [39m06/03/2026, 11:18:43 AM [32m    LOG[39m [38;5;3m[RouterExplorer] [39m[32mMapped {/api/v1/auth/password/reset, POST} route[39m[38;5;3m +0ms[39m
[32m[Nest] 91161  - [39m06/03/2026, 11:18:43 AM [32m    LOG[39m [38;5;3m[RoutesResolver] [39m[32mLeadsController {/api/v1/leads}:[39m[38;5;3m +0ms[39m
[32m[Nest] 91161  - [39m06/03/2026, 11:18:43 AM [32m    LOG[39m [38;5;3m[RouterExplorer] [39m[32mMapped {/api/v1/leads, GET} route[39m[38;5;3m +1ms[39m
[32m[Nest] 91161  - [39m06/03/2026, 11:18:43 AM [32m    LOG[39m [38;5;3m[RouterExplorer] [39m[32mMapped {/api/v1/leads, POST} route[39m[38;5;3m +2ms[39m
[32m[Nest] 91161  - [39m06/03/2026, 11:18:43 AM [32m    LOG[39m [38;5;3m[RouterExplorer] [39m[32mMapped {/api/v1/leads/board, GET} route[39m[38;5;3m +0ms[39m
[32m[Nest] 91161  - [39m06/03/2026, 11:18:43 AM [32m    LOG[39m [38;5;3m[RouterExplorer] [39m[32mMapped {/api/v1/leads/:id, GET} route[39m[38;5;3m +1ms[39m
[32m[Nest] 91161  - [39m06/03/2026, 11:18:43 AM [32m    LOG[39m [38;5;3m[RouterExplorer] [39m[32mMapped {/api/v1/leads/:id/history, GET} route[39m[38;5;3m +0ms[39m
[32m[Nest] 91161  - [39m06/03/2026, 11:18:43 AM [32m    LOG[39m [38;5;3m[RouterExplorer] [39m[32mMapped {/api/v1/leads/:id/notes, GET} route[39m[38;5;3m +3ms[39m
[32m[Nest] 91161  - [39m06/03/2026, 11:18:43 AM [32m    LOG[39m [38;5;3m[RouterExplorer] [39m[32mMapped {/api/v1/leads/:id/notes, POST} route[39m[38;5;3m +1ms[39m
[32m[Nest] 91161  - [39m06/03/2026, 11:18:43 AM [32m    LOG[39m [38;5;3m[RoutesResolver] [39m[32mAmoController {/api/v1/amo-crm}:[39m[38;5;3m +0ms[39m
[32m[Nest] 91161  - [39m06/03/2026, 11:18:43 AM [32m    LOG[39m [38;5;3m[RouterExplorer] [39m[32mMapped {/api/v1/amo-crm/connect, GET} route[39m[38;5;3m +0ms[39m
[32m[Nest] 91161  - [39m06/03/2026, 11:18:43 AM [32m    LOG[39m [38;5;3m[RouterExplorer] [39m[32mMapped {/api/v1/amo-crm/callback, GET} route[39m[38;5;3m +0ms[39m
[32m[Nest] 91161  - [39m06/03/2026, 11:18:43 AM [32m    LOG[39m [38;5;3m[RouterExplorer] [39m[32mMapped {/api/v1/amo-crm/backfill, POST} route[39m[38;5;3m +0ms[39m
[32m[Nest] 91161  - [39m06/03/2026, 11:18:43 AM [32m    LOG[39m [38;5;3m[RouterExplorer] [39m[32mMapped {/api/v1/amo-crm/backfill-history, POST} route[39m[38;5;3m +0ms[39m
[32m[Nest] 91161  - [39m06/03/2026, 11:18:43 AM [32m    LOG[39m [38;5;3m[RouterExplorer] [39m[32mMapped {/api/v1/amo-crm/sources, GET} route[39m[38;5;3m +0ms[39m
[32m[Nest] 91161  - [39m06/03/2026, 11:18:43 AM [32m    LOG[39m [38;5;3m[RouterExplorer] [39m[32mMapped {/api/v1/amo-crm/tags, GET} route[39m[38;5;3m +1ms[39m
[32m[Nest] 91161  - [39m06/03/2026, 11:18:43 AM [32m    LOG[39m [38;5;3m[RouterExplorer] [39m[32mMapped {/api/v1/amo-crm/pipelines, GET} route[39m[38;5;3m +0ms[39m
[32m[Nest] 91161  - [39m06/03/2026, 11:18:43 AM [32m    LOG[39m [38;5;3m[RoutesResolver] [39m[32mAdminController {/api/v1/admin/partners}:[39m[38;5;3m +0ms[39m
[32m[Nest] 91161  - [39m06/03/2026, 11:18:43 AM [32m    LOG[39m [38;5;3m[RouterExplorer] [39m[32mMapped {/api/v1/admin/partners, GET} route[39m[38;5;3m +0ms[39m
[32m[Nest] 91161  - [39m06/03/2026, 11:18:43 AM [32m    LOG[39m [38;5;3m[RouterExplorer] [39m[32mMapped {/api/v1/admin/partners, POST} route[39m[38;5;3m +0ms[39m
[32m[Nest] 91161  - [39m06/03/2026, 11:18:43 AM [32m    LOG[39m [38;5;3m[RouterExplorer] [39m[32mMapped {/api/v1/admin/partners/:id, PUT} route[39m[38;5;3m +1ms[39m
[32m[Nest] 91161  - [39m06/03/2026, 11:18:43 AM [32m    LOG[39m [38;5;3m[RouterExplorer] [39m[32mMapped {/api/v1/admin/partners/:id, DELETE} route[39m[38;5;3m +1ms[39m
[32m[Nest] 91161  - [39m06/03/2026, 11:18:43 AM [32m    LOG[39m [38;5;3m[RouterExplorer] [39m[32mMapped {/api/v1/admin/partners/sync, POST} route[39m[38;5;3m +0ms[39m
[32m[Nest] 91161  - [39m06/03/2026, 11:18:43 AM [32m    LOG[39m [38;5;3m[RoutesResolver] [39m[32mWebhookController {/api/v1/webhook}:[39m[38;5;3m +0ms[39m
[32m[Nest] 91161  - [39m06/03/2026, 11:18:43 AM [32m    LOG[39m [38;5;3m[RouterExplorer] [39m[32mMapped {/api/v1/webhook/amocrm, POST} route[39m[38;5;3m +0ms[39m
[32m[Nest] 91161  - [39m06/03/2026, 11:18:43 AM [32m    LOG[39m [38;5;3m[RoutesResolver] [39m[32mProfileController {/api/v1/profile}:[39m[38;5;3m +0ms[39m
[32m[Nest] 91161  - [39m06/03/2026, 11:18:43 AM [32m    LOG[39m [38;5;3m[RouterExplorer] [39m[32mMapped {/api/v1/profile, GET} route[39m[38;5;3m +1ms[39m
[32m[Nest] 91161  - [39m06/03/2026, 11:18:43 AM [32m    LOG[39m [38;5;3m[RouterExplorer] [39m[32mMapped {/api/v1/profile/notifications, PUT} route[39m[38;5;3m +2ms[39m
[32m[Nest] 91161  - [39m06/03/2026, 11:18:43 AM [32m    LOG[39m [38;5;3m[RouterExplorer] [39m[32mMapped {/api/v1/profile/password, PUT} route[39m[38;5;3m +0ms[39m
[32m[Nest] 91161  - [39m06/03/2026, 11:18:43 AM [32m    LOG[39m [38;5;3m[RoutesResolver] [39m[32mAnalyticsController {/api/v1/analytics}:[39m[38;5;3m +0ms[39m
[32m[Nest] 91161  - [39m06/03/2026, 11:18:43 AM [32m    LOG[39m [38;5;3m[RouterExplorer] [39m[32mMapped {/api/v1/analytics/dashboard, GET} route[39m[38;5;3m +1ms[39m
[32m[Nest] 91161  - [39m06/03/2026, 11:18:43 AM [32m    LOG[39m [38;5;3m[RoutesResolver] [39m[32mPayoutsController {/api/v1/payouts}:[39m[38;5;3m +0ms[39m
[32m[Nest] 91161  - [39m06/03/2026, 11:18:43 AM [32m    LOG[39m [38;5;3m[RouterExplorer] [39m[32mMapped {/api/v1/payouts, GET} route[39m[38;5;3m +0ms[39m
[32m[Nest] 91161  - [39m06/03/2026, 11:18:43 AM [32m    LOG[39m [38;5;3m[RoutesResolver] [39m[32mReferralsController {/api/v1/referrals}:[39m[38;5;3m +0ms[39m
[32m[Nest] 91161  - [39m06/03/2026, 11:18:43 AM [32m    LOG[39m [38;5;3m[RouterExplorer] [39m[32mMapped {/api/v1/referrals, GET} route[39m[38;5;3m +0ms[39m
[32m[Nest] 91161  - [39m06/03/2026, 11:18:43 AM [32m    LOG[39m [38;5;3m[PrismaService] [39m[32mDatabase connected[39m
[32m[Nest] 91161  - [39m06/03/2026, 11:18:43 AM [32m    LOG[39m [38;5;3m[NestApplication] [39m[32mNest application successfully started[39m[38;5;3m +24ms[39m
[31m[Nest] 91161  - [39m06/03/2026, 11:18:43 AM [31m  ERROR[39m [38;5;3m[NestApplication] [39m[31mError: listen EADDRINUSE: address already in use :::3001[39m[38;5;3m +4ms[39m
node:net:1912
    const ex = new UVExceptionWithHostPort(err, 'listen', address, port);
               ^

Error: listen EADDRINUSE: address already in use :::3001
    at Server.setupListenHandle [as _listen2] (node:net:1912:16)
    at listenInCluster (node:net:1969:12)
    at Server.listen (node:net:2074:7)
    at ExpressAdapter.listen (/Users/vytvytskyi/foryou_partners/backend/node_modules/@nestjs/platform-express/adapters/express-adapter.js:95:32)
    at /Users/vytvytskyi/foryou_partners/backend/node_modules/@nestjs/core/nest-application.js:183:30
    at new Promise (<anonymous>)
    at NestApplication.listen (/Users/vytvytskyi/foryou_partners/backend/node_modules/@nestjs/core/nest-application.js:173:16)
    at async bootstrap (/Users/vytvytskyi/foryou_partners/backend/src/main.ts:75:3) {
  code: 'EADDRINUSE',
  errno: -48,
  syscall: 'listen',
  address: '::',
  port: 3001
}

Node.js v22.12.0
[2J[3J[H[[90m11:18:55 AM[0m] File change detected. Starting incremental compilation...

[[90m11:18:56 AM[0m] Found 0 errors. Watching for file changes.

[32m[Nest] 91189  - [39m06/03/2026, 11:18:58 AM [32m    LOG[39m [38;5;3m[NestFactory] [39m[32mStarting Nest application...[39m
[32m[Nest] 91189  - [39m06/03/2026, 11:18:58 AM [32m    LOG[39m [38;5;3m[InstanceLoader] [39m[32mAppModule dependencies initialized[39m[38;5;3m +26ms[39m
[32m[Nest] 91189  - [39m06/03/2026, 11:18:58 AM [32m    LOG[39m [38;5;3m[InstanceLoader] [39m[32mConfigModule dependencies initialized[39m[38;5;3m +0ms[39m
[32m[Nest] 91189  - [39m06/03/2026, 11:18:58 AM [32m    LOG[39m [38;5;3m[InstanceLoader] [39m[32mDatabaseModule dependencies initialized[39m[38;5;3m +11ms[39m
[32m[Nest] 91189  - [39m06/03/2026, 11:18:58 AM [32m    LOG[39m [38;5;3m[InstanceLoader] [39m[32mPassportModule dependencies initialized[39m[38;5;3m +0ms[39m
[32m[Nest] 91189  - [39m06/03/2026, 11:18:58 AM [32m    LOG[39m [38;5;3m[InstanceLoader] [39m[32mThrottlerModule dependencies initialized[39m[38;5;3m +18ms[39m
[32m[Nest] 91189  - [39m06/03/2026, 11:18:58 AM [32m    LOG[39m [38;5;3m[InstanceLoader] [39m[32mJwtModule dependencies initialized[39m[38;5;3m +0ms[39m
[32m[Nest] 91189  - [39m06/03/2026, 11:18:58 AM [32m    LOG[39m [38;5;3m[InstanceLoader] [39m[32mConfigHostModule dependencies initialized[39m[38;5;3m +1ms[39m
[32m[Nest] 91189  - [39m06/03/2026, 11:18:58 AM [32m    LOG[39m [38;5;3m[InstanceLoader] [39m[32mAuditModule dependencies initialized[39m[38;5;3m +0ms[39m
[32m[Nest] 91189  - [39m06/03/2026, 11:18:58 AM [32m    LOG[39m [38;5;3m[InstanceLoader] [39m[32mDiscoveryModule dependencies initialized[39m[38;5;3m +0ms[39m
[32m[Nest] 91189  - [39m06/03/2026, 11:18:58 AM [32m    LOG[39m [38;5;3m[InstanceLoader] [39m[32mTerminusModule dependencies initialized[39m[38;5;3m +1ms[39m
[32m[Nest] 91189  - [39m06/03/2026, 11:18:58 AM [32m    LOG[39m [38;5;3m[InstanceLoader] [39m[32mConfigModule dependencies initialized[39m[38;5;3m +0ms[39m
[32m[Nest] 91189  - [39m06/03/2026, 11:18:58 AM [32m    LOG[39m [38;5;3m[InstanceLoader] [39m[32mScheduleModule dependencies initialized[39m[38;5;3m +1ms[39m
[32m[Nest] 91189  - [39m06/03/2026, 11:18:58 AM [32m    LOG[39m [38;5;3m[InstanceLoader] [39m[32mRedisModule dependencies initialized[39m[38;5;3m +0ms[39m
[32m[Nest] 91189  - [39m06/03/2026, 11:18:58 AM [32m    LOG[39m [38;5;3m[InstanceLoader] [39m[32mEmailModule dependencies initialized[39m[38;5;3m +0ms[39m
[32m[Nest] 91189  - [39m06/03/2026, 11:18:58 AM [32m    LOG[39m [38;5;3m[InstanceLoader] [39m[32mProfileModule dependencies initialized[39m[38;5;3m +1ms[39m
[32m[Nest] 91189  - [39m06/03/2026, 11:18:58 AM [32m    LOG[39m [38;5;3m[InstanceLoader] [39m[32mAnalyticsModule dependencies initialized[39m[38;5;3m +0ms[39m
[32m[Nest] 91189  - [39m06/03/2026, 11:18:58 AM [32m    LOG[39m [38;5;3m[InstanceLoader] [39m[32mPayoutsModule dependencies initialized[39m[38;5;3m +0ms[39m
[32m[Nest] 91189  - [39m06/03/2026, 11:18:58 AM [32m    LOG[39m [38;5;3m[InstanceLoader] [39m[32mReferralsModule dependencies initialized[39m[38;5;3m +0ms[39m
[32m[Nest] 91189  - [39m06/03/2026, 11:18:58 AM [32m    LOG[39m [38;5;3m[InstanceLoader] [39m[32mAuthModule dependencies initialized[39m[38;5;3m +0ms[39m
[32m[Nest] 91189  - [39m06/03/2026, 11:18:58 AM [32m    LOG[39m [38;5;3m[InstanceLoader] [39m[32mHealthModule dependencies initialized[39m[38;5;3m +1ms[39m
[32m[Nest] 91189  - [39m06/03/2026, 11:18:58 AM [32m    LOG[39m [38;5;3m[InstanceLoader] [39m[32mWebhookModule dependencies initialized[39m[38;5;3m +0ms[39m
[32m[Nest] 91189  - [39m06/03/2026, 11:18:58 AM [32m    LOG[39m [38;5;3m[InstanceLoader] [39m[32mAmoModule dependencies initialized[39m[38;5;3m +0ms[39m
[32m[Nest] 91189  - [39m06/03/2026, 11:18:58 AM [32m    LOG[39m [38;5;3m[InstanceLoader] [39m[32mAdminModule dependencies initialized[39m[38;5;3m +0ms[39m
[32m[Nest] 91189  - [39m06/03/2026, 11:18:58 AM [32m    LOG[39m [38;5;3m[InstanceLoader] [39m[32mLeadsModule dependencies initialized[39m[38;5;3m +0ms[39m
[32m[Nest] 91189  - [39m06/03/2026, 11:18:58 AM [32m    LOG[39m [38;5;3m[RoutesResolver] [39m[32mHealthController {/api/v1/health}:[39m[38;5;3m +8ms[39m
[32m[Nest] 91189  - [39m06/03/2026, 11:18:58 AM [32m    LOG[39m [38;5;3m[RouterExplorer] [39m[32mMapped {/api/v1/health, GET} route[39m[38;5;3m +1ms[39m
[32m[Nest] 91189  - [39m06/03/2026, 11:18:58 AM [32m    LOG[39m [38;5;3m[RoutesResolver] [39m[32mAuthController {/api/v1/auth}:[39m[38;5;3m +0ms[39m
[32m[Nest] 91189  - [39m06/03/2026, 11:18:58 AM [32m    LOG[39m [38;5;3m[RouterExplorer] [39m[32mMapped {/api/v1/auth/login, POST} route[39m[38;5;3m +0ms[39m
[32m[Nest] 91189  - [39m06/03/2026, 11:18:58 AM [32m    LOG[39m [38;5;3m[RouterExplorer] [39m[32mMapped {/api/v1/auth/register, POST} route[39m[38;5;3m +0ms[39m
[32m[Nest] 91189  - [39m06/03/2026, 11:18:58 AM [32m    LOG[39m [38;5;3m[RouterExplorer] [39m[32mMapped {/api/v1/auth/refresh, POST} route[39m[38;5;3m +0ms[39m
[32m[Nest] 91189  - [39m06/03/2026, 11:18:58 AM [32m    LOG[39m [38;5;3m[RouterExplorer] [39m[32mMapped {/api/v1/auth/logout, POST} route[39m[38;5;3m +0ms[39m
[32m[Nest] 91189  - [39m06/03/2026, 11:18:58 AM [32m    LOG[39m [38;5;3m[RouterExplorer] [39m[32mMapped {/api/v1/auth/password/forgot, POST} route[39m[38;5;3m +0ms[39m
[32m[Nest] 91189  - [39m06/03/2026, 11:18:58 AM [32m    LOG[39m [38;5;3m[RouterExplorer] [39m[32mMapped {/api/v1/auth/password/reset, POST} route[39m[38;5;3m +1ms[39m
[32m[Nest] 91189  - [39m06/03/2026, 11:18:58 AM [32m    LOG[39m [38;5;3m[RoutesResolver] [39m[32mLeadsController {/api/v1/leads}:[39m[38;5;3m +0ms[39m
[32m[Nest] 91189  - [39m06/03/2026, 11:18:58 AM [32m    LOG[39m [38;5;3m[RouterExplorer] [39m[32mMapped {/api/v1/leads, GET} route[39m[38;5;3m +0ms[39m
[32m[Nest] 91189  - [39m06/03/2026, 11:18:58 AM [32m    LOG[39m [38;5;3m[RouterExplorer] [39m[32mMapped {/api/v1/leads, POST} route[39m[38;5;3m +0ms[39m
[32m[Nest] 91189  - [39m06/03/2026, 11:18:58 AM [32m    LOG[39m [38;5;3m[RouterExplorer] [39m[32mMapped {/api/v1/leads/board, GET} route[39m[38;5;3m +0ms[39m
[32m[Nest] 91189  - [39m06/03/2026, 11:18:58 AM [32m    LOG[39m [38;5;3m[RouterExplorer] [39m[32mMapped {/api/v1/leads/:id, GET} route[39m[38;5;3m +1ms[39m
[32m[Nest] 91189  - [39m06/03/2026, 11:18:58 AM [32m    LOG[39m [38;5;3m[RouterExplorer] [39m[32mMapped {/api/v1/leads/:id/history, GET} route[39m[38;5;3m +0ms[39m
[32m[Nest] 91189  - [39m06/03/2026, 11:18:58 AM [32m    LOG[39m [38;5;3m[RouterExplorer] [39m[32mMapped {/api/v1/leads/:id/notes, GET} route[39m[38;5;3m +0ms[39m
[32m[Nest] 91189  - [39m06/03/2026, 11:18:58 AM [32m    LOG[39m [38;5;3m[RouterExplorer] [39m[32mMapped {/api/v1/leads/:id/notes, POST} route[39m[38;5;3m +0ms[39m
[32m[Nest] 91189  - [39m06/03/2026, 11:18:58 AM [32m    LOG[39m [38;5;3m[RoutesResolver] [39m[32mAmoController {/api/v1/amo-crm}:[39m[38;5;3m +0ms[39m
[32m[Nest] 91189  - [39m06/03/2026, 11:18:58 AM [32m    LOG[39m [38;5;3m[RouterExplorer] [39m[32mMapped {/api/v1/amo-crm/connect, GET} route[39m[38;5;3m +0ms[39m
[32m[Nest] 91189  - [39m06/03/2026, 11:18:58 AM [32m    LOG[39m [38;5;3m[RouterExplorer] [39m[32mMapped {/api/v1/amo-crm/callback, GET} route[39m[38;5;3m +0ms[39m
[32m[Nest] 91189  - [39m06/03/2026, 11:18:58 AM [32m    LOG[39m [38;5;3m[RouterExplorer] [39m[32mMapped {/api/v1/amo-crm/backfill, POST} route[39m[38;5;3m +0ms[39m
[32m[Nest] 91189  - [39m06/03/2026, 11:18:58 AM [32m    LOG[39m [38;5;3m[RouterExplorer] [39m[32mMapped {/api/v1/amo-crm/backfill-history, POST} route[39m[38;5;3m +0ms[39m
[32m[Nest] 91189  - [39m06/03/2026, 11:18:58 AM [32m    LOG[39m [38;5;3m[RouterExplorer] [39m[32mMapped {/api/v1/amo-crm/sources, GET} route[39m[38;5;3m +0ms[39m
[32m[Nest] 91189  - [39m06/03/2026, 11:18:58 AM [32m    LOG[39m [38;5;3m[RouterExplorer] [39m[32mMapped {/api/v1/amo-crm/tags, GET} route[39m[38;5;3m +0ms[39m
[32m[Nest] 91189  - [39m06/03/2026, 11:18:58 AM [32m    LOG[39m [38;5;3m[RouterExplorer] [39m[32mMapped {/api/v1/amo-crm/pipelines, GET} route[39m[38;5;3m +0ms[39m
[32m[Nest] 91189  - [39m06/03/2026, 11:18:58 AM [32m    LOG[39m [38;5;3m[RoutesResolver] [39m[32mAdminController {/api/v1/admin/partners}:[39m[38;5;3m +0ms[39m
[32m[Nest] 91189  - [39m06/03/2026, 11:18:58 AM [32m    LOG[39m [38;5;3m[RouterExplorer] [39m[32mMapped {/api/v1/admin/partners, GET} route[39m[38;5;3m +0ms[39m
[32m[Nest] 91189  - [39m06/03/2026, 11:18:58 AM [32m    LOG[39m [38;5;3m[RouterExplorer] [39m[32mMapped {/api/v1/admin/partners, POST} route[39m[38;5;3m +0ms[39m
[32m[Nest] 91189  - [39m06/03/2026, 11:18:58 AM [32m    LOG[39m [38;5;3m[RouterExplorer] [39m[32mMapped {/api/v1/admin/partners/:id, PUT} route[39m[38;5;3m +0ms[39m
[32m[Nest] 91189  - [39m06/03/2026, 11:18:58 AM [32m    LOG[39m [38;5;3m[RouterExplorer] [39m[32mMapped {/api/v1/admin/partners/:id, DELETE} route[39m[38;5;3m +0ms[39m
[32m[Nest] 91189  - [39m06/03/2026, 11:18:58 AM [32m    LOG[39m [38;5;3m[RouterExplorer] [39m[32mMapped {/api/v1/admin/partners/sync, POST} route[39m[38;5;3m +0ms[39m
[32m[Nest] 91189  - [39m06/03/2026, 11:18:58 AM [32m    LOG[39m [38;5;3m[RoutesResolver] [39m[32mWebhookController {/api/v1/webhook}:[39m[38;5;3m +1ms[39m
[32m[Nest] 91189  - [39m06/03/2026, 11:18:58 AM [32m    LOG[39m [38;5;3m[RouterExplorer] [39m[32mMapped {/api/v1/webhook/amocrm, POST} route[39m[38;5;3m +0ms[39m
[32m[Nest] 91189  - [39m06/03/2026, 11:18:58 AM [32m    LOG[39m [38;5;3m[RoutesResolver] [39m[32mProfileController {/api/v1/profile}:[39m[38;5;3m +0ms[39m
[32m[Nest] 91189  - [39m06/03/2026, 11:18:58 AM [32m    LOG[39m [38;5;3m[RouterExplorer] [39m[32mMapped {/api/v1/profile, GET} route[39m[38;5;3m +0ms[39m
[32m[Nest] 91189  - [39m06/03/2026, 11:18:58 AM [32m    LOG[39m [38;5;3m[RouterExplorer] [39m[32mMapped {/api/v1/profile/notifications, PUT} route[39m[38;5;3m +0ms[39m
[32m[Nest] 91189  - [39m06/03/2026, 11:18:58 AM [32m    LOG[39m [38;5;3m[RouterExplorer] [39m[32mMapped {/api/v1/profile/password, PUT} route[39m[38;5;3m +0ms[39m
[32m[Nest] 91189  - [39m06/03/2026, 11:18:58 AM [32m    LOG[39m [38;5;3m[RoutesResolver] [39m[32mAnalyticsController {/api/v1/analytics}:[39m[38;5;3m +1ms[39m
[32m[Nest] 91189  - [39m06/03/2026, 11:18:58 AM [32m    LOG[39m [38;5;3m[RouterExplorer] [39m[32mMapped {/api/v1/analytics/dashboard, GET} route[39m[38;5;3m +0ms[39m
[32m[Nest] 91189  - [39m06/03/2026, 11:18:58 AM [32m    LOG[39m [38;5;3m[RoutesResolver] [39m[32mPayoutsController {/api/v1/payouts}:[39m[38;5;3m +0ms[39m
[32m[Nest] 91189  - [39m06/03/2026, 11:18:58 AM [32m    LOG[39m [38;5;3m[RouterExplorer] [39m[32mMapped {/api/v1/payouts, GET} route[39m[38;5;3m +0ms[39m
[32m[Nest] 91189  - [39m06/03/2026, 11:18:58 AM [32m    LOG[39m [38;5;3m[RoutesResolver] [39m[32mReferralsController {/api/v1/referrals}:[39m[38;5;3m +0ms[39m
[32m[Nest] 91189  - [39m06/03/2026, 11:18:58 AM [32m    LOG[39m [38;5;3m[RouterExplorer] [39m[32mMapped {/api/v1/referrals, GET} route[39m[38;5;3m +0ms[39m
[32m[Nest] 91189  - [39m06/03/2026, 11:18:58 AM [32m    LOG[39m [38;5;3m[PrismaService] [39m[32mDatabase connected[39m
[32m[Nest] 91189  - [39m06/03/2026, 11:18:58 AM [32m    LOG[39m [38;5;3m[NestApplication] [39m[32mNest application successfully started[39m[38;5;3m +14ms[39m
[31m[Nest] 91189  - [39m06/03/2026, 11:18:58 AM [31m  ERROR[39m [38;5;3m[NestApplication] [39m[31mError: listen EADDRINUSE: address already in use :::3001[39m[38;5;3m +1ms[39m
node:net:1912
    const ex = new UVExceptionWithHostPort(err, 'listen', address, port);
               ^

Error: listen EADDRINUSE: address already in use :::3001
    at Server.setupListenHandle [as _listen2] (node:net:1912:16)
    at listenInCluster (node:net:1969:12)
    at Server.listen (node:net:2074:7)
    at ExpressAdapter.listen (/Users/vytvytskyi/foryou_partners/backend/node_modules/@nestjs/platform-express/adapters/express-adapter.js:95:32)
    at /Users/vytvytskyi/foryou_partners/backend/node_modules/@nestjs/core/nest-application.js:183:30
    at new Promise (<anonymous>)
    at NestApplication.listen (/Users/vytvytskyi/foryou_partners/backend/node_modules/@nestjs/core/nest-application.js:173:16)
    at async bootstrap (/Users/vytvytskyi/foryou_partners/backend/src/main.ts:75:3) {
  code: 'EADDRINUSE',
  errno: -48,
  syscall: 'listen',
  address: '::',
  port: 3001
}

Node.js v22.12.0
[2J[3J[H[[90m11:27:30 AM[0m] File change detected. Starting incremental compilation...

[[90m11:27:34 AM[0m] Found 0 errors. Watching for file changes.

[32m[Nest] 92068  - [39m06/03/2026, 11:27:37 AM [32m    LOG[39m [38;5;3m[NestFactory] [39m[32mStarting Nest application...[39m
[32m[Nest] 92068  - [39m06/03/2026, 11:27:37 AM [32m    LOG[39m [38;5;3m[InstanceLoader] [39m[32mAppModule dependencies initialized[39m[38;5;3m +33ms[39m
[32m[Nest] 92068  - [39m06/03/2026, 11:27:37 AM [32m    LOG[39m [38;5;3m[InstanceLoader] [39m[32mConfigModule dependencies initialized[39m[38;5;3m +0ms[39m
[32m[Nest] 92068  - [39m06/03/2026, 11:27:37 AM [32m    LOG[39m [38;5;3m[InstanceLoader] [39m[32mDatabaseModule dependencies initialized[39m[38;5;3m +19ms[39m
[32m[Nest] 92068  - [39m06/03/2026, 11:27:37 AM [32m    LOG[39m [38;5;3m[InstanceLoader] [39m[32mPassportModule dependencies initialized[39m[38;5;3m +0ms[39m
[32m[Nest] 92068  - [39m06/03/2026, 11:27:37 AM [32m    LOG[39m [38;5;3m[InstanceLoader] [39m[32mThrottlerModule dependencies initialized[39m[38;5;3m +49ms[39m
[32m[Nest] 92068  - [39m06/03/2026, 11:27:37 AM [32m    LOG[39m [38;5;3m[InstanceLoader] [39m[32mJwtModule dependencies initialized[39m[38;5;3m +0ms[39m
[32m[Nest] 92068  - [39m06/03/2026, 11:27:37 AM [32m    LOG[39m [38;5;3m[InstanceLoader] [39m[32mConfigHostModule dependencies initialized[39m[38;5;3m +1ms[39m
[32m[Nest] 92068  - [39m06/03/2026, 11:27:37 AM [32m    LOG[39m [38;5;3m[InstanceLoader] [39m[32mAuditModule dependencies initialized[39m[38;5;3m +1ms[39m
[32m[Nest] 92068  - [39m06/03/2026, 11:27:37 AM [32m    LOG[39m [38;5;3m[InstanceLoader] [39m[32mDiscoveryModule dependencies initialized[39m[38;5;3m +0ms[39m
[32m[Nest] 92068  - [39m06/03/2026, 11:27:37 AM [32m    LOG[39m [38;5;3m[InstanceLoader] [39m[32mTerminusModule dependencies initialized[39m[38;5;3m +1ms[39m
[32m[Nest] 92068  - [39m06/03/2026, 11:27:37 AM [32m    LOG[39m [38;5;3m[InstanceLoader] [39m[32mConfigModule dependencies initialized[39m[38;5;3m +0ms[39m
[32m[Nest] 92068  - [39m06/03/2026, 11:27:37 AM [32m    LOG[39m [38;5;3m[InstanceLoader] [39m[32mScheduleModule dependencies initialized[39m[38;5;3m +3ms[39m
[32m[Nest] 92068  - [39m06/03/2026, 11:27:37 AM [32m    LOG[39m [38;5;3m[InstanceLoader] [39m[32mRedisModule dependencies initialized[39m[38;5;3m +2ms[39m
[32m[Nest] 92068  - [39m06/03/2026, 11:27:37 AM [32m    LOG[39m [38;5;3m[InstanceLoader] [39m[32mEmailModule dependencies initialized[39m[38;5;3m +1ms[39m
[32m[Nest] 92068  - [39m06/03/2026, 11:27:37 AM [32m    LOG[39m [38;5;3m[InstanceLoader] [39m[32mProfileModule dependencies initialized[39m[38;5;3m +0ms[39m
[32m[Nest] 92068  - [39m06/03/2026, 11:27:37 AM [32m    LOG[39m [38;5;3m[InstanceLoader] [39m[32mAnalyticsModule dependencies initialized[39m[38;5;3m +0ms[39m
[32m[Nest] 92068  - [39m06/03/2026, 11:27:37 AM [32m    LOG[39m [38;5;3m[InstanceLoader] [39m[32mPayoutsModule dependencies initialized[39m[38;5;3m +0ms[39m
[32m[Nest] 92068  - [39m06/03/2026, 11:27:37 AM [32m    LOG[39m [38;5;3m[InstanceLoader] [39m[32mReferralsModule dependencies initialized[39m[38;5;3m +1ms[39m
[32m[Nest] 92068  - [39m06/03/2026, 11:27:37 AM [32m    LOG[39m [38;5;3m[InstanceLoader] [39m[32mAuthModule dependencies initialized[39m[38;5;3m +0ms[39m
[32m[Nest] 92068  - [39m06/03/2026, 11:27:37 AM [32m    LOG[39m [38;5;3m[InstanceLoader] [39m[32mHealthModule dependencies initialized[39m[38;5;3m +0ms[39m
[32m[Nest] 92068  - [39m06/03/2026, 11:27:37 AM [32m    LOG[39m [38;5;3m[InstanceLoader] [39m[32mWebhookModule dependencies initialized[39m[38;5;3m +0ms[39m
[32m[Nest] 92068  - [39m06/03/2026, 11:27:37 AM [32m    LOG[39m [38;5;3m[InstanceLoader] [39m[32mAmoModule dependencies initialized[39m[38;5;3m +1ms[39m
[32m[Nest] 92068  - [39m06/03/2026, 11:27:37 AM [32m    LOG[39m [38;5;3m[InstanceLoader] [39m[32mAdminModule dependencies initialized[39m[38;5;3m +0ms[39m
[32m[Nest] 92068  - [39m06/03/2026, 11:27:37 AM [32m    LOG[39m [38;5;3m[InstanceLoader] [39m[32mLeadsModule dependencies initialized[39m[38;5;3m +0ms[39m
[32m[Nest] 92068  - [39m06/03/2026, 11:27:37 AM [32m    LOG[39m [38;5;3m[RoutesResolver] [39m[32mHealthController {/api/v1/health}:[39m[38;5;3m +19ms[39m
[32m[Nest] 92068  - [39m06/03/2026, 11:27:37 AM [32m    LOG[39m [38;5;3m[RouterExplorer] [39m[32mMapped {/api/v1/health, GET} route[39m[38;5;3m +7ms[39m
[32m[Nest] 92068  - [39m06/03/2026, 11:27:37 AM [32m    LOG[39m [38;5;3m[RoutesResolver] [39m[32mAuthController {/api/v1/auth}:[39m[38;5;3m +0ms[39m
[32m[Nest] 92068  - [39m06/03/2026, 11:27:37 AM [32m    LOG[39m [38;5;3m[RouterExplorer] [39m[32mMapped {/api/v1/auth/login, POST} route[39m[38;5;3m +0ms[39m
[32m[Nest] 92068  - [39m06/03/2026, 11:27:37 AM [32m    LOG[39m [38;5;3m[RouterExplorer] [39m[32mMapped {/api/v1/auth/register, POST} route[39m[38;5;3m +1ms[39m
[32m[Nest] 92068  - [39m06/03/2026, 11:27:37 AM [32m    LOG[39m [38;5;3m[RouterExplorer] [39m[32mMapped {/api/v1/auth/refresh, POST} route[39m[38;5;3m +0ms[39m
[32m[Nest] 92068  - [39m06/03/2026, 11:27:37 AM [32m    LOG[39m [38;5;3m[RouterExplorer] [39m[32mMapped {/api/v1/auth/logout, POST} route[39m[38;5;3m +0ms[39m
[32m[Nest] 92068  - [39m06/03/2026, 11:27:37 AM [32m    LOG[39m [38;5;3m[RouterExplorer] [39m[32mMapped {/api/v1/auth/password/forgot, POST} route[39m[38;5;3m +0ms[39m
[32m[Nest] 92068  - [39m06/03/2026, 11:27:37 AM [32m    LOG[39m [38;5;3m[RouterExplorer] [39m[32mMapped {/api/v1/auth/password/reset, POST} route[39m[38;5;3m +0ms[39m
[32m[Nest] 92068  - [39m06/03/2026, 11:27:37 AM [32m    LOG[39m [38;5;3m[RoutesResolver] [39m[32mLeadsController {/api/v1/leads}:[39m[38;5;3m +0ms[39m
[32m[Nest] 92068  - [39m06/03/2026, 11:27:37 AM [32m    LOG[39m [38;5;3m[RouterExplorer] [39m[32mMapped {/api/v1/leads, GET} route[39m[38;5;3m +2ms[39m
[32m[Nest] 92068  - [39m06/03/2026, 11:27:37 AM [32m    LOG[39m [38;5;3m[RouterExplorer] [39m[32mMapped {/api/v1/leads, POST} route[39m[38;5;3m +1ms[39m
[32m[Nest] 92068  - [39m06/03/2026, 11:27:37 AM [32m    LOG[39m [38;5;3m[RouterExplorer] [39m[32mMapped {/api/v1/leads/board, GET} route[39m[38;5;3m +0ms[39m
[32m[Nest] 92068  - [39m06/03/2026, 11:27:37 AM [32m    LOG[39m [38;5;3m[RouterExplorer] [39m[32mMapped {/api/v1/leads/:id, GET} route[39m[38;5;3m +0ms[39m
[32m[Nest] 92068  - [39m06/03/2026, 11:27:37 AM [32m    LOG[39m [38;5;3m[RouterExplorer] [39m[32mMapped {/api/v1/leads/:id/history, GET} route[39m[38;5;3m +1ms[39m
[32m[Nest] 92068  - [39m06/03/2026, 11:27:37 AM [32m    LOG[39m [38;5;3m[RouterExplorer] [39m[32mMapped {/api/v1/leads/:id/notes, GET} route[39m[38;5;3m +0ms[39m
[32m[Nest] 92068  - [39m06/03/2026, 11:27:37 AM [32m    LOG[39m [38;5;3m[RouterExplorer] [39m[32mMapped {/api/v1/leads/:id/notes, POST} route[39m[38;5;3m +0ms[39m
[32m[Nest] 92068  - [39m06/03/2026, 11:27:37 AM [32m    LOG[39m [38;5;3m[RoutesResolver] [39m[32mAmoController {/api/v1/amo-crm}:[39m[38;5;3m +3ms[39m
[32m[Nest] 92068  - [39m06/03/2026, 11:27:37 AM [32m    LOG[39m [38;5;3m[RouterExplorer] [39m[32mMapped {/api/v1/amo-crm/connect, GET} route[39m[38;5;3m +0ms[39m
[32m[Nest] 92068  - [39m06/03/2026, 11:27:37 AM [32m    LOG[39m [38;5;3m[RouterExplorer] [39m[32mMapped {/api/v1/amo-crm/callback, GET} route[39m[38;5;3m +1ms[39m
[32m[Nest] 92068  - [39m06/03/2026, 11:27:37 AM [32m    LOG[39m [38;5;3m[RouterExplorer] [39m[32mMapped {/api/v1/amo-crm/backfill, POST} route[39m[38;5;3m +0ms[39m
[32m[Nest] 92068  - [39m06/03/2026, 11:27:37 AM [32m    LOG[39m [38;5;3m[RouterExplorer] [39m[32mMapped {/api/v1/amo-crm/backfill-history, POST} route[39m[38;5;3m +0ms[39m
[32m[Nest] 92068  - [39m06/03/2026, 11:27:37 AM [32m    LOG[39m [38;5;3m[RouterExplorer] [39m[32mMapped {/api/v1/amo-crm/sources, GET} route[39m[38;5;3m +0ms[39m
[32m[Nest] 92068  - [39m06/03/2026, 11:27:37 AM [32m    LOG[39m [38;5;3m[RouterExplorer] [39m[32mMapped {/api/v1/amo-crm/tags, GET} route[39m[38;5;3m +0ms[39m
[32m[Nest] 92068  - [39m06/03/2026, 11:27:37 AM [32m    LOG[39m [38;5;3m[RouterExplorer] [39m[32mMapped {/api/v1/amo-crm/pipelines, GET} route[39m[38;5;3m +0ms[39m
[32m[Nest] 92068  - [39m06/03/2026, 11:27:37 AM [32m    LOG[39m [38;5;3m[RoutesResolver] [39m[32mAdminController {/api/v1/admin/partners}:[39m[38;5;3m +0ms[39m
[32m[Nest] 92068  - [39m06/03/2026, 11:27:37 AM [32m    LOG[39m [38;5;3m[RouterExplorer] [39m[32mMapped {/api/v1/admin/partners, GET} route[39m[38;5;3m +0ms[39m
[32m[Nest] 92068  - [39m06/03/2026, 11:27:37 AM [32m    LOG[39m [38;5;3m[RouterExplorer] [39m[32mMapped {/api/v1/admin/partners, POST} route[39m[38;5;3m +0ms[39m
[32m[Nest] 92068  - [39m06/03/2026, 11:27:37 AM [32m    LOG[39m [38;5;3m[RouterExplorer] [39m[32mMapped {/api/v1/admin/partners/:id, PUT} route[39m[38;5;3m +0ms[39m
[32m[Nest] 92068  - [39m06/03/2026, 11:27:37 AM [32m    LOG[39m [38;5;3m[RouterExplorer] [39m[32mMapped {/api/v1/admin/partners/:id, DELETE} route[39m[38;5;3m +0ms[39m
[32m[Nest] 92068  - [39m06/03/2026, 11:27:37 AM [32m    LOG[39m [38;5;3m[RouterExplorer] [39m[32mMapped {/api/v1/admin/partners/sync, POST} route[39m[38;5;3m +0ms[39m
[32m[Nest] 92068  - [39m06/03/2026, 11:27:37 AM [32m    LOG[39m [38;5;3m[RoutesResolver] [39m[32mWebhookController {/api/v1/webhook}:[39m[38;5;3m +0ms[39m
[32m[Nest] 92068  - [39m06/03/2026, 11:27:37 AM [32m    LOG[39m [38;5;3m[RouterExplorer] [39m[32mMapped {/api/v1/webhook/amocrm, POST} route[39m[38;5;3m +1ms[39m
[32m[Nest] 92068  - [39m06/03/2026, 11:27:37 AM [32m    LOG[39m [38;5;3m[RoutesResolver] [39m[32mProfileController {/api/v1/profile}:[39m[38;5;3m +0ms[39m
[32m[Nest] 92068  - [39m06/03/2026, 11:27:37 AM [32m    LOG[39m [38;5;3m[RouterExplorer] [39m[32mMapped {/api/v1/profile, GET} route[39m[38;5;3m +0ms[39m
[32m[Nest] 92068  - [39m06/03/2026, 11:27:37 AM [32m    LOG[39m [38;5;3m[RouterExplorer] [39m[32mMapped {/api/v1/profile/notifications, PUT} route[39m[38;5;3m +0ms[39m
[32m[Nest] 92068  - [39m06/03/2026, 11:27:37 AM [32m    LOG[39m [38;5;3m[RouterExplorer] [39m[32mMapped {/api/v1/profile/password, PUT} route[39m[38;5;3m +0ms[39m
[32m[Nest] 92068  - [39m06/03/2026, 11:27:37 AM [32m    LOG[39m [38;5;3m[RoutesResolver] [39m[32mAnalyticsController {/api/v1/analytics}:[39m[38;5;3m +0ms[39m
[32m[Nest] 92068  - [39m06/03/2026, 11:27:37 AM [32m    LOG[39m [38;5;3m[RouterExplorer] [39m[32mMapped {/api/v1/analytics/dashboard, GET} route[39m[38;5;3m +0ms[39m
[32m[Nest] 92068  - [39m06/03/2026, 11:27:37 AM [32m    LOG[39m [38;5;3m[RoutesResolver] [39m[32mPayoutsController {/api/v1/payouts}:[39m[38;5;3m +0ms[39m
[32m[Nest] 92068  - [39m06/03/2026, 11:27:37 AM [32m    LOG[39m [38;5;3m[RouterExplorer] [39m[32mMapped {/api/v1/payouts, GET} route[39m[38;5;3m +0ms[39m
[32m[Nest] 92068  - [39m06/03/2026, 11:27:37 AM [32m    LOG[39m [38;5;3m[RoutesResolver] [39m[32mReferralsController {/api/v1/referrals}:[39m[38;5;3m +0ms[39m
[32m[Nest] 92068  - [39m06/03/2026, 11:27:37 AM [32m    LOG[39m [38;5;3m[RouterExplorer] [39m[32mMapped {/api/v1/referrals, GET} route[39m[38;5;3m +1ms[39m
[32m[Nest] 92068  - [39m06/03/2026, 11:27:37 AM [32m    LOG[39m [38;5;3m[PrismaService] [39m[32mDatabase connected[39m
[32m[Nest] 92068  - [39m06/03/2026, 11:27:37 AM [32m    LOG[39m [38;5;3m[NestApplication] [39m[32mNest application successfully started[39m[38;5;3m +16ms[39m
Backend running on http://localhost:3001/api/v1
[32m[Nest] 92068  - [39m06/03/2026, 11:30:00 AM [32m    LOG[39m [38;5;3m[AmoSyncService] [39m[32mStarting scheduled 30-minute amoCRM sync...[39m
[2026-06-03T09:30:05.877Z] OPTIONS /api/v1/leads/47341612 - Query: {}
[2026-06-03T09:30:05.934Z] OPTIONS /api/v1/leads/47341612/history - Query: {}
[2026-06-03T09:30:05.960Z] GET /api/v1/leads/47341612 - Query: {}
[2026-06-03T09:30:06.004Z] GET /api/v1/leads/47341612/history - Query: {}
[32m[Nest] 92068  - [39m06/03/2026, 11:30:11 AM [32m    LOG[39m [38;5;3m[AmoService] [39m[32mBackfill page 1: fetched=250 upserted=0 skipped=250[39m
[32m[Nest] 92068  - [39m06/03/2026, 11:30:20 AM [32m    LOG[39m [38;5;3m[AmoService] [39m[32mBackfill page 2: fetched=250 upserted=0 skipped=250[39m
[32m[Nest] 92068  - [39m06/03/2026, 11:30:27 AM [32m    LOG[39m [38;5;3m[AmoService] [39m[32mBackfill page 3: fetched=250 upserted=0 skipped=250[39m
[32m[Nest] 92068  - [39m06/03/2026, 11:30:36 AM [32m    LOG[39m [38;5;3m[AmoService] [39m[32mBackfill page 4: fetched=250 upserted=0 skipped=250[39m
[32m[Nest] 92068  - [39m06/03/2026, 11:30:55 AM [32m    LOG[39m [38;5;3m[AmoService] [39m[32mBackfill page 5: fetched=250 upserted=0 skipped=250[39m
[2026-06-03T09:30:57.213Z] OPTIONS /api/v1/leads/47341612 - Query: {}
[2026-06-03T09:30:57.258Z] OPTIONS /api/v1/leads/47341612/history - Query: {}
[2026-06-03T09:30:57.325Z] GET /api/v1/leads/47341612 - Query: {}
[2026-06-03T09:30:57.438Z] GET /api/v1/leads/47341612/history - Query: {}
[32m[Nest] 92068  - [39m06/03/2026, 11:31:07 AM [32m    LOG[39m [38;5;3m[AmoService] [39m[32mBackfill page 6: fetched=250 upserted=0 skipped=250[39m
[2026-06-03T09:31:08.262Z] OPTIONS /api/v1/leads/47341612/notes - Query: {}
[2026-06-03T09:31:08.389Z] GET /api/v1/leads/47341612/notes - Query: {}
[32m[Nest] 92068  - [39m06/03/2026, 11:31:29 AM [32m    LOG[39m [38;5;3m[AmoService] [39m[32mBackfill page 7: fetched=250 upserted=0 skipped=250[39m
[32m[Nest] 92068  - [39m06/03/2026, 11:31:44 AM [32m    LOG[39m [38;5;3m[AmoService] [39m[32mBackfill page 8: fetched=250 upserted=0 skipped=250[39m
[32m[Nest] 92068  - [39m06/03/2026, 11:32:01 AM [32m    LOG[39m [38;5;3m[AmoService] [39m[32mBackfill page 9: fetched=250 upserted=0 skipped=250[39m
[32m[Nest] 92068  - [39m06/03/2026, 11:32:23 AM [32m    LOG[39m [38;5;3m[AmoService] [39m[32mBackfill page 10: fetched=250 upserted=0 skipped=250[39m
[32m[Nest] 92068  - [39m06/03/2026, 11:32:30 AM [32m    LOG[39m [38;5;3m[AmoService] [39m[32mBackfill page 11: fetched=250 upserted=0 skipped=250[39m
[32m[Nest] 92068  - [39m06/03/2026, 11:32:35 AM [32m    LOG[39m [38;5;3m[AmoService] [39m[32mBackfill page 12: fetched=250 upserted=0 skipped=250[39m
[32m[Nest] 92068  - [39m06/03/2026, 11:32:42 AM [32m    LOG[39m [38;5;3m[AmoService] [39m[32mBackfill page 13: fetched=250 upserted=0 skipped=250[39m
[32m[Nest] 92068  - [39m06/03/2026, 11:32:53 AM [32m    LOG[39m [38;5;3m[AmoService] [39m[32mBackfill page 14: fetched=250 upserted=0 skipped=250[39m
[32m[Nest] 92068  - [39m06/03/2026, 11:33:01 AM [32m    LOG[39m [38;5;3m[AmoService] [39m[32mBackfill page 15: fetched=250 upserted=0 skipped=250[39m
[32m[Nest] 92068  - [39m06/03/2026, 11:33:10 AM [32m    LOG[39m [38;5;3m[AmoService] [39m[32mBackfill page 16: fetched=250 upserted=0 skipped=250[39m
[32m[Nest] 92068  - [39m06/03/2026, 11:33:17 AM [32m    LOG[39m [38;5;3m[AmoService] [39m[32mBackfill page 17: fetched=250 upserted=0 skipped=250[39m
[32m[Nest] 92068  - [39m06/03/2026, 11:33:24 AM [32m    LOG[39m [38;5;3m[AmoService] [39m[32mBackfill page 18: fetched=250 upserted=0 skipped=250[39m
[32m[Nest] 92068  - [39m06/03/2026, 11:33:32 AM [32m    LOG[39m [38;5;3m[AmoService] [39m[32mBackfill page 19: fetched=250 upserted=0 skipped=250[39m
[32m[Nest] 92068  - [39m06/03/2026, 11:33:39 AM [32m    LOG[39m [38;5;3m[AmoService] [39m[32mBackfill page 20: fetched=250 upserted=0 skipped=250[39m
[32m[Nest] 92068  - [39m06/03/2026, 11:33:45 AM [32m    LOG[39m [38;5;3m[AmoService] [39m[32mBackfill page 21: fetched=250 upserted=0 skipped=250[39m
[32m[Nest] 92068  - [39m06/03/2026, 11:33:52 AM [32m    LOG[39m [38;5;3m[AmoService] [39m[32mBackfill page 22: fetched=250 upserted=0 skipped=250[39m
[32m[Nest] 92068  - [39m06/03/2026, 11:34:00 AM [32m    LOG[39m [38;5;3m[AmoService] [39m[32mBackfill page 23: fetched=250 upserted=0 skipped=250[39m
[32m[Nest] 92068  - [39m06/03/2026, 11:34:08 AM [32m    LOG[39m [38;5;3m[AmoService] [39m[32mBackfill page 24: fetched=250 upserted=0 skipped=250[39m
[2026-06-03T09:34:14.102Z] OPTIONS /api/v1/leads/47341612 - Query: {}
[2026-06-03T09:34:14.111Z] OPTIONS /api/v1/amo-crm/pipelines - Query: {}
[2026-06-03T09:34:14.111Z] OPTIONS /api/v1/leads/47341612/notes - Query: {}
[2026-06-03T09:34:14.111Z] OPTIONS /api/v1/leads/47341612/history - Query: {}
[2026-06-03T09:34:14.154Z] GET /api/v1/leads/47341612 - Query: {}
[2026-06-03T09:34:14.184Z] GET /api/v1/amo-crm/pipelines - Query: {}
[2026-06-03T09:34:14.192Z] GET /api/v1/leads/47341612/notes - Query: {}
[2026-06-03T09:34:14.193Z] GET /api/v1/leads/47341612/history - Query: {}
[32m[Nest] 92068  - [39m06/03/2026, 11:34:14 AM [32m    LOG[39m [38;5;3m[AmoService] [39m[32mBackfill page 25: fetched=250 upserted=0 skipped=250[39m
[32m[Nest] 92068  - [39m06/03/2026, 11:34:21 AM [32m    LOG[39m [38;5;3m[AmoService] [39m[32mBackfill page 26: fetched=250 upserted=0 skipped=250[39m
[2026-06-03T09:34:24.664Z] OPTIONS /api/v1/leads/47341612/notes - Query: {}
[2026-06-03T09:34:24.669Z] GET /api/v1/leads/47341612/notes - Query: {}
[32m[Nest] 92068  - [39m06/03/2026, 11:34:29 AM [32m    LOG[39m [38;5;3m[AmoService] [39m[32mBackfill page 27: fetched=250 upserted=0 skipped=250[39m
[2026-06-03T09:34:31.518Z] OPTIONS /api/v1/leads/47341612/notes - Query: {}
[2026-06-03T09:34:31.524Z] POST /api/v1/leads/47341612/notes - Query: {}
prisma:error 
Invalid `this.prisma.partner.findUnique()` invocation in
/Users/vytvytskyi/foryou_partners/backend/src/leads/leads.service.ts:546:47

  543 }
  544 
  545 // Get partner info to use as author name
→ 546 const partner = await this.prisma.partner.findUnique({
        where: {
          id: undefined,
      ?   AND?: PartnerWhereInput | PartnerWhereInput[],
      ?   OR?: PartnerWhereInput[],
      ?   NOT?: PartnerWhereInput | PartnerWhereInput[],
      ?   name?: StringFilter | String,
      ?   isActive?: BoolFilter | Boolean,
      ?   createdAt?: DateTimeFilter | DateTime,
      ?   updatedAt?: DateTimeFilter | DateTime,
      ?   referredById?: StringNullableFilter | String | Null,
      ?   labels?: StringNullableListFilter,
      ?   leadSnapshots?: LeadSnapshotListRelationFilter,
      ?   statusHistory?: LeadStatusHistoryListRelationFilter,
      ?   pipelines?: PartnerPipelineListRelationFilter,
      ?   sources?: PartnerSourceListRelationFilter,
      ?   tags?: PartnerTagListRelationFilter,
      ?   users?: UserListRelationFilter,
      ?   referredBy?: PartnerNullableRelationFilter | PartnerWhereInput | Null,
      ?   referrals?: PartnerListRelationFilter,
      ?   commissions?: CommissionListRelationFilter,
      ?   payouts?: PayoutListRelationFilter
        },
        select: {
          name: true
        }
      })

Argument `where` of type PartnerWhereUniqueInput needs at least one of `id` arguments. Available options are marked with ?.
[31m[Nest] 92068  - [39m06/03/2026, 11:34:31 AM [31m  ERROR[39m [38;5;3m[ExceptionsHandler] [39m[31m
Invalid `this.prisma.partner.findUnique()` invocation in
/Users/vytvytskyi/foryou_partners/backend/src/leads/leads.service.ts:546:47

  543 }
  544 
  545 // Get partner info to use as author name
→ 546 const partner = await this.prisma.partner.findUnique({
        where: {
          id: undefined,
      ?   AND?: PartnerWhereInput | PartnerWhereInput[],
      ?   OR?: PartnerWhereInput[],
      ?   NOT?: PartnerWhereInput | PartnerWhereInput[],
      ?   name?: StringFilter | String,
      ?   isActive?: BoolFilter | Boolean,
      ?   createdAt?: DateTimeFilter | DateTime,
      ?   updatedAt?: DateTimeFilter | DateTime,
      ?   referredById?: StringNullableFilter | String | Null,
      ?   labels?: StringNullableListFilter,
      ?   leadSnapshots?: LeadSnapshotListRelationFilter,
      ?   statusHistory?: LeadStatusHistoryListRelationFilter,
      ?   pipelines?: PartnerPipelineListRelationFilter,
      ?   sources?: PartnerSourceListRelationFilter,
      ?   tags?: PartnerTagListRelationFilter,
      ?   users?: UserListRelationFilter,
      ?   referredBy?: PartnerNullableRelationFilter | PartnerWhereInput | Null,
      ?   referrals?: PartnerListRelationFilter,
      ?   commissions?: CommissionListRelationFilter,
      ?   payouts?: PayoutListRelationFilter
        },
        select: {
          name: true
        }
      })

Argument `where` of type PartnerWhereUniqueInput needs at least one of `id` arguments. Available options are marked with ?.[39m
PrismaClientValidationError: 
Invalid `this.prisma.partner.findUnique()` invocation in
/Users/vytvytskyi/foryou_partners/backend/src/leads/leads.service.ts:546:47

  543 }
  544 
  545 // Get partner info to use as author name
→ 546 const partner = await this.prisma.partner.findUnique({
        where: {
          id: undefined,
      ?   AND?: PartnerWhereInput | PartnerWhereInput[],
      ?   OR?: PartnerWhereInput[],
      ?   NOT?: PartnerWhereInput | PartnerWhereInput[],
      ?   name?: StringFilter | String,
      ?   isActive?: BoolFilter | Boolean,
      ?   createdAt?: DateTimeFilter | DateTime,
      ?   updatedAt?: DateTimeFilter | DateTime,
      ?   referredById?: StringNullableFilter | String | Null,
      ?   labels?: StringNullableListFilter,
      ?   leadSnapshots?: LeadSnapshotListRelationFilter,
      ?   statusHistory?: LeadStatusHistoryListRelationFilter,
      ?   pipelines?: PartnerPipelineListRelationFilter,
      ?   sources?: PartnerSourceListRelationFilter,
      ?   tags?: PartnerTagListRelationFilter,
      ?   users?: UserListRelationFilter,
      ?   referredBy?: PartnerNullableRelationFilter | PartnerWhereInput | Null,
      ?   referrals?: PartnerListRelationFilter,
      ?   commissions?: CommissionListRelationFilter,
      ?   payouts?: PayoutListRelationFilter
        },
        select: {
          name: true
        }
      })

Argument `where` of type PartnerWhereUniqueInput needs at least one of `id` arguments. Available options are marked with ?.
    at wn (/Users/vytvytskyi/foryou_partners/backend/node_modules/@prisma/client/runtime/library.js:29:1363)
    at $n.handleRequestError (/Users/vytvytskyi/foryou_partners/backend/node_modules/@prisma/client/runtime/library.js:121:6958)
    at $n.handleAndLogRequestError (/Users/vytvytskyi/foryou_partners/backend/node_modules/@prisma/client/runtime/library.js:121:6623)
    at $n.request (/Users/vytvytskyi/foryou_partners/backend/node_modules/@prisma/client/runtime/library.js:121:6307)
    at async l (/Users/vytvytskyi/foryou_partners/backend/node_modules/@prisma/client/runtime/library.js:130:9633)
    at async LeadsService.addLeadNote (/Users/vytvytskyi/foryou_partners/backend/src/leads/leads.service.ts:546:21)
[32m[Nest] 92068  - [39m06/03/2026, 11:34:37 AM [32m    LOG[39m [38;5;3m[AmoService] [39m[32mBackfill page 28: fetched=250 upserted=0 skipped=250[39m
[32m[Nest] 92068  - [39m06/03/2026, 11:34:44 AM [32m    LOG[39m [38;5;3m[AmoService] [39m[32mBackfill page 29: fetched=250 upserted=0 skipped=250[39m
[32m[Nest] 92068  - [39m06/03/2026, 11:34:51 AM [32m    LOG[39m [38;5;3m[AmoService] [39m[32mBackfill page 30: fetched=250 upserted=0 skipped=250[39m
[32m[Nest] 92068  - [39m06/03/2026, 11:34:57 AM [32m    LOG[39m [38;5;3m[AmoService] [39m[32mBackfill page 31: fetched=250 upserted=0 skipped=250[39m
[32m[Nest] 92068  - [39m06/03/2026, 11:35:04 AM [32m    LOG[39m [38;5;3m[AmoService] [39m[32mBackfill page 32: fetched=250 upserted=0 skipped=250[39m
[32m[Nest] 92068  - [39m06/03/2026, 11:35:11 AM [32m    LOG[39m [38;5;3m[AmoService] [39m[32mBackfill page 33: fetched=250 upserted=0 skipped=250[39m
[32m[Nest] 92068  - [39m06/03/2026, 11:35:18 AM [32m    LOG[39m [38;5;3m[AmoService] [39m[32mBackfill page 34: fetched=250 upserted=0 skipped=250[39m
[2026-06-03T09:35:21.893Z] POST /api/v1/leads/47341612/notes - Query: {}
[32m[Nest] 92068  - [39m06/03/2026, 11:35:23 AM [32m    LOG[39m [38;5;3m[AmoService] [39m[32mBackfill page 35: fetched=250 upserted=0 skipped=250[39m
[32m[Nest] 92068  - [39m06/03/2026, 11:35:29 AM [32m    LOG[39m [38;5;3m[AmoService] [39m[32mBackfill page 36: fetched=250 upserted=0 skipped=250[39m
[32m[Nest] 92068  - [39m06/03/2026, 11:35:35 AM [32m    LOG[39m [38;5;3m[AmoService] [39m[32mBackfill page 37: fetched=250 upserted=0 skipped=250[39m
[32m[Nest] 92068  - [39m06/03/2026, 11:35:41 AM [32m    LOG[39m [38;5;3m[AmoService] [39m[32mBackfill page 38: fetched=250 upserted=0 skipped=250[39m
[32m[Nest] 92068  - [39m06/03/2026, 11:35:47 AM [32m    LOG[39m [38;5;3m[AmoService] [39m[32mBackfill page 39: fetched=250 upserted=0 skipped=250[39m
[32m[Nest] 92068  - [39m06/03/2026, 11:35:53 AM [32m    LOG[39m [38;5;3m[AmoService] [39m[32mBackfill page 40: fetched=250 upserted=0 skipped=250[39m
[2026-06-03T09:35:54.990Z] GET /api/v1/health - Query: {}
[32m[Nest] 92068  - [39m06/03/2026, 11:36:00 AM [32m    LOG[39m [38;5;3m[AmoService] [39m[32mBackfill page 41: fetched=250 upserted=0 skipped=250[39m
[2J[3J[H[[90m11:38:56 AM[0m] File change detected. Starting incremental compilation...

[96msrc/leads/leads.service.ts[0m:[93m548[0m:[93m7[0m - [91merror[0m[90m TS2322: [0mType '{ name: string; } | null' is not assignable to type 'null'.
  Type '{ name: string; }' is not assignable to type 'null'.

[7m548[0m       partner = await this.prisma.partner.findUnique({
[7m   [0m [91m      ~~~~~~~[0m

[96msrc/leads/leads.service.ts[0m:[93m554[0m:[93m33[0m - [91merror[0m[90m TS2339: [0mProperty 'name' does not exist on type 'never'.

[7m554[0m     const authorName = partner?.name || (user.role === 'admin' ? 'Admin' : 'Unknown Partner');
[7m   [0m [91m                                ~~~~[0m

[[90m11:38:59 AM[0m] Found 2 errors. Watching for file changes.

[2J[3J[H[[90m11:40:28 AM[0m] File change detected. Starting incremental compilation...

[[90m11:40:29 AM[0m] Found 0 errors. Watching for file changes.

[32m[Nest] 93339  - [39m06/03/2026, 11:40:36 AM [32m    LOG[39m [38;5;3m[NestFactory] [39m[32mStarting Nest application...[39m
[32m[Nest] 93339  - [39m06/03/2026, 11:40:36 AM [32m    LOG[39m [38;5;3m[InstanceLoader] [39m[32mAppModule dependencies initialized[39m[38;5;3m +42ms[39m
[32m[Nest] 93339  - [39m06/03/2026, 11:40:36 AM [32m    LOG[39m [38;5;3m[InstanceLoader] [39m[32mConfigModule dependencies initialized[39m[38;5;3m +1ms[39m
[32m[Nest] 93339  - [39m06/03/2026, 11:40:36 AM [32m    LOG[39m [38;5;3m[InstanceLoader] [39m[32mDatabaseModule dependencies initialized[39m[38;5;3m +17ms[39m
[32m[Nest] 93339  - [39m06/03/2026, 11:40:36 AM [32m    LOG[39m [38;5;3m[InstanceLoader] [39m[32mPassportModule dependencies initialized[39m[38;5;3m +1ms[39m
[32m[Nest] 93339  - [39m06/03/2026, 11:40:36 AM [32m    LOG[39m [38;5;3m[InstanceLoader] [39m[32mThrottlerModule dependencies initialized[39m[38;5;3m +36ms[39m
[32m[Nest] 93339  - [39m06/03/2026, 11:40:36 AM [32m    LOG[39m [38;5;3m[InstanceLoader] [39m[32mJwtModule dependencies initialized[39m[38;5;3m +0ms[39m
[32m[Nest] 93339  - [39m06/03/2026, 11:40:36 AM [32m    LOG[39m [38;5;3m[InstanceLoader] [39m[32mConfigHostModule dependencies initialized[39m[38;5;3m +2ms[39m
[32m[Nest] 93339  - [39m06/03/2026, 11:40:36 AM [32m    LOG[39m [38;5;3m[InstanceLoader] [39m[32mAuditModule dependencies initialized[39m[38;5;3m +0ms[39m
[32m[Nest] 93339  - [39m06/03/2026, 11:40:36 AM [32m    LOG[39m [38;5;3m[InstanceLoader] [39m[32mDiscoveryModule dependencies initialized[39m[38;5;3m +2ms[39m
[32m[Nest] 93339  - [39m06/03/2026, 11:40:36 AM [32m    LOG[39m [38;5;3m[InstanceLoader] [39m[32mTerminusModule dependencies initialized[39m[38;5;3m +0ms[39m
[32m[Nest] 93339  - [39m06/03/2026, 11:40:36 AM [32m    LOG[39m [38;5;3m[InstanceLoader] [39m[32mConfigModule dependencies initialized[39m[38;5;3m +0ms[39m
[32m[Nest] 93339  - [39m06/03/2026, 11:40:36 AM [32m    LOG[39m [38;5;3m[InstanceLoader] [39m[32mScheduleModule dependencies initialized[39m[38;5;3m +2ms[39m
[32m[Nest] 93339  - [39m06/03/2026, 11:40:36 AM [32m    LOG[39m [38;5;3m[InstanceLoader] [39m[32mRedisModule dependencies initialized[39m[38;5;3m +1ms[39m
[32m[Nest] 93339  - [39m06/03/2026, 11:40:36 AM [32m    LOG[39m [38;5;3m[InstanceLoader] [39m[32mEmailModule dependencies initialized[39m[38;5;3m +0ms[39m
[32m[Nest] 93339  - [39m06/03/2026, 11:40:36 AM [32m    LOG[39m [38;5;3m[InstanceLoader] [39m[32mProfileModule dependencies initialized[39m[38;5;3m +1ms[39m
[32m[Nest] 93339  - [39m06/03/2026, 11:40:36 AM [32m    LOG[39m [38;5;3m[InstanceLoader] [39m[32mAnalyticsModule dependencies initialized[39m[38;5;3m +0ms[39m
[32m[Nest] 93339  - [39m06/03/2026, 11:40:36 AM [32m    LOG[39m [38;5;3m[InstanceLoader] [39m[32mPayoutsModule dependencies initialized[39m[38;5;3m +0ms[39m
[32m[Nest] 93339  - [39m06/03/2026, 11:40:36 AM [32m    LOG[39m [38;5;3m[InstanceLoader] [39m[32mReferralsModule dependencies initialized[39m[38;5;3m +0ms[39m
[32m[Nest] 93339  - [39m06/03/2026, 11:40:36 AM [32m    LOG[39m [38;5;3m[InstanceLoader] [39m[32mAuthModule dependencies initialized[39m[38;5;3m +0ms[39m
[32m[Nest] 93339  - [39m06/03/2026, 11:40:36 AM [32m    LOG[39m [38;5;3m[InstanceLoader] [39m[32mHealthModule dependencies initialized[39m[38;5;3m +0ms[39m
[32m[Nest] 93339  - [39m06/03/2026, 11:40:36 AM [32m    LOG[39m [38;5;3m[InstanceLoader] [39m[32mWebhookModule dependencies initialized[39m[38;5;3m +0ms[39m
[32m[Nest] 93339  - [39m06/03/2026, 11:40:36 AM [32m    LOG[39m [38;5;3m[InstanceLoader] [39m[32mAmoModule dependencies initialized[39m[38;5;3m +1ms[39m
[32m[Nest] 93339  - [39m06/03/2026, 11:40:36 AM [32m    LOG[39m [38;5;3m[InstanceLoader] [39m[32mAdminModule dependencies initialized[39m[38;5;3m +0ms[39m
[32m[Nest] 93339  - [39m06/03/2026, 11:40:36 AM [32m    LOG[39m [38;5;3m[InstanceLoader] [39m[32mLeadsModule dependencies initialized[39m[38;5;3m +0ms[39m
[32m[Nest] 93339  - [39m06/03/2026, 11:40:36 AM [32m    LOG[39m [38;5;3m[RoutesResolver] [39m[32mHealthController {/api/v1/health}:[39m[38;5;3m +7ms[39m
[32m[Nest] 93339  - [39m06/03/2026, 11:40:36 AM [32m    LOG[39m [38;5;3m[RouterExplorer] [39m[32mMapped {/api/v1/health, GET} route[39m[38;5;3m +6ms[39m
[32m[Nest] 93339  - [39m06/03/2026, 11:40:36 AM [32m    LOG[39m [38;5;3m[RoutesResolver] [39m[32mAuthController {/api/v1/auth}:[39m[38;5;3m +0ms[39m
[32m[Nest] 93339  - [39m06/03/2026, 11:40:36 AM [32m    LOG[39m [38;5;3m[RouterExplorer] [39m[32mMapped {/api/v1/auth/login, POST} route[39m[38;5;3m +3ms[39m
[32m[Nest] 93339  - [39m06/03/2026, 11:40:36 AM [32m    LOG[39m [38;5;3m[RouterExplorer] [39m[32mMapped {/api/v1/auth/register, POST} route[39m[38;5;3m +0ms[39m
[32m[Nest] 93339  - [39m06/03/2026, 11:40:36 AM [32m    LOG[39m [38;5;3m[RouterExplorer] [39m[32mMapped {/api/v1/auth/refresh, POST} route[39m[38;5;3m +0ms[39m
[32m[Nest] 93339  - [39m06/03/2026, 11:40:36 AM [32m    LOG[39m [38;5;3m[RouterExplorer] [39m[32mMapped {/api/v1/auth/logout, POST} route[39m[38;5;3m +1ms[39m
[32m[Nest] 93339  - [39m06/03/2026, 11:40:36 AM [32m    LOG[39m [38;5;3m[RouterExplorer] [39m[32mMapped {/api/v1/auth/password/forgot, POST} route[39m[38;5;3m +0ms[39m
[32m[Nest] 93339  - [39m06/03/2026, 11:40:36 AM [32m    LOG[39m [38;5;3m[RouterExplorer] [39m[32mMapped {/api/v1/auth/password/reset, POST} route[39m[38;5;3m +1ms[39m
[32m[Nest] 93339  - [39m06/03/2026, 11:40:36 AM [32m    LOG[39m [38;5;3m[RoutesResolver] [39m[32mLeadsController {/api/v1/leads}:[39m[38;5;3m +1ms[39m
[32m[Nest] 93339  - [39m06/03/2026, 11:40:36 AM [32m    LOG[39m [38;5;3m[RouterExplorer] [39m[32mMapped {/api/v1/leads, GET} route[39m[38;5;3m +0ms[39m
[32m[Nest] 93339  - [39m06/03/2026, 11:40:36 AM [32m    LOG[39m [38;5;3m[RouterExplorer] [39m[32mMapped {/api/v1/leads, POST} route[39m[38;5;3m +1ms[39m
[32m[Nest] 93339  - [39m06/03/2026, 11:40:36 AM [32m    LOG[39m [38;5;3m[RouterExplorer] [39m[32mMapped {/api/v1/leads/board, GET} route[39m[38;5;3m +0ms[39m
[32m[Nest] 93339  - [39m06/03/2026, 11:40:36 AM [32m    LOG[39m [38;5;3m[RouterExplorer] [39m[32mMapped {/api/v1/leads/:id, GET} route[39m[38;5;3m +1ms[39m
[32m[Nest] 93339  - [39m06/03/2026, 11:40:36 AM [32m    LOG[39m [38;5;3m[RouterExplorer] [39m[32mMapped {/api/v1/leads/:id/history, GET} route[39m[38;5;3m +0ms[39m
[32m[Nest] 93339  - [39m06/03/2026, 11:40:36 AM [32m    LOG[39m [38;5;3m[RouterExplorer] [39m[32mMapped {/api/v1/leads/:id/notes, GET} route[39m[38;5;3m +0ms[39m
[32m[Nest] 93339  - [39m06/03/2026, 11:40:36 AM [32m    LOG[39m [38;5;3m[RouterExplorer] [39m[32mMapped {/api/v1/leads/:id/notes, POST} route[39m[38;5;3m +0ms[39m
[32m[Nest] 93339  - [39m06/03/2026, 11:40:36 AM [32m    LOG[39m [38;5;3m[RoutesResolver] [39m[32mAmoController {/api/v1/amo-crm}:[39m[38;5;3m +0ms[39m
[32m[Nest] 93339  - [39m06/03/2026, 11:40:36 AM [32m    LOG[39m [38;5;3m[RouterExplorer] [39m[32mMapped {/api/v1/amo-crm/connect, GET} route[39m[38;5;3m +0ms[39m
[32m[Nest] 93339  - [39m06/03/2026, 11:40:36 AM [32m    LOG[39m [38;5;3m[RouterExplorer] [39m[32mMapped {/api/v1/amo-crm/callback, GET} route[39m[38;5;3m +1ms[39m
[32m[Nest] 93339  - [39m06/03/2026, 11:40:36 AM [32m    LOG[39m [38;5;3m[RouterExplorer] [39m[32mMapped {/api/v1/amo-crm/backfill, POST} route[39m[38;5;3m +0ms[39m
[32m[Nest] 93339  - [39m06/03/2026, 11:40:36 AM [32m    LOG[39m [38;5;3m[RouterExplorer] [39m[32mMapped {/api/v1/amo-crm/backfill-history, POST} route[39m[38;5;3m +0ms[39m
[32m[Nest] 93339  - [39m06/03/2026, 11:40:36 AM [32m    LOG[39m [38;5;3m[RouterExplorer] [39m[32mMapped {/api/v1/amo-crm/sources, GET} route[39m[38;5;3m +0ms[39m
[32m[Nest] 93339  - [39m06/03/2026, 11:40:36 AM [32m    LOG[39m [38;5;3m[RouterExplorer] [39m[32mMapped {/api/v1/amo-crm/tags, GET} route[39m[38;5;3m +0ms[39m
[32m[Nest] 93339  - [39m06/03/2026, 11:40:36 AM [32m    LOG[39m [38;5;3m[RouterExplorer] [39m[32mMapped {/api/v1/amo-crm/pipelines, GET} route[39m[38;5;3m +0ms[39m
[32m[Nest] 93339  - [39m06/03/2026, 11:40:36 AM [32m    LOG[39m [38;5;3m[RoutesResolver] [39m[32mAdminController {/api/v1/admin/partners}:[39m[38;5;3m +0ms[39m
[32m[Nest] 93339  - [39m06/03/2026, 11:40:36 AM [32m    LOG[39m [38;5;3m[RouterExplorer] [39m[32mMapped {/api/v1/admin/partners, GET} route[39m[38;5;3m +1ms[39m
[32m[Nest] 93339  - [39m06/03/2026, 11:40:36 AM [32m    LOG[39m [38;5;3m[RouterExplorer] [39m[32mMapped {/api/v1/admin/partners, POST} route[39m[38;5;3m +0ms[39m
[32m[Nest] 93339  - [39m06/03/2026, 11:40:36 AM [32m    LOG[39m [38;5;3m[RouterExplorer] [39m[32mMapped {/api/v1/admin/partners/:id, PUT} route[39m[38;5;3m +0ms[39m
[32m[Nest] 93339  - [39m06/03/2026, 11:40:36 AM [32m    LOG[39m [38;5;3m[RouterExplorer] [39m[32mMapped {/api/v1/admin/partners/:id, DELETE} route[39m[38;5;3m +0ms[39m
[32m[Nest] 93339  - [39m06/03/2026, 11:40:36 AM [32m    LOG[39m [38;5;3m[RouterExplorer] [39m[32mMapped {/api/v1/admin/partners/sync, POST} route[39m[38;5;3m +0ms[39m
[32m[Nest] 93339  - [39m06/03/2026, 11:40:36 AM [32m    LOG[39m [38;5;3m[RoutesResolver] [39m[32mWebhookController {/api/v1/webhook}:[39m[38;5;3m +0ms[39m
[32m[Nest] 93339  - [39m06/03/2026, 11:40:36 AM [32m    LOG[39m [38;5;3m[RouterExplorer] [39m[32mMapped {/api/v1/webhook/amocrm, POST} route[39m[38;5;3m +1ms[39m
[32m[Nest] 93339  - [39m06/03/2026, 11:40:36 AM [32m    LOG[39m [38;5;3m[RoutesResolver] [39m[32mProfileController {/api/v1/profile}:[39m[38;5;3m +0ms[39m
[32m[Nest] 93339  - [39m06/03/2026, 11:40:36 AM [32m    LOG[39m [38;5;3m[RouterExplorer] [39m[32mMapped {/api/v1/profile, GET} route[39m[38;5;3m +1ms[39m
[32m[Nest] 93339  - [39m06/03/2026, 11:40:36 AM [32m    LOG[39m [38;5;3m[RouterExplorer] [39m[32mMapped {/api/v1/profile/notifications, PUT} route[39m[38;5;3m +0ms[39m
[32m[Nest] 93339  - [39m06/03/2026, 11:40:36 AM [32m    LOG[39m [38;5;3m[RouterExplorer] [39m[32mMapped {/api/v1/profile/password, PUT} route[39m[38;5;3m +0ms[39m
[32m[Nest] 93339  - [39m06/03/2026, 11:40:36 AM [32m    LOG[39m [38;5;3m[RoutesResolver] [39m[32mAnalyticsController {/api/v1/analytics}:[39m[38;5;3m +0ms[39m
[32m[Nest] 93339  - [39m06/03/2026, 11:40:36 AM [32m    LOG[39m [38;5;3m[RouterExplorer] [39m[32mMapped {/api/v1/analytics/dashboard, GET} route[39m[38;5;3m +0ms[39m
[32m[Nest] 93339  - [39m06/03/2026, 11:40:36 AM [32m    LOG[39m [38;5;3m[RoutesResolver] [39m[32mPayoutsController {/api/v1/payouts}:[39m[38;5;3m +0ms[39m
[32m[Nest] 93339  - [39m06/03/2026, 11:40:36 AM [32m    LOG[39m [38;5;3m[RouterExplorer] [39m[32mMapped {/api/v1/payouts, GET} route[39m[38;5;3m +0ms[39m
[32m[Nest] 93339  - [39m06/03/2026, 11:40:36 AM [32m    LOG[39m [38;5;3m[RoutesResolver] [39m[32mReferralsController {/api/v1/referrals}:[39m[38;5;3m +0ms[39m
[32m[Nest] 93339  - [39m06/03/2026, 11:40:36 AM [32m    LOG[39m [38;5;3m[RouterExplorer] [39m[32mMapped {/api/v1/referrals, GET} route[39m[38;5;3m +0ms[39m
[32m[Nest] 93339  - [39m06/03/2026, 11:40:37 AM [32m    LOG[39m [38;5;3m[PrismaService] [39m[32mDatabase connected[39m
[32m[Nest] 93339  - [39m06/03/2026, 11:40:37 AM [32m    LOG[39m [38;5;3m[NestApplication] [39m[32mNest application successfully started[39m[38;5;3m +49ms[39m
[31m[Nest] 93339  - [39m06/03/2026, 11:40:37 AM [31m  ERROR[39m [38;5;3m[NestApplication] [39m[31mError: listen EADDRINUSE: address already in use :::3001[39m[38;5;3m +7ms[39m
node:net:1912
    const ex = new UVExceptionWithHostPort(err, 'listen', address, port);
               ^

Error: listen EADDRINUSE: address already in use :::3001
    at Server.setupListenHandle [as _listen2] (node:net:1912:16)
    at listenInCluster (node:net:1969:12)
    at Server.listen (node:net:2074:7)
    at ExpressAdapter.listen (/Users/vytvytskyi/foryou_partners/backend/node_modules/@nestjs/platform-express/adapters/express-adapter.js:95:32)
    at /Users/vytvytskyi/foryou_partners/backend/node_modules/@nestjs/core/nest-application.js:183:30
    at new Promise (<anonymous>)
    at NestApplication.listen (/Users/vytvytskyi/foryou_partners/backend/node_modules/@nestjs/core/nest-application.js:173:16)
    at async bootstrap (/Users/vytvytskyi/foryou_partners/backend/src/main.ts:75:3) {
  code: 'EADDRINUSE',
  errno: -48,
  syscall: 'listen',
  address: '::',
  port: 3001
}

Node.js v22.12.0
[2J[3J[H[[90m11:51:37 AM[0m] File change detected. Starting incremental compilation...

[[90m11:51:40 AM[0m] Found 0 errors. Watching for file changes.

[32m[Nest] 94205  - [39m06/03/2026, 11:51:46 AM [32m    LOG[39m [38;5;3m[NestFactory] [39m[32mStarting Nest application...[39m
[32m[Nest] 94205  - [39m06/03/2026, 11:51:46 AM [32m    LOG[39m [38;5;3m[InstanceLoader] [39m[32mAppModule dependencies initialized[39m[38;5;3m +26ms[39m
[32m[Nest] 94205  - [39m06/03/2026, 11:51:46 AM [32m    LOG[39m [38;5;3m[InstanceLoader] [39m[32mConfigModule dependencies initialized[39m[38;5;3m +0ms[39m
[32m[Nest] 94205  - [39m06/03/2026, 11:51:46 AM [32m    LOG[39m [38;5;3m[InstanceLoader] [39m[32mDatabaseModule dependencies initialized[39m[38;5;3m +10ms[39m
[32m[Nest] 94205  - [39m06/03/2026, 11:51:46 AM [32m    LOG[39m [38;5;3m[InstanceLoader] [39m[32mPassportModule dependencies initialized[39m[38;5;3m +0ms[39m
[32m[Nest] 94205  - [39m06/03/2026, 11:51:47 AM [32m    LOG[39m [38;5;3m[InstanceLoader] [39m[32mThrottlerModule dependencies initialized[39m[38;5;3m +62ms[39m
[32m[Nest] 94205  - [39m06/03/2026, 11:51:47 AM [32m    LOG[39m [38;5;3m[InstanceLoader] [39m[32mJwtModule dependencies initialized[39m[38;5;3m +0ms[39m
[32m[Nest] 94205  - [39m06/03/2026, 11:51:47 AM [32m    LOG[39m [38;5;3m[InstanceLoader] [39m[32mConfigHostModule dependencies initialized[39m[38;5;3m +0ms[39m
[32m[Nest] 94205  - [39m06/03/2026, 11:51:47 AM [32m    LOG[39m [38;5;3m[InstanceLoader] [39m[32mAuditModule dependencies initialized[39m[38;5;3m +0ms[39m
[32m[Nest] 94205  - [39m06/03/2026, 11:51:47 AM [32m    LOG[39m [38;5;3m[InstanceLoader] [39m[32mDiscoveryModule dependencies initialized[39m[38;5;3m +3ms[39m
[32m[Nest] 94205  - [39m06/03/2026, 11:51:47 AM [32m    LOG[39m [38;5;3m[InstanceLoader] [39m[32mTerminusModule dependencies initialized[39m[38;5;3m +0ms[39m
[32m[Nest] 94205  - [39m06/03/2026, 11:51:47 AM [32m    LOG[39m [38;5;3m[InstanceLoader] [39m[32mConfigModule dependencies initialized[39m[38;5;3m +0ms[39m
[32m[Nest] 94205  - [39m06/03/2026, 11:51:47 AM [32m    LOG[39m [38;5;3m[InstanceLoader] [39m[32mScheduleModule dependencies initialized[39m[38;5;3m +1ms[39m
[32m[Nest] 94205  - [39m06/03/2026, 11:51:47 AM [32m    LOG[39m [38;5;3m[InstanceLoader] [39m[32mRedisModule dependencies initialized[39m[38;5;3m +1ms[39m
[32m[Nest] 94205  - [39m06/03/2026, 11:51:47 AM [32m    LOG[39m [38;5;3m[InstanceLoader] [39m[32mEmailModule dependencies initialized[39m[38;5;3m +0ms[39m
[32m[Nest] 94205  - [39m06/03/2026, 11:51:47 AM [32m    LOG[39m [38;5;3m[InstanceLoader] [39m[32mProfileModule dependencies initialized[39m[38;5;3m +0ms[39m
[32m[Nest] 94205  - [39m06/03/2026, 11:51:47 AM [32m    LOG[39m [38;5;3m[InstanceLoader] [39m[32mAnalyticsModule dependencies initialized[39m[38;5;3m +0ms[39m
[32m[Nest] 94205  - [39m06/03/2026, 11:51:47 AM [32m    LOG[39m [38;5;3m[InstanceLoader] [39m[32mPayoutsModule dependencies initialized[39m[38;5;3m +0ms[39m
[32m[Nest] 94205  - [39m06/03/2026, 11:51:47 AM [32m    LOG[39m [38;5;3m[InstanceLoader] [39m[32mReferralsModule dependencies initialized[39m[38;5;3m +0ms[39m
[32m[Nest] 94205  - [39m06/03/2026, 11:51:47 AM [32m    LOG[39m [38;5;3m[InstanceLoader] [39m[32mAuthModule dependencies initialized[39m[38;5;3m +0ms[39m
[32m[Nest] 94205  - [39m06/03/2026, 11:51:47 AM [32m    LOG[39m [38;5;3m[InstanceLoader] [39m[32mHealthModule dependencies initialized[39m[38;5;3m +1ms[39m
[32m[Nest] 94205  - [39m06/03/2026, 11:51:47 AM [32m    LOG[39m [38;5;3m[InstanceLoader] [39m[32mWebhookModule dependencies initialized[39m[38;5;3m +0ms[39m
[32m[Nest] 94205  - [39m06/03/2026, 11:51:47 AM [32m    LOG[39m [38;5;3m[InstanceLoader] [39m[32mAmoModule dependencies initialized[39m[38;5;3m +0ms[39m
[32m[Nest] 94205  - [39m06/03/2026, 11:51:47 AM [32m    LOG[39m [38;5;3m[InstanceLoader] [39m[32mAdminModule dependencies initialized[39m[38;5;3m +0ms[39m
[32m[Nest] 94205  - [39m06/03/2026, 11:51:47 AM [32m    LOG[39m [38;5;3m[InstanceLoader] [39m[32mLeadsModule dependencies initialized[39m[38;5;3m +0ms[39m
[32m[Nest] 94205  - [39m06/03/2026, 11:51:47 AM [32m    LOG[39m [38;5;3m[RoutesResolver] [39m[32mHealthController {/api/v1/health}:[39m[38;5;3m +6ms[39m
[32m[Nest] 94205  - [39m06/03/2026, 11:51:47 AM [32m    LOG[39m [38;5;3m[RouterExplorer] [39m[32mMapped {/api/v1/health, GET} route[39m[38;5;3m +3ms[39m
[32m[Nest] 94205  - [39m06/03/2026, 11:51:47 AM [32m    LOG[39m [38;5;3m[RoutesResolver] [39m[32mAuthController {/api/v1/auth}:[39m[38;5;3m +0ms[39m
[32m[Nest] 94205  - [39m06/03/2026, 11:51:47 AM [32m    LOG[39m [38;5;3m[RouterExplorer] [39m[32mMapped {/api/v1/auth/login, POST} route[39m[38;5;3m +0ms[39m
[32m[Nest] 94205  - [39m06/03/2026, 11:51:47 AM [32m    LOG[39m [38;5;3m[RouterExplorer] [39m[32mMapped {/api/v1/auth/register, POST} route[39m[38;5;3m +0ms[39m
[32m[Nest] 94205  - [39m06/03/2026, 11:51:47 AM [32m    LOG[39m [38;5;3m[RouterExplorer] [39m[32mMapped {/api/v1/auth/refresh, POST} route[39m[38;5;3m +0ms[39m
[32m[Nest] 94205  - [39m06/03/2026, 11:51:47 AM [32m    LOG[39m [38;5;3m[RouterExplorer] [39m[32mMapped {/api/v1/auth/logout, POST} route[39m[38;5;3m +0ms[39m
[32m[Nest] 94205  - [39m06/03/2026, 11:51:47 AM [32m    LOG[39m [38;5;3m[RouterExplorer] [39m[32mMapped {/api/v1/auth/password/forgot, POST} route[39m[38;5;3m +0ms[39m
[32m[Nest] 94205  - [39m06/03/2026, 11:51:47 AM [32m    LOG[39m [38;5;3m[RouterExplorer] [39m[32mMapped {/api/v1/auth/password/reset, POST} route[39m[38;5;3m +0ms[39m
[32m[Nest] 94205  - [39m06/03/2026, 11:51:47 AM [32m    LOG[39m [38;5;3m[RoutesResolver] [39m[32mLeadsController {/api/v1/leads}:[39m[38;5;3m +0ms[39m
[32m[Nest] 94205  - [39m06/03/2026, 11:51:47 AM [32m    LOG[39m [38;5;3m[RouterExplorer] [39m[32mMapped {/api/v1/leads, GET} route[39m[38;5;3m +0ms[39m
[32m[Nest] 94205  - [39m06/03/2026, 11:51:47 AM [32m    LOG[39m [38;5;3m[RouterExplorer] [39m[32mMapped {/api/v1/leads, POST} route[39m[38;5;3m +1ms[39m
[32m[Nest] 94205  - [39m06/03/2026, 11:51:47 AM [32m    LOG[39m [38;5;3m[RouterExplorer] [39m[32mMapped {/api/v1/leads/board, GET} route[39m[38;5;3m +0ms[39m
[32m[Nest] 94205  - [39m06/03/2026, 11:51:47 AM [32m    LOG[39m [38;5;3m[RouterExplorer] [39m[32mMapped {/api/v1/leads/:id, GET} route[39m[38;5;3m +0ms[39m
[32m[Nest] 94205  - [39m06/03/2026, 11:51:47 AM [32m    LOG[39m [38;5;3m[RouterExplorer] [39m[32mMapped {/api/v1/leads/:id/history, GET} route[39m[38;5;3m +0ms[39m
[32m[Nest] 94205  - [39m06/03/2026, 11:51:47 AM [32m    LOG[39m [38;5;3m[RouterExplorer] [39m[32mMapped {/api/v1/leads/:id/notes, GET} route[39m[38;5;3m +0ms[39m
[32m[Nest] 94205  - [39m06/03/2026, 11:51:47 AM [32m    LOG[39m [38;5;3m[RouterExplorer] [39m[32mMapped {/api/v1/leads/:id/notes, POST} route[39m[38;5;3m +0ms[39m
[32m[Nest] 94205  - [39m06/03/2026, 11:51:47 AM [32m    LOG[39m [38;5;3m[RoutesResolver] [39m[32mAmoController {/api/v1/amo-crm}:[39m[38;5;3m +0ms[39m
[32m[Nest] 94205  - [39m06/03/2026, 11:51:47 AM [32m    LOG[39m [38;5;3m[RouterExplorer] [39m[32mMapped {/api/v1/amo-crm/connect, GET} route[39m[38;5;3m +0ms[39m
[32m[Nest] 94205  - [39m06/03/2026, 11:51:47 AM [32m    LOG[39m [38;5;3m[RouterExplorer] [39m[32mMapped {/api/v1/amo-crm/callback, GET} route[39m[38;5;3m +0ms[39m
[32m[Nest] 94205  - [39m06/03/2026, 11:51:47 AM [32m    LOG[39m [38;5;3m[RouterExplorer] [39m[32mMapped {/api/v1/amo-crm/backfill, POST} route[39m[38;5;3m +0ms[39m
[32m[Nest] 94205  - [39m06/03/2026, 11:51:47 AM [32m    LOG[39m [38;5;3m[RouterExplorer] [39m[32mMapped {/api/v1/amo-crm/backfill-history, POST} route[39m[38;5;3m +0ms[39m
[32m[Nest] 94205  - [39m06/03/2026, 11:51:47 AM [32m    LOG[39m [38;5;3m[RouterExplorer] [39m[32mMapped {/api/v1/amo-crm/sources, GET} route[39m[38;5;3m +0ms[39m
[32m[Nest] 94205  - [39m06/03/2026, 11:51:47 AM [32m    LOG[39m [38;5;3m[RouterExplorer] [39m[32mMapped {/api/v1/amo-crm/tags, GET} route[39m[38;5;3m +0ms[39m
[32m[Nest] 94205  - [39m06/03/2026, 11:51:47 AM [32m    LOG[39m [38;5;3m[RouterExplorer] [39m[32mMapped {/api/v1/amo-crm/pipelines, GET} route[39m[38;5;3m +1ms[39m
[32m[Nest] 94205  - [39m06/03/2026, 11:51:47 AM [32m    LOG[39m [38;5;3m[RoutesResolver] [39m[32mAdminController {/api/v1/admin/partners}:[39m[38;5;3m +0ms[39m
[32m[Nest] 94205  - [39m06/03/2026, 11:51:47 AM [32m    LOG[39m [38;5;3m[RouterExplorer] [39m[32mMapped {/api/v1/admin/partners, GET} route[39m[38;5;3m +0ms[39m
[32m[Nest] 94205  - [39m06/03/2026, 11:51:47 AM [32m    LOG[39m [38;5;3m[RouterExplorer] [39m[32mMapped {/api/v1/admin/partners, POST} route[39m[38;5;3m +0ms[39m
[32m[Nest] 94205  - [39m06/03/2026, 11:51:47 AM [32m    LOG[39m [38;5;3m[RouterExplorer] [39m[32mMapped {/api/v1/admin/partners/:id, PUT} route[39m[38;5;3m +0ms[39m
[32m[Nest] 94205  - [39m06/03/2026, 11:51:47 AM [32m    LOG[39m [38;5;3m[RouterExplorer] [39m[32mMapped {/api/v1/admin/partners/:id, DELETE} route[39m[38;5;3m +0ms[39m
[32m[Nest] 94205  - [39m06/03/2026, 11:51:47 AM [32m    LOG[39m [38;5;3m[RouterExplorer] [39m[32mMapped {/api/v1/admin/partners/sync, POST} route[39m[38;5;3m +0ms[39m
[32m[Nest] 94205  - [39m06/03/2026, 11:51:47 AM [32m    LOG[39m [38;5;3m[RoutesResolver] [39m[32mWebhookController {/api/v1/webhook}:[39m[38;5;3m +0ms[39m
[32m[Nest] 94205  - [39m06/03/2026, 11:51:47 AM [32m    LOG[39m [38;5;3m[RouterExplorer] [39m[32mMapped {/api/v1/webhook/amocrm, POST} route[39m[38;5;3m +0ms[39m
[32m[Nest] 94205  - [39m06/03/2026, 11:51:47 AM [32m    LOG[39m [38;5;3m[RoutesResolver] [39m[32mProfileController {/api/v1/profile}:[39m[38;5;3m +0ms[39m
[32m[Nest] 94205  - [39m06/03/2026, 11:51:47 AM [32m    LOG[39m [38;5;3m[RouterExplorer] [39m[32mMapped {/api/v1/profile, GET} route[39m[38;5;3m +0ms[39m
[32m[Nest] 94205  - [39m06/03/2026, 11:51:47 AM [32m    LOG[39m [38;5;3m[RouterExplorer] [39m[32mMapped {/api/v1/profile/notifications, PUT} route[39m[38;5;3m +0ms[39m
[32m[Nest] 94205  - [39m06/03/2026, 11:51:47 AM [32m    LOG[39m [38;5;3m[RouterExplorer] [39m[32mMapped {/api/v1/profile/password, PUT} route[39m[38;5;3m +0ms[39m
[32m[Nest] 94205  - [39m06/03/2026, 11:51:47 AM [32m    LOG[39m [38;5;3m[RoutesResolver] [39m[32mAnalyticsController {/api/v1/analytics}:[39m[38;5;3m +0ms[39m
[32m[Nest] 94205  - [39m06/03/2026, 11:51:47 AM [32m    LOG[39m [38;5;3m[RouterExplorer] [39m[32mMapped {/api/v1/analytics/dashboard, GET} route[39m[38;5;3m +0ms[39m
[32m[Nest] 94205  - [39m06/03/2026, 11:51:47 AM [32m    LOG[39m [38;5;3m[RoutesResolver] [39m[32mPayoutsController {/api/v1/payouts}:[39m[38;5;3m +0ms[39m
[32m[Nest] 94205  - [39m06/03/2026, 11:51:47 AM [32m    LOG[39m [38;5;3m[RouterExplorer] [39m[32mMapped {/api/v1/payouts, GET} route[39m[38;5;3m +0ms[39m
[32m[Nest] 94205  - [39m06/03/2026, 11:51:47 AM [32m    LOG[39m [38;5;3m[RoutesResolver] [39m[32mReferralsController {/api/v1/referrals}:[39m[38;5;3m +0ms[39m
[32m[Nest] 94205  - [39m06/03/2026, 11:51:47 AM [32m    LOG[39m [38;5;3m[RouterExplorer] [39m[32mMapped {/api/v1/referrals, GET} route[39m[38;5;3m +0ms[39m
[32m[Nest] 94205  - [39m06/03/2026, 11:51:47 AM [32m    LOG[39m [38;5;3m[PrismaService] [39m[32mDatabase connected[39m
[32m[Nest] 94205  - [39m06/03/2026, 11:51:47 AM [32m    LOG[39m [38;5;3m[NestApplication] [39m[32mNest application successfully started[39m[38;5;3m +12ms[39m
[31m[Nest] 94205  - [39m06/03/2026, 11:51:47 AM [31m  ERROR[39m [38;5;3m[NestApplication] [39m[31mError: listen EADDRINUSE: address already in use :::3001[39m[38;5;3m +1ms[39m
node:net:1912
    const ex = new UVExceptionWithHostPort(err, 'listen', address, port);
               ^

Error: listen EADDRINUSE: address already in use :::3001
    at Server.setupListenHandle [as _listen2] (node:net:1912:16)
    at listenInCluster (node:net:1969:12)
    at Server.listen (node:net:2074:7)
    at ExpressAdapter.listen (/Users/vytvytskyi/foryou_partners/backend/node_modules/@nestjs/platform-express/adapters/express-adapter.js:95:32)
    at /Users/vytvytskyi/foryou_partners/backend/node_modules/@nestjs/core/nest-application.js:183:30
    at new Promise (<anonymous>)
    at NestApplication.listen (/Users/vytvytskyi/foryou_partners/backend/node_modules/@nestjs/core/nest-application.js:173:16)
    at async bootstrap (/Users/vytvytskyi/foryou_partners/backend/src/main.ts:75:3) {
  code: 'EADDRINUSE',
  errno: -48,
  syscall: 'listen',
  address: '::',
  port: 3001
}

Node.js v22.12.0
[2J[3J[H[[90m11:52:08 AM[0m] File change detected. Starting incremental compilation...

[[90m11:52:17 AM[0m] Found 0 errors. Watching for file changes.

[32m[Nest] 94328  - [39m06/03/2026, 11:52:23 AM [32m    LOG[39m [38;5;3m[NestFactory] [39m[32mStarting Nest application...[39m
[32m[Nest] 94328  - [39m06/03/2026, 11:52:23 AM [32m    LOG[39m [38;5;3m[InstanceLoader] [39m[32mAppModule dependencies initialized[39m[38;5;3m +32ms[39m
[32m[Nest] 94328  - [39m06/03/2026, 11:52:23 AM [32m    LOG[39m [38;5;3m[InstanceLoader] [39m[32mConfigModule dependencies initialized[39m[38;5;3m +0ms[39m
[32m[Nest] 94328  - [39m06/03/2026, 11:52:23 AM [32m    LOG[39m [38;5;3m[InstanceLoader] [39m[32mDatabaseModule dependencies initialized[39m[38;5;3m +97ms[39m
[32m[Nest] 94328  - [39m06/03/2026, 11:52:23 AM [32m    LOG[39m [38;5;3m[InstanceLoader] [39m[32mPassportModule dependencies initialized[39m[38;5;3m +0ms[39m
[32m[Nest] 94328  - [39m06/03/2026, 11:52:23 AM [32m    LOG[39m [38;5;3m[InstanceLoader] [39m[32mThrottlerModule dependencies initialized[39m[38;5;3m +81ms[39m
[32m[Nest] 94328  - [39m06/03/2026, 11:52:23 AM [32m    LOG[39m [38;5;3m[InstanceLoader] [39m[32mJwtModule dependencies initialized[39m[38;5;3m +0ms[39m
[32m[Nest] 94328  - [39m06/03/2026, 11:52:23 AM [32m    LOG[39m [38;5;3m[InstanceLoader] [39m[32mConfigHostModule dependencies initialized[39m[38;5;3m +2ms[39m
[32m[Nest] 94328  - [39m06/03/2026, 11:52:23 AM [32m    LOG[39m [38;5;3m[InstanceLoader] [39m[32mAuditModule dependencies initialized[39m[38;5;3m +0ms[39m
[32m[Nest] 94328  - [39m06/03/2026, 11:52:23 AM [32m    LOG[39m [38;5;3m[InstanceLoader] [39m[32mDiscoveryModule dependencies initialized[39m[38;5;3m +1ms[39m
[32m[Nest] 94328  - [39m06/03/2026, 11:52:23 AM [32m    LOG[39m [38;5;3m[InstanceLoader] [39m[32mTerminusModule dependencies initialized[39m[38;5;3m +0ms[39m
[32m[Nest] 94328  - [39m06/03/2026, 11:52:23 AM [32m    LOG[39m [38;5;3m[InstanceLoader] [39m[32mConfigModule dependencies initialized[39m[38;5;3m +0ms[39m
[32m[Nest] 94328  - [39m06/03/2026, 11:52:23 AM [32m    LOG[39m [38;5;3m[InstanceLoader] [39m[32mScheduleModule dependencies initialized[39m[38;5;3m +1ms[39m
[32m[Nest] 94328  - [39m06/03/2026, 11:52:23 AM [32m    LOG[39m [38;5;3m[InstanceLoader] [39m[32mRedisModule dependencies initialized[39m[38;5;3m +0ms[39m
[32m[Nest] 94328  - [39m06/03/2026, 11:52:23 AM [32m    LOG[39m [38;5;3m[InstanceLoader] [39m[32mEmailModule dependencies initialized[39m[38;5;3m +0ms[39m
[32m[Nest] 94328  - [39m06/03/2026, 11:52:23 AM [32m    LOG[39m [38;5;3m[InstanceLoader] [39m[32mProfileModule dependencies initialized[39m[38;5;3m +1ms[39m
[32m[Nest] 94328  - [39m06/03/2026, 11:52:23 AM [32m    LOG[39m [38;5;3m[InstanceLoader] [39m[32mAnalyticsModule dependencies initialized[39m[38;5;3m +0ms[39m
[32m[Nest] 94328  - [39m06/03/2026, 11:52:23 AM [32m    LOG[39m [38;5;3m[InstanceLoader] [39m[32mPayoutsModule dependencies initialized[39m[38;5;3m +0ms[39m
[32m[Nest] 94328  - [39m06/03/2026, 11:52:23 AM [32m    LOG[39m [38;5;3m[InstanceLoader] [39m[32mReferralsModule dependencies initialized[39m[38;5;3m +0ms[39m
[32m[Nest] 94328  - [39m06/03/2026, 11:52:23 AM [32m    LOG[39m [38;5;3m[InstanceLoader] [39m[32mAuthModule dependencies initialized[39m[38;5;3m +3ms[39m
[32m[Nest] 94328  - [39m06/03/2026, 11:52:23 AM [32m    LOG[39m [38;5;3m[InstanceLoader] [39m[32mHealthModule dependencies initialized[39m[38;5;3m +0ms[39m
[32m[Nest] 94328  - [39m06/03/2026, 11:52:23 AM [32m    LOG[39m [38;5;3m[InstanceLoader] [39m[32mWebhookModule dependencies initialized[39m[38;5;3m +0ms[39m
[32m[Nest] 94328  - [39m06/03/2026, 11:52:23 AM [32m    LOG[39m [38;5;3m[InstanceLoader] [39m[32mAmoModule dependencies initialized[39m[38;5;3m +1ms[39m
[32m[Nest] 94328  - [39m06/03/2026, 11:52:23 AM [32m    LOG[39m [38;5;3m[InstanceLoader] [39m[32mAdminModule dependencies initialized[39m[38;5;3m +0ms[39m
[32m[Nest] 94328  - [39m06/03/2026, 11:52:23 AM [32m    LOG[39m [38;5;3m[InstanceLoader] [39m[32mLeadsModule dependencies initialized[39m[38;5;3m +0ms[39m
[32m[Nest] 94328  - [39m06/03/2026, 11:52:23 AM [32m    LOG[39m [38;5;3m[RoutesResolver] [39m[32mHealthController {/api/v1/health}:[39m[38;5;3m +7ms[39m
[32m[Nest] 94328  - [39m06/03/2026, 11:52:23 AM [32m    LOG[39m [38;5;3m[RouterExplorer] [39m[32mMapped {/api/v1/health, GET} route[39m[38;5;3m +2ms[39m
[32m[Nest] 94328  - [39m06/03/2026, 11:52:23 AM [32m    LOG[39m [38;5;3m[RoutesResolver] [39m[32mAuthController {/api/v1/auth}:[39m[38;5;3m +0ms[39m
[32m[Nest] 94328  - [39m06/03/2026, 11:52:23 AM [32m    LOG[39m [38;5;3m[RouterExplorer] [39m[32mMapped {/api/v1/auth/login, POST} route[39m[38;5;3m +1ms[39m
[32m[Nest] 94328  - [39m06/03/2026, 11:52:23 AM [32m    LOG[39m [38;5;3m[RouterExplorer] [39m[32mMapped {/api/v1/auth/register, POST} route[39m[38;5;3m +0ms[39m
[32m[Nest] 94328  - [39m06/03/2026, 11:52:23 AM [32m    LOG[39m [38;5;3m[RouterExplorer] [39m[32mMapped {/api/v1/auth/refresh, POST} route[39m[38;5;3m +0ms[39m
[32m[Nest] 94328  - [39m06/03/2026, 11:52:23 AM [32m    LOG[39m [38;5;3m[RouterExplorer] [39m[32mMapped {/api/v1/auth/logout, POST} route[39m[38;5;3m +1ms[39m
[32m[Nest] 94328  - [39m06/03/2026, 11:52:23 AM [32m    LOG[39m [38;5;3m[RouterExplorer] [39m[32mMapped {/api/v1/auth/password/forgot, POST} route[39m[38;5;3m +0ms[39m
[32m[Nest] 94328  - [39m06/03/2026, 11:52:23 AM [32m    LOG[39m [38;5;3m[RouterExplorer] [39m[32mMapped {/api/v1/auth/password/reset, POST} route[39m[38;5;3m +0ms[39m
[32m[Nest] 94328  - [39m06/03/2026, 11:52:23 AM [32m    LOG[39m [38;5;3m[RoutesResolver] [39m[32mLeadsController {/api/v1/leads}:[39m[38;5;3m +0ms[39m
[32m[Nest] 94328  - [39m06/03/2026, 11:52:23 AM [32m    LOG[39m [38;5;3m[RouterExplorer] [39m[32mMapped {/api/v1/leads, GET} route[39m[38;5;3m +2ms[39m
[32m[Nest] 94328  - [39m06/03/2026, 11:52:23 AM [32m    LOG[39m [38;5;3m[RouterExplorer] [39m[32mMapped {/api/v1/leads, POST} route[39m[38;5;3m +1ms[39m
[32m[Nest] 94328  - [39m06/03/2026, 11:52:23 AM [32m    LOG[39m [38;5;3m[RouterExplorer] [39m[32mMapped {/api/v1/leads/board, GET} route[39m[38;5;3m +0ms[39m
[32m[Nest] 94328  - [39m06/03/2026, 11:52:23 AM [32m    LOG[39m [38;5;3m[RouterExplorer] [39m[32mMapped {/api/v1/leads/:id, GET} route[39m[38;5;3m +0ms[39m
[32m[Nest] 94328  - [39m06/03/2026, 11:52:23 AM [32m    LOG[39m [38;5;3m[RouterExplorer] [39m[32mMapped {/api/v1/leads/:id/history, GET} route[39m[38;5;3m +0ms[39m
[32m[Nest] 94328  - [39m06/03/2026, 11:52:23 AM [32m    LOG[39m [38;5;3m[RouterExplorer] [39m[32mMapped {/api/v1/leads/:id/notes, GET} route[39m[38;5;3m +0ms[39m
[32m[Nest] 94328  - [39m06/03/2026, 11:52:23 AM [32m    LOG[39m [38;5;3m[RouterExplorer] [39m[32mMapped {/api/v1/leads/:id/notes, POST} route[39m[38;5;3m +0ms[39m
[32m[Nest] 94328  - [39m06/03/2026, 11:52:23 AM [32m    LOG[39m [38;5;3m[RoutesResolver] [39m[32mAmoController {/api/v1/amo-crm}:[39m[38;5;3m +0ms[39m
[32m[Nest] 94328  - [39m06/03/2026, 11:52:23 AM [32m    LOG[39m [38;5;3m[RouterExplorer] [39m[32mMapped {/api/v1/amo-crm/connect, GET} route[39m[38;5;3m +1ms[39m
[32m[Nest] 94328  - [39m06/03/2026, 11:52:23 AM [32m    LOG[39m [38;5;3m[RouterExplorer] [39m[32mMapped {/api/v1/amo-crm/callback, GET} route[39m[38;5;3m +0ms[39m
[32m[Nest] 94328  - [39m06/03/2026, 11:52:23 AM [32m    LOG[39m [38;5;3m[RouterExplorer] [39m[32mMapped {/api/v1/amo-crm/backfill, POST} route[39m[38;5;3m +1ms[39m
[32m[Nest] 94328  - [39m06/03/2026, 11:52:23 AM [32m    LOG[39m [38;5;3m[RouterExplorer] [39m[32mMapped {/api/v1/amo-crm/backfill-history, POST} route[39m[38;5;3m +0ms[39m
[32m[Nest] 94328  - [39m06/03/2026, 11:52:23 AM [32m    LOG[39m [38;5;3m[RouterExplorer] [39m[32mMapped {/api/v1/amo-crm/sources, GET} route[39m[38;5;3m +1ms[39m
[32m[Nest] 94328  - [39m06/03/2026, 11:52:23 AM [32m    LOG[39m [38;5;3m[RouterExplorer] [39m[32mMapped {/api/v1/amo-crm/tags, GET} route[39m[38;5;3m +1ms[39m
[32m[Nest] 94328  - [39m06/03/2026, 11:52:23 AM [32m    LOG[39m [38;5;3m[RouterExplorer] [39m[32mMapped {/api/v1/amo-crm/pipelines, GET} route[39m[38;5;3m +0ms[39m
[32m[Nest] 94328  - [39m06/03/2026, 11:52:23 AM [32m    LOG[39m [38;5;3m[RoutesResolver] [39m[32mAdminController {/api/v1/admin/partners}:[39m[38;5;3m +0ms[39m
[32m[Nest] 94328  - [39m06/03/2026, 11:52:23 AM [32m    LOG[39m [38;5;3m[RouterExplorer] [39m[32mMapped {/api/v1/admin/partners, GET} route[39m[38;5;3m +0ms[39m
[32m[Nest] 94328  - [39m06/03/2026, 11:52:23 AM [32m    LOG[39m [38;5;3m[RouterExplorer] [39m[32mMapped {/api/v1/admin/partners, POST} route[39m[38;5;3m +0ms[39m
[32m[Nest] 94328  - [39m06/03/2026, 11:52:23 AM [32m    LOG[39m [38;5;3m[RouterExplorer] [39m[32mMapped {/api/v1/admin/partners/:id, PUT} route[39m[38;5;3m +0ms[39m
[32m[Nest] 94328  - [39m06/03/2026, 11:52:23 AM [32m    LOG[39m [38;5;3m[RouterExplorer] [39m[32mMapped {/api/v1/admin/partners/:id, DELETE} route[39m[38;5;3m +7ms[39m
[32m[Nest] 94328  - [39m06/03/2026, 11:52:23 AM [32m    LOG[39m [38;5;3m[RouterExplorer] [39m[32mMapped {/api/v1/admin/partners/sync, POST} route[39m[38;5;3m +0ms[39m
[32m[Nest] 94328  - [39m06/03/2026, 11:52:23 AM [32m    LOG[39m [38;5;3m[RoutesResolver] [39m[32mWebhookController {/api/v1/webhook}:[39m[38;5;3m +0ms[39m
[32m[Nest] 94328  - [39m06/03/2026, 11:52:23 AM [32m    LOG[39m [38;5;3m[RouterExplorer] [39m[32mMapped {/api/v1/webhook/amocrm, POST} route[39m[38;5;3m +1ms[39m
[32m[Nest] 94328  - [39m06/03/2026, 11:52:23 AM [32m    LOG[39m [38;5;3m[RoutesResolver] [39m[32mProfileController {/api/v1/profile}:[39m[38;5;3m +0ms[39m
[32m[Nest] 94328  - [39m06/03/2026, 11:52:23 AM [32m    LOG[39m [38;5;3m[RouterExplorer] [39m[32mMapped {/api/v1/profile, GET} route[39m[38;5;3m +0ms[39m
[32m[Nest] 94328  - [39m06/03/2026, 11:52:23 AM [32m    LOG[39m [38;5;3m[RouterExplorer] [39m[32mMapped {/api/v1/profile/notifications, PUT} route[39m[38;5;3m +0ms[39m
[32m[Nest] 94328  - [39m06/03/2026, 11:52:23 AM [32m    LOG[39m [38;5;3m[RouterExplorer] [39m[32mMapped {/api/v1/profile/password, PUT} route[39m[38;5;3m +0ms[39m
[32m[Nest] 94328  - [39m06/03/2026, 11:52:23 AM [32m    LOG[39m [38;5;3m[RoutesResolver] [39m[32mAnalyticsController {/api/v1/analytics}:[39m[38;5;3m +0ms[39m
[32m[Nest] 94328  - [39m06/03/2026, 11:52:23 AM [32m    LOG[39m [38;5;3m[RouterExplorer] [39m[32mMapped {/api/v1/analytics/dashboard, GET} route[39m[38;5;3m +0ms[39m
[32m[Nest] 94328  - [39m06/03/2026, 11:52:23 AM [32m    LOG[39m [38;5;3m[RoutesResolver] [39m[32mPayoutsController {/api/v1/payouts}:[39m[38;5;3m +0ms[39m
[32m[Nest] 94328  - [39m06/03/2026, 11:52:23 AM [32m    LOG[39m [38;5;3m[RouterExplorer] [39m[32mMapped {/api/v1/payouts, GET} route[39m[38;5;3m +0ms[39m
[32m[Nest] 94328  - [39m06/03/2026, 11:52:23 AM [32m    LOG[39m [38;5;3m[RoutesResolver] [39m[32mReferralsController {/api/v1/referrals}:[39m[38;5;3m +0ms[39m
[32m[Nest] 94328  - [39m06/03/2026, 11:52:23 AM [32m    LOG[39m [38;5;3m[RouterExplorer] [39m[32mMapped {/api/v1/referrals, GET} route[39m[38;5;3m +0ms[39m
[32m[Nest] 94328  - [39m06/03/2026, 11:52:23 AM [32m    LOG[39m [38;5;3m[PrismaService] [39m[32mDatabase connected[39m
[32m[Nest] 94328  - [39m06/03/2026, 11:52:23 AM [32m    LOG[39m [38;5;3m[NestApplication] [39m[32mNest application successfully started[39m[38;5;3m +12ms[39m
[31m[Nest] 94328  - [39m06/03/2026, 11:52:23 AM [31m  ERROR[39m [38;5;3m[NestApplication] [39m[31mError: listen EADDRINUSE: address already in use :::3001[39m[38;5;3m +0ms[39m
node:net:1912
    const ex = new UVExceptionWithHostPort(err, 'listen', address, port);
               ^

Error: listen EADDRINUSE: address already in use :::3001
    at Server.setupListenHandle [as _listen2] (node:net:1912:16)
    at listenInCluster (node:net:1969:12)
    at Server.listen (node:net:2074:7)
    at ExpressAdapter.listen (/Users/vytvytskyi/foryou_partners/backend/node_modules/@nestjs/platform-express/adapters/express-adapter.js:95:32)
    at /Users/vytvytskyi/foryou_partners/backend/node_modules/@nestjs/core/nest-application.js:183:30
    at new Promise (<anonymous>)
    at NestApplication.listen (/Users/vytvytskyi/foryou_partners/backend/node_modules/@nestjs/core/nest-application.js:173:16)
    at async bootstrap (/Users/vytvytskyi/foryou_partners/backend/src/main.ts:75:3) {
  code: 'EADDRINUSE',
  errno: -48,
  syscall: 'listen',
  address: '::',
  port: 3001
}

Node.js v22.12.0
[2J[3J[H[[90m11:52:47 AM[0m] File change detected. Starting incremental compilation...

[[90m11:52:50 AM[0m] Found 0 errors. Watching for file changes.

[32m[Nest] 94416  - [39m06/03/2026, 11:52:53 AM [32m    LOG[39m [38;5;3m[NestFactory] [39m[32mStarting Nest application...[39m
[32m[Nest] 94416  - [39m06/03/2026, 11:52:53 AM [32m    LOG[39m [38;5;3m[InstanceLoader] [39m[32mAppModule dependencies initialized[39m[38;5;3m +33ms[39m
[32m[Nest] 94416  - [39m06/03/2026, 11:52:53 AM [32m    LOG[39m [38;5;3m[InstanceLoader] [39m[32mConfigModule dependencies initialized[39m[38;5;3m +0ms[39m
[32m[Nest] 94416  - [39m06/03/2026, 11:52:53 AM [32m    LOG[39m [38;5;3m[InstanceLoader] [39m[32mDatabaseModule dependencies initialized[39m[38;5;3m +42ms[39m
[32m[Nest] 94416  - [39m06/03/2026, 11:52:53 AM [32m    LOG[39m [38;5;3m[InstanceLoader] [39m[32mPassportModule dependencies initialized[39m[38;5;3m +0ms[39m
[32m[Nest] 94416  - [39m06/03/2026, 11:52:53 AM [32m    LOG[39m [38;5;3m[InstanceLoader] [39m[32mThrottlerModule dependencies initialized[39m[38;5;3m +55ms[39m
[32m[Nest] 94416  - [39m06/03/2026, 11:52:53 AM [32m    LOG[39m [38;5;3m[InstanceLoader] [39m[32mJwtModule dependencies initialized[39m[38;5;3m +0ms[39m
[32m[Nest] 94416  - [39m06/03/2026, 11:52:53 AM [32m    LOG[39m [38;5;3m[InstanceLoader] [39m[32mConfigHostModule dependencies initialized[39m[38;5;3m +2ms[39m
[32m[Nest] 94416  - [39m06/03/2026, 11:52:53 AM [32m    LOG[39m [38;5;3m[InstanceLoader] [39m[32mAuditModule dependencies initialized[39m[38;5;3m +0ms[39m
[32m[Nest] 94416  - [39m06/03/2026, 11:52:53 AM [32m    LOG[39m [38;5;3m[InstanceLoader] [39m[32mDiscoveryModule dependencies initialized[39m[38;5;3m +1ms[39m
[32m[Nest] 94416  - [39m06/03/2026, 11:52:53 AM [32m    LOG[39m [38;5;3m[InstanceLoader] [39m[32mTerminusModule dependencies initialized[39m[38;5;3m +0ms[39m
[32m[Nest] 94416  - [39m06/03/2026, 11:52:53 AM [32m    LOG[39m [38;5;3m[InstanceLoader] [39m[32mConfigModule dependencies initialized[39m[38;5;3m +0ms[39m
[32m[Nest] 94416  - [39m06/03/2026, 11:52:53 AM [32m    LOG[39m [38;5;3m[InstanceLoader] [39m[32mScheduleModule dependencies initialized[39m[38;5;3m +1ms[39m
[32m[Nest] 94416  - [39m06/03/2026, 11:52:53 AM [32m    LOG[39m [38;5;3m[InstanceLoader] [39m[32mRedisModule dependencies initialized[39m[38;5;3m +1ms[39m
[32m[Nest] 94416  - [39m06/03/2026, 11:52:53 AM [32m    LOG[39m [38;5;3m[InstanceLoader] [39m[32mEmailModule dependencies initialized[39m[38;5;3m +0ms[39m
[32m[Nest] 94416  - [39m06/03/2026, 11:52:53 AM [32m    LOG[39m [38;5;3m[InstanceLoader] [39m[32mProfileModule dependencies initialized[39m[38;5;3m +0ms[39m
[32m[Nest] 94416  - [39m06/03/2026, 11:52:53 AM [32m    LOG[39m [38;5;3m[InstanceLoader] [39m[32mAnalyticsModule dependencies initialized[39m[38;5;3m +0ms[39m
[32m[Nest] 94416  - [39m06/03/2026, 11:52:53 AM [32m    LOG[39m [38;5;3m[InstanceLoader] [39m[32mPayoutsModule dependencies initialized[39m[38;5;3m +0ms[39m
[32m[Nest] 94416  - [39m06/03/2026, 11:52:53 AM [32m    LOG[39m [38;5;3m[InstanceLoader] [39m[32mReferralsModule dependencies initialized[39m[38;5;3m +0ms[39m
[32m[Nest] 94416  - [39m06/03/2026, 11:52:53 AM [32m    LOG[39m [38;5;3m[InstanceLoader] [39m[32mAuthModule dependencies initialized[39m[38;5;3m +0ms[39m
[32m[Nest] 94416  - [39m06/03/2026, 11:52:53 AM [32m    LOG[39m [38;5;3m[InstanceLoader] [39m[32mHealthModule dependencies initialized[39m[38;5;3m +0ms[39m
[32m[Nest] 94416  - [39m06/03/2026, 11:52:53 AM [32m    LOG[39m [38;5;3m[InstanceLoader] [39m[32mWebhookModule dependencies initialized[39m[38;5;3m +0ms[39m
[32m[Nest] 94416  - [39m06/03/2026, 11:52:53 AM [32m    LOG[39m [38;5;3m[InstanceLoader] [39m[32mAmoModule dependencies initialized[39m[38;5;3m +0ms[39m
[32m[Nest] 94416  - [39m06/03/2026, 11:52:53 AM [32m    LOG[39m [38;5;3m[InstanceLoader] [39m[32mAdminModule dependencies initialized[39m[38;5;3m +1ms[39m
[32m[Nest] 94416  - [39m06/03/2026, 11:52:53 AM [32m    LOG[39m [38;5;3m[InstanceLoader] [39m[32mLeadsModule dependencies initialized[39m[38;5;3m +0ms[39m
[32m[Nest] 94416  - [39m06/03/2026, 11:52:53 AM [32m    LOG[39m [38;5;3m[RoutesResolver] [39m[32mHealthController {/api/v1/health}:[39m[38;5;3m +11ms[39m
[32m[Nest] 94416  - [39m06/03/2026, 11:52:53 AM [32m    LOG[39m [38;5;3m[RouterExplorer] [39m[32mMapped {/api/v1/health, GET} route[39m[38;5;3m +2ms[39m
[32m[Nest] 94416  - [39m06/03/2026, 11:52:53 AM [32m    LOG[39m [38;5;3m[RoutesResolver] [39m[32mAuthController {/api/v1/auth}:[39m[38;5;3m +0ms[39m
[32m[Nest] 94416  - [39m06/03/2026, 11:52:53 AM [32m    LOG[39m [38;5;3m[RouterExplorer] [39m[32mMapped {/api/v1/auth/login, POST} route[39m[38;5;3m +1ms[39m
[32m[Nest] 94416  - [39m06/03/2026, 11:52:53 AM [32m    LOG[39m [38;5;3m[RouterExplorer] [39m[32mMapped {/api/v1/auth/register, POST} route[39m[38;5;3m +0ms[39m
[32m[Nest] 94416  - [39m06/03/2026, 11:52:53 AM [32m    LOG[39m [38;5;3m[RouterExplorer] [39m[32mMapped {/api/v1/auth/refresh, POST} route[39m[38;5;3m +0ms[39m
[32m[Nest] 94416  - [39m06/03/2026, 11:52:53 AM [32m    LOG[39m [38;5;3m[RouterExplorer] [39m[32mMapped {/api/v1/auth/logout, POST} route[39m[38;5;3m +0ms[39m
[32m[Nest] 94416  - [39m06/03/2026, 11:52:53 AM [32m    LOG[39m [38;5;3m[RouterExplorer] [39m[32mMapped {/api/v1/auth/password/forgot, POST} route[39m[38;5;3m +0ms[39m
[32m[Nest] 94416  - [39m06/03/2026, 11:52:53 AM [32m    LOG[39m [38;5;3m[RouterExplorer] [39m[32mMapped {/api/v1/auth/password/reset, POST} route[39m[38;5;3m +0ms[39m
[32m[Nest] 94416  - [39m06/03/2026, 11:52:53 AM [32m    LOG[39m [38;5;3m[RoutesResolver] [39m[32mLeadsController {/api/v1/leads}:[39m[38;5;3m +0ms[39m
[32m[Nest] 94416  - [39m06/03/2026, 11:52:53 AM [32m    LOG[39m [38;5;3m[RouterExplorer] [39m[32mMapped {/api/v1/leads, GET} route[39m[38;5;3m +0ms[39m
[32m[Nest] 94416  - [39m06/03/2026, 11:52:53 AM [32m    LOG[39m [38;5;3m[RouterExplorer] [39m[32mMapped {/api/v1/leads, POST} route[39m[38;5;3m +1ms[39m
[32m[Nest] 94416  - [39m06/03/2026, 11:52:53 AM [32m    LOG[39m [38;5;3m[RouterExplorer] [39m[32mMapped {/api/v1/leads/board, GET} route[39m[38;5;3m +1ms[39m
[32m[Nest] 94416  - [39m06/03/2026, 11:52:53 AM [32m    LOG[39m [38;5;3m[RouterExplorer] [39m[32mMapped {/api/v1/leads/:id, GET} route[39m[38;5;3m +0ms[39m
[32m[Nest] 94416  - [39m06/03/2026, 11:52:53 AM [32m    LOG[39m [38;5;3m[RouterExplorer] [39m[32mMapped {/api/v1/leads/:id/history, GET} route[39m[38;5;3m +0ms[39m
[32m[Nest] 94416  - [39m06/03/2026, 11:52:53 AM [32m    LOG[39m [38;5;3m[RouterExplorer] [39m[32mMapped {/api/v1/leads/:id/notes, GET} route[39m[38;5;3m +1ms[39m
[32m[Nest] 94416  - [39m06/03/2026, 11:52:53 AM [32m    LOG[39m [38;5;3m[RouterExplorer] [39m[32mMapped {/api/v1/leads/:id/notes, POST} route[39m[38;5;3m +0ms[39m
[32m[Nest] 94416  - [39m06/03/2026, 11:52:53 AM [32m    LOG[39m [38;5;3m[RoutesResolver] [39m[32mAmoController {/api/v1/amo-crm}:[39m[38;5;3m +0ms[39m
[32m[Nest] 94416  - [39m06/03/2026, 11:52:53 AM [32m    LOG[39m [38;5;3m[RouterExplorer] [39m[32mMapped {/api/v1/amo-crm/connect, GET} route[39m[38;5;3m +0ms[39m
[32m[Nest] 94416  - [39m06/03/2026, 11:52:53 AM [32m    LOG[39m [38;5;3m[RouterExplorer] [39m[32mMapped {/api/v1/amo-crm/callback, GET} route[39m[38;5;3m +0ms[39m
[32m[Nest] 94416  - [39m06/03/2026, 11:52:53 AM [32m    LOG[39m [38;5;3m[RouterExplorer] [39m[32mMapped {/api/v1/amo-crm/backfill, POST} route[39m[38;5;3m +1ms[39m
[32m[Nest] 94416  - [39m06/03/2026, 11:52:53 AM [32m    LOG[39m [38;5;3m[RouterExplorer] [39m[32mMapped {/api/v1/amo-crm/backfill-history, POST} route[39m[38;5;3m +0ms[39m
[32m[Nest] 94416  - [39m06/03/2026, 11:52:53 AM [32m    LOG[39m [38;5;3m[RouterExplorer] [39m[32mMapped {/api/v1/amo-crm/sources, GET} route[39m[38;5;3m +0ms[39m
[32m[Nest] 94416  - [39m06/03/2026, 11:52:53 AM [32m    LOG[39m [38;5;3m[RouterExplorer] [39m[32mMapped {/api/v1/amo-crm/tags, GET} route[39m[38;5;3m +0ms[39m
[32m[Nest] 94416  - [39m06/03/2026, 11:52:53 AM [32m    LOG[39m [38;5;3m[RouterExplorer] [39m[32mMapped {/api/v1/amo-crm/pipelines, GET} route[39m[38;5;3m +0ms[39m
[32m[Nest] 94416  - [39m06/03/2026, 11:52:53 AM [32m    LOG[39m [38;5;3m[RoutesResolver] [39m[32mAdminController {/api/v1/admin/partners}:[39m[38;5;3m +0ms[39m
[32m[Nest] 94416  - [39m06/03/2026, 11:52:53 AM [32m    LOG[39m [38;5;3m[RouterExplorer] [39m[32mMapped {/api/v1/admin/partners, GET} route[39m[38;5;3m +0ms[39m
[32m[Nest] 94416  - [39m06/03/2026, 11:52:53 AM [32m    LOG[39m [38;5;3m[RouterExplorer] [39m[32mMapped {/api/v1/admin/partners, POST} route[39m[38;5;3m +1ms[39m
[32m[Nest] 94416  - [39m06/03/2026, 11:52:53 AM [32m    LOG[39m [38;5;3m[RouterExplorer] [39m[32mMapped {/api/v1/admin/partners/:id, PUT} route[39m[38;5;3m +0ms[39m
[32m[Nest] 94416  - [39m06/03/2026, 11:52:53 AM [32m    LOG[39m [38;5;3m[RouterExplorer] [39m[32mMapped {/api/v1/admin/partners/:id, DELETE} route[39m[38;5;3m +0ms[39m
[32m[Nest] 94416  - [39m06/03/2026, 11:52:53 AM [32m    LOG[39m [38;5;3m[RouterExplorer] [39m[32mMapped {/api/v1/admin/partners/sync, POST} route[39m[38;5;3m +0ms[39m
[32m[Nest] 94416  - [39m06/03/2026, 11:52:53 AM [32m    LOG[39m [38;5;3m[RoutesResolver] [39m[32mWebhookController {/api/v1/webhook}:[39m[38;5;3m +0ms[39m
[32m[Nest] 94416  - [39m06/03/2026, 11:52:53 AM [32m    LOG[39m [38;5;3m[RouterExplorer] [39m[32mMapped {/api/v1/webhook/amocrm, POST} route[39m[38;5;3m +0ms[39m
[32m[Nest] 94416  - [39m06/03/2026, 11:52:53 AM [32m    LOG[39m [38;5;3m[RoutesResolver] [39m[32mProfileController {/api/v1/profile}:[39m[38;5;3m +0ms[39m
[32m[Nest] 94416  - [39m06/03/2026, 11:52:53 AM [32m    LOG[39m [38;5;3m[RouterExplorer] [39m[32mMapped {/api/v1/profile, GET} route[39m[38;5;3m +0ms[39m
[32m[Nest] 94416  - [39m06/03/2026, 11:52:53 AM [32m    LOG[39m [38;5;3m[RouterExplorer] [39m[32mMapped {/api/v1/profile/notifications, PUT} route[39m[38;5;3m +1ms[39m
[32m[Nest] 94416  - [39m06/03/2026, 11:52:53 AM [32m    LOG[39m [38;5;3m[RouterExplorer] [39m[32mMapped {/api/v1/profile/password, PUT} route[39m[38;5;3m +0ms[39m
[32m[Nest] 94416  - [39m06/03/2026, 11:52:53 AM [32m    LOG[39m [38;5;3m[RoutesResolver] [39m[32mAnalyticsController {/api/v1/analytics}:[39m[38;5;3m +0ms[39m
[32m[Nest] 94416  - [39m06/03/2026, 11:52:53 AM [32m    LOG[39m [38;5;3m[RouterExplorer] [39m[32mMapped {/api/v1/analytics/dashboard, GET} route[39m[38;5;3m +0ms[39m
[32m[Nest] 94416  - [39m06/03/2026, 11:52:53 AM [32m    LOG[39m [38;5;3m[RoutesResolver] [39m[32mPayoutsController {/api/v1/payouts}:[39m[38;5;3m +0ms[39m
[32m[Nest] 94416  - [39m06/03/2026, 11:52:53 AM [32m    LOG[39m [38;5;3m[RouterExplorer] [39m[32mMapped {/api/v1/payouts, GET} route[39m[38;5;3m +0ms[39m
[32m[Nest] 94416  - [39m06/03/2026, 11:52:53 AM [32m    LOG[39m [38;5;3m[RoutesResolver] [39m[32mReferralsController {/api/v1/referrals}:[39m[38;5;3m +0ms[39m
[32m[Nest] 94416  - [39m06/03/2026, 11:52:53 AM [32m    LOG[39m [38;5;3m[RouterExplorer] [39m[32mMapped {/api/v1/referrals, GET} route[39m[38;5;3m +0ms[39m
[32m[Nest] 94416  - [39m06/03/2026, 11:52:53 AM [32m    LOG[39m [38;5;3m[PrismaService] [39m[32mDatabase connected[39m
[32m[Nest] 94416  - [39m06/03/2026, 11:52:53 AM [32m    LOG[39m [38;5;3m[NestApplication] [39m[32mNest application successfully started[39m[38;5;3m +30ms[39m
Backend running on http://localhost:3001/api/v1
[2J[3J[H[[90m11:53:16 AM[0m] File change detected. Starting incremental compilation...

[[90m11:53:19 AM[0m] Found 0 errors. Watching for file changes.

[32m[Nest] 94504  - [39m06/03/2026, 11:53:21 AM [32m    LOG[39m [38;5;3m[NestFactory] [39m[32mStarting Nest application...[39m
[32m[Nest] 94504  - [39m06/03/2026, 11:53:21 AM [32m    LOG[39m [38;5;3m[InstanceLoader] [39m[32mAppModule dependencies initialized[39m[38;5;3m +22ms[39m
[32m[Nest] 94504  - [39m06/03/2026, 11:53:21 AM [32m    LOG[39m [38;5;3m[InstanceLoader] [39m[32mConfigModule dependencies initialized[39m[38;5;3m +0ms[39m
[32m[Nest] 94504  - [39m06/03/2026, 11:53:21 AM [32m    LOG[39m [38;5;3m[InstanceLoader] [39m[32mDatabaseModule dependencies initialized[39m[38;5;3m +3ms[39m
[32m[Nest] 94504  - [39m06/03/2026, 11:53:21 AM [32m    LOG[39m [38;5;3m[InstanceLoader] [39m[32mPassportModule dependencies initialized[39m[38;5;3m +0ms[39m
[32m[Nest] 94504  - [39m06/03/2026, 11:53:21 AM [32m    LOG[39m [38;5;3m[InstanceLoader] [39m[32mThrottlerModule dependencies initialized[39m[38;5;3m +3ms[39m
[32m[Nest] 94504  - [39m06/03/2026, 11:53:21 AM [32m    LOG[39m [38;5;3m[InstanceLoader] [39m[32mJwtModule dependencies initialized[39m[38;5;3m +0ms[39m
[32m[Nest] 94504  - [39m06/03/2026, 11:53:21 AM [32m    LOG[39m [38;5;3m[InstanceLoader] [39m[32mConfigHostModule dependencies initialized[39m[38;5;3m +0ms[39m
[32m[Nest] 94504  - [39m06/03/2026, 11:53:21 AM [32m    LOG[39m [38;5;3m[InstanceLoader] [39m[32mAuditModule dependencies initialized[39m[38;5;3m +0ms[39m
[32m[Nest] 94504  - [39m06/03/2026, 11:53:21 AM [32m    LOG[39m [38;5;3m[InstanceLoader] [39m[32mDiscoveryModule dependencies initialized[39m[38;5;3m +0ms[39m
[32m[Nest] 94504  - [39m06/03/2026, 11:53:21 AM [32m    LOG[39m [38;5;3m[InstanceLoader] [39m[32mTerminusModule dependencies initialized[39m[38;5;3m +1ms[39m
[32m[Nest] 94504  - [39m06/03/2026, 11:53:21 AM [32m    LOG[39m [38;5;3m[InstanceLoader] [39m[32mConfigModule dependencies initialized[39m[38;5;3m +0ms[39m
[32m[Nest] 94504  - [39m06/03/2026, 11:53:21 AM [32m    LOG[39m [38;5;3m[InstanceLoader] [39m[32mScheduleModule dependencies initialized[39m[38;5;3m +1ms[39m
[32m[Nest] 94504  - [39m06/03/2026, 11:53:21 AM [32m    LOG[39m [38;5;3m[InstanceLoader] [39m[32mRedisModule dependencies initialized[39m[38;5;3m +0ms[39m
[32m[Nest] 94504  - [39m06/03/2026, 11:53:21 AM [32m    LOG[39m [38;5;3m[InstanceLoader] [39m[32mEmailModule dependencies initialized[39m[38;5;3m +0ms[39m
[32m[Nest] 94504  - [39m06/03/2026, 11:53:21 AM [32m    LOG[39m [38;5;3m[InstanceLoader] [39m[32mProfileModule dependencies initialized[39m[38;5;3m +1ms[39m
[32m[Nest] 94504  - [39m06/03/2026, 11:53:21 AM [32m    LOG[39m [38;5;3m[InstanceLoader] [39m[32mAnalyticsModule dependencies initialized[39m[38;5;3m +0ms[39m
[32m[Nest] 94504  - [39m06/03/2026, 11:53:21 AM [32m    LOG[39m [38;5;3m[InstanceLoader] [39m[32mPayoutsModule dependencies initialized[39m[38;5;3m +0ms[39m
[32m[Nest] 94504  - [39m06/03/2026, 11:53:21 AM [32m    LOG[39m [38;5;3m[InstanceLoader] [39m[32mReferralsModule dependencies initialized[39m[38;5;3m +0ms[39m
[32m[Nest] 94504  - [39m06/03/2026, 11:53:21 AM [32m    LOG[39m [38;5;3m[InstanceLoader] [39m[32mAuthModule dependencies initialized[39m[38;5;3m +0ms[39m
[32m[Nest] 94504  - [39m06/03/2026, 11:53:21 AM [32m    LOG[39m [38;5;3m[InstanceLoader] [39m[32mHealthModule dependencies initialized[39m[38;5;3m +1ms[39m
[32m[Nest] 94504  - [39m06/03/2026, 11:53:21 AM [32m    LOG[39m [38;5;3m[InstanceLoader] [39m[32mWebhookModule dependencies initialized[39m[38;5;3m +0ms[39m
[32m[Nest] 94504  - [39m06/03/2026, 11:53:21 AM [32m    LOG[39m [38;5;3m[InstanceLoader] [39m[32mAmoModule dependencies initialized[39m[38;5;3m +0ms[39m
[32m[Nest] 94504  - [39m06/03/2026, 11:53:21 AM [32m    LOG[39m [38;5;3m[InstanceLoader] [39m[32mAdminModule dependencies initialized[39m[38;5;3m +0ms[39m
[32m[Nest] 94504  - [39m06/03/2026, 11:53:21 AM [32m    LOG[39m [38;5;3m[InstanceLoader] [39m[32mLeadsModule dependencies initialized[39m[38;5;3m +0ms[39m
[32m[Nest] 94504  - [39m06/03/2026, 11:53:21 AM [32m    LOG[39m [38;5;3m[RoutesResolver] [39m[32mHealthController {/api/v1/health}:[39m[38;5;3m +8ms[39m
[32m[Nest] 94504  - [39m06/03/2026, 11:53:21 AM [32m    LOG[39m [38;5;3m[RouterExplorer] [39m[32mMapped {/api/v1/health, GET} route[39m[38;5;3m +2ms[39m
[32m[Nest] 94504  - [39m06/03/2026, 11:53:21 AM [32m    LOG[39m [38;5;3m[RoutesResolver] [39m[32mAuthController {/api/v1/auth}:[39m[38;5;3m +0ms[39m
[32m[Nest] 94504  - [39m06/03/2026, 11:53:21 AM [32m    LOG[39m [38;5;3m[RouterExplorer] [39m[32mMapped {/api/v1/auth/login, POST} route[39m[38;5;3m +1ms[39m
[32m[Nest] 94504  - [39m06/03/2026, 11:53:21 AM [32m    LOG[39m [38;5;3m[RouterExplorer] [39m[32mMapped {/api/v1/auth/register, POST} route[39m[38;5;3m +0ms[39m
[32m[Nest] 94504  - [39m06/03/2026, 11:53:21 AM [32m    LOG[39m [38;5;3m[RouterExplorer] [39m[32mMapped {/api/v1/auth/refresh, POST} route[39m[38;5;3m +1ms[39m
[32m[Nest] 94504  - [39m06/03/2026, 11:53:21 AM [32m    LOG[39m [38;5;3m[RouterExplorer] [39m[32mMapped {/api/v1/auth/logout, POST} route[39m[38;5;3m +0ms[39m
[32m[Nest] 94504  - [39m06/03/2026, 11:53:21 AM [32m    LOG[39m [38;5;3m[RouterExplorer] [39m[32mMapped {/api/v1/auth/password/forgot, POST} route[39m[38;5;3m +0ms[39m
[32m[Nest] 94504  - [39m06/03/2026, 11:53:21 AM [32m    LOG[39m [38;5;3m[RouterExplorer] [39m[32mMapped {/api/v1/auth/password/reset, POST} route[39m[38;5;3m +1ms[39m
[32m[Nest] 94504  - [39m06/03/2026, 11:53:21 AM [32m    LOG[39m [38;5;3m[RoutesResolver] [39m[32mLeadsController {/api/v1/leads}:[39m[38;5;3m +0ms[39m
[32m[Nest] 94504  - [39m06/03/2026, 11:53:21 AM [32m    LOG[39m [38;5;3m[RouterExplorer] [39m[32mMapped {/api/v1/leads, GET} route[39m[38;5;3m +0ms[39m
[32m[Nest] 94504  - [39m06/03/2026, 11:53:21 AM [32m    LOG[39m [38;5;3m[RouterExplorer] [39m[32mMapped {/api/v1/leads, POST} route[39m[38;5;3m +1ms[39m
[32m[Nest] 94504  - [39m06/03/2026, 11:53:21 AM [32m    LOG[39m [38;5;3m[RouterExplorer] [39m[32mMapped {/api/v1/leads/board, GET} route[39m[38;5;3m +0ms[39m
[32m[Nest] 94504  - [39m06/03/2026, 11:53:21 AM [32m    LOG[39m [38;5;3m[RouterExplorer] [39m[32mMapped {/api/v1/leads/:id, GET} route[39m[38;5;3m +1ms[39m
[32m[Nest] 94504  - [39m06/03/2026, 11:53:21 AM [32m    LOG[39m [38;5;3m[RouterExplorer] [39m[32mMapped {/api/v1/leads/:id/history, GET} route[39m[38;5;3m +0ms[39m
[32m[Nest] 94504  - [39m06/03/2026, 11:53:21 AM [32m    LOG[39m [38;5;3m[RouterExplorer] [39m[32mMapped {/api/v1/leads/:id/notes, GET} route[39m[38;5;3m +0ms[39m
[32m[Nest] 94504  - [39m06/03/2026, 11:53:21 AM [32m    LOG[39m [38;5;3m[RouterExplorer] [39m[32mMapped {/api/v1/leads/:id/notes, POST} route[39m[38;5;3m +0ms[39m
[32m[Nest] 94504  - [39m06/03/2026, 11:53:21 AM [32m    LOG[39m [38;5;3m[RoutesResolver] [39m[32mAmoController {/api/v1/amo-crm}:[39m[38;5;3m +0ms[39m
[32m[Nest] 94504  - [39m06/03/2026, 11:53:21 AM [32m    LOG[39m [38;5;3m[RouterExplorer] [39m[32mMapped {/api/v1/amo-crm/connect, GET} route[39m[38;5;3m +0ms[39m
[32m[Nest] 94504  - [39m06/03/2026, 11:53:21 AM [32m    LOG[39m [38;5;3m[RouterExplorer] [39m[32mMapped {/api/v1/amo-crm/callback, GET} route[39m[38;5;3m +0ms[39m
[32m[Nest] 94504  - [39m06/03/2026, 11:53:21 AM [32m    LOG[39m [38;5;3m[RouterExplorer] [39m[32mMapped {/api/v1/amo-crm/backfill, POST} route[39m[38;5;3m +0ms[39m
[32m[Nest] 94504  - [39m06/03/2026, 11:53:21 AM [32m    LOG[39m [38;5;3m[RouterExplorer] [39m[32mMapped {/api/v1/amo-crm/backfill-history, POST} route[39m[38;5;3m +0ms[39m
[32m[Nest] 94504  - [39m06/03/2026, 11:53:21 AM [32m    LOG[39m [38;5;3m[RouterExplorer] [39m[32mMapped {/api/v1/amo-crm/sources, GET} route[39m[38;5;3m +0ms[39m
[32m[Nest] 94504  - [39m06/03/2026, 11:53:21 AM [32m    LOG[39m [38;5;3m[RouterExplorer] [39m[32mMapped {/api/v1/amo-crm/tags, GET} route[39m[38;5;3m +0ms[39m
[32m[Nest] 94504  - [39m06/03/2026, 11:53:21 AM [32m    LOG[39m [38;5;3m[RouterExplorer] [39m[32mMapped {/api/v1/amo-crm/pipelines, GET} route[39m[38;5;3m +0ms[39m
[32m[Nest] 94504  - [39m06/03/2026, 11:53:21 AM [32m    LOG[39m [38;5;3m[RoutesResolver] [39m[32mAdminController {/api/v1/admin/partners}:[39m[38;5;3m +0ms[39m
[32m[Nest] 94504  - [39m06/03/2026, 11:53:21 AM [32m    LOG[39m [38;5;3m[RouterExplorer] [39m[32mMapped {/api/v1/admin/partners, GET} route[39m[38;5;3m +0ms[39m
[32m[Nest] 94504  - [39m06/03/2026, 11:53:21 AM [32m    LOG[39m [38;5;3m[RouterExplorer] [39m[32mMapped {/api/v1/admin/partners, POST} route[39m[38;5;3m +1ms[39m
[32m[Nest] 94504  - [39m06/03/2026, 11:53:21 AM [32m    LOG[39m [38;5;3m[RouterExplorer] [39m[32mMapped {/api/v1/admin/partners/:id, PUT} route[39m[38;5;3m +0ms[39m
[32m[Nest] 94504  - [39m06/03/2026, 11:53:21 AM [32m    LOG[39m [38;5;3m[RouterExplorer] [39m[32mMapped {/api/v1/admin/partners/:id, DELETE} route[39m[38;5;3m +0ms[39m
[32m[Nest] 94504  - [39m06/03/2026, 11:53:21 AM [32m    LOG[39m [38;5;3m[RouterExplorer] [39m[32mMapped {/api/v1/admin/partners/sync, POST} route[39m[38;5;3m +0ms[39m
[32m[Nest] 94504  - [39m06/03/2026, 11:53:21 AM [32m    LOG[39m [38;5;3m[RoutesResolver] [39m[32mWebhookController {/api/v1/webhook}:[39m[38;5;3m +0ms[39m
[32m[Nest] 94504  - [39m06/03/2026, 11:53:21 AM [32m    LOG[39m [38;5;3m[RouterExplorer] [39m[32mMapped {/api/v1/webhook/amocrm, POST} route[39m[38;5;3m +0ms[39m
[32m[Nest] 94504  - [39m06/03/2026, 11:53:21 AM [32m    LOG[39m [38;5;3m[RoutesResolver] [39m[32mProfileController {/api/v1/profile}:[39m[38;5;3m +0ms[39m
[32m[Nest] 94504  - [39m06/03/2026, 11:53:21 AM [32m    LOG[39m [38;5;3m[RouterExplorer] [39m[32mMapped {/api/v1/profile, GET} route[39m[38;5;3m +0ms[39m
[32m[Nest] 94504  - [39m06/03/2026, 11:53:21 AM [32m    LOG[39m [38;5;3m[RouterExplorer] [39m[32mMapped {/api/v1/profile/notifications, PUT} route[39m[38;5;3m +0ms[39m
[32m[Nest] 94504  - [39m06/03/2026, 11:53:21 AM [32m    LOG[39m [38;5;3m[RouterExplorer] [39m[32mMapped {/api/v1/profile/password, PUT} route[39m[38;5;3m +0ms[39m
[32m[Nest] 94504  - [39m06/03/2026, 11:53:21 AM [32m    LOG[39m [38;5;3m[RoutesResolver] [39m[32mAnalyticsController {/api/v1/analytics}:[39m[38;5;3m +0ms[39m
[32m[Nest] 94504  - [39m06/03/2026, 11:53:21 AM [32m    LOG[39m [38;5;3m[RouterExplorer] [39m[32mMapped {/api/v1/analytics/dashboard, GET} route[39m[38;5;3m +0ms[39m
[32m[Nest] 94504  - [39m06/03/2026, 11:53:21 AM [32m    LOG[39m [38;5;3m[RoutesResolver] [39m[32mPayoutsController {/api/v1/payouts}:[39m[38;5;3m +0ms[39m
[32m[Nest] 94504  - [39m06/03/2026, 11:53:21 AM [32m    LOG[39m [38;5;3m[RouterExplorer] [39m[32mMapped {/api/v1/payouts, GET} route[39m[38;5;3m +0ms[39m
[32m[Nest] 94504  - [39m06/03/2026, 11:53:21 AM [32m    LOG[39m [38;5;3m[RoutesResolver] [39m[32mReferralsController {/api/v1/referrals}:[39m[38;5;3m +0ms[39m
[32m[Nest] 94504  - [39m06/03/2026, 11:53:21 AM [32m    LOG[39m [38;5;3m[RouterExplorer] [39m[32mMapped {/api/v1/referrals, GET} route[39m[38;5;3m +1ms[39m
[32m[Nest] 94504  - [39m06/03/2026, 11:53:21 AM [32m    LOG[39m [38;5;3m[PrismaService] [39m[32mDatabase connected[39m
[32m[Nest] 94504  - [39m06/03/2026, 11:53:21 AM [32m    LOG[39m [38;5;3m[NestApplication] [39m[32mNest application successfully started[39m[38;5;3m +23ms[39m
[31m[Nest] 94504  - [39m06/03/2026, 11:53:21 AM [31m  ERROR[39m [38;5;3m[NestApplication] [39m[31mError: listen EADDRINUSE: address already in use :::3001[39m[38;5;3m +2ms[39m
node:net:1912
    const ex = new UVExceptionWithHostPort(err, 'listen', address, port);
               ^

Error: listen EADDRINUSE: address already in use :::3001
    at Server.setupListenHandle [as _listen2] (node:net:1912:16)
    at listenInCluster (node:net:1969:12)
    at Server.listen (node:net:2074:7)
    at ExpressAdapter.listen (/Users/vytvytskyi/foryou_partners/backend/node_modules/@nestjs/platform-express/adapters/express-adapter.js:95:32)
    at /Users/vytvytskyi/foryou_partners/backend/node_modules/@nestjs/core/nest-application.js:183:30
    at new Promise (<anonymous>)
    at NestApplication.listen (/Users/vytvytskyi/foryou_partners/backend/node_modules/@nestjs/core/nest-application.js:173:16)
    at async bootstrap (/Users/vytvytskyi/foryou_partners/backend/src/main.ts:75:3) {
  code: 'EADDRINUSE',
  errno: -48,
  syscall: 'listen',
  address: '::',
  port: 3001
}

Node.js v22.12.0
[2J[3J[H[[90m7:41:52 PM[0m] File change detected. Starting incremental compilation...

[[90m7:41:54 PM[0m] Found 0 errors. Watching for file changes.

[32m[Nest] 2633  - [39m06/03/2026, 7:41:58 PM [32m    LOG[39m [38;5;3m[NestFactory] [39m[32mStarting Nest application...[39m
[32m[Nest] 2633  - [39m06/03/2026, 7:41:58 PM [32m    LOG[39m [38;5;3m[InstanceLoader] [39m[32mAppModule dependencies initialized[39m[38;5;3m +39ms[39m
[32m[Nest] 2633  - [39m06/03/2026, 7:41:58 PM [32m    LOG[39m [38;5;3m[InstanceLoader] [39m[32mConfigModule dependencies initialized[39m[38;5;3m +3ms[39m
[32m[Nest] 2633  - [39m06/03/2026, 7:41:58 PM [32m    LOG[39m [38;5;3m[InstanceLoader] [39m[32mDatabaseModule dependencies initialized[39m[38;5;3m +47ms[39m
[32m[Nest] 2633  - [39m06/03/2026, 7:41:58 PM [32m    LOG[39m [38;5;3m[InstanceLoader] [39m[32mPassportModule dependencies initialized[39m[38;5;3m +0ms[39m
[32m[Nest] 2633  - [39m06/03/2026, 7:41:58 PM [32m    LOG[39m [38;5;3m[InstanceLoader] [39m[32mThrottlerModule dependencies initialized[39m[38;5;3m +54ms[39m
[32m[Nest] 2633  - [39m06/03/2026, 7:41:58 PM [32m    LOG[39m [38;5;3m[InstanceLoader] [39m[32mJwtModule dependencies initialized[39m[38;5;3m +0ms[39m
[32m[Nest] 2633  - [39m06/03/2026, 7:41:58 PM [32m    LOG[39m [38;5;3m[InstanceLoader] [39m[32mConfigHostModule dependencies initialized[39m[38;5;3m +1ms[39m
[32m[Nest] 2633  - [39m06/03/2026, 7:41:58 PM [32m    LOG[39m [38;5;3m[InstanceLoader] [39m[32mAuditModule dependencies initialized[39m[38;5;3m +0ms[39m
[32m[Nest] 2633  - [39m06/03/2026, 7:41:58 PM [32m    LOG[39m [38;5;3m[InstanceLoader] [39m[32mDiscoveryModule dependencies initialized[39m[38;5;3m +0ms[39m
[32m[Nest] 2633  - [39m06/03/2026, 7:41:58 PM [32m    LOG[39m [38;5;3m[InstanceLoader] [39m[32mTerminusModule dependencies initialized[39m[38;5;3m +1ms[39m
[32m[Nest] 2633  - [39m06/03/2026, 7:41:58 PM [32m    LOG[39m [38;5;3m[InstanceLoader] [39m[32mConfigModule dependencies initialized[39m[38;5;3m +0ms[39m
[32m[Nest] 2633  - [39m06/03/2026, 7:41:58 PM [32m    LOG[39m [38;5;3m[InstanceLoader] [39m[32mScheduleModule dependencies initialized[39m[38;5;3m +5ms[39m
[32m[Nest] 2633  - [39m06/03/2026, 7:41:58 PM [32m    LOG[39m [38;5;3m[InstanceLoader] [39m[32mRedisModule dependencies initialized[39m[38;5;3m +1ms[39m
[32m[Nest] 2633  - [39m06/03/2026, 7:41:58 PM [32m    LOG[39m [38;5;3m[InstanceLoader] [39m[32mEmailModule dependencies initialized[39m[38;5;3m +0ms[39m
[32m[Nest] 2633  - [39m06/03/2026, 7:41:58 PM [32m    LOG[39m [38;5;3m[InstanceLoader] [39m[32mProfileModule dependencies initialized[39m[38;5;3m +2ms[39m
[32m[Nest] 2633  - [39m06/03/2026, 7:41:58 PM [32m    LOG[39m [38;5;3m[InstanceLoader] [39m[32mAnalyticsModule dependencies initialized[39m[38;5;3m +0ms[39m
[32m[Nest] 2633  - [39m06/03/2026, 7:41:58 PM [32m    LOG[39m [38;5;3m[InstanceLoader] [39m[32mPayoutsModule dependencies initialized[39m[38;5;3m +0ms[39m
[32m[Nest] 2633  - [39m06/03/2026, 7:41:58 PM [32m    LOG[39m [38;5;3m[InstanceLoader] [39m[32mReferralsModule dependencies initialized[39m[38;5;3m +0ms[39m
[32m[Nest] 2633  - [39m06/03/2026, 7:41:58 PM [32m    LOG[39m [38;5;3m[InstanceLoader] [39m[32mAuthModule dependencies initialized[39m[38;5;3m +1ms[39m
[32m[Nest] 2633  - [39m06/03/2026, 7:41:58 PM [32m    LOG[39m [38;5;3m[InstanceLoader] [39m[32mHealthModule dependencies initialized[39m[38;5;3m +0ms[39m
[32m[Nest] 2633  - [39m06/03/2026, 7:41:58 PM [32m    LOG[39m [38;5;3m[InstanceLoader] [39m[32mWebhookModule dependencies initialized[39m[38;5;3m +0ms[39m
[32m[Nest] 2633  - [39m06/03/2026, 7:41:58 PM [32m    LOG[39m [38;5;3m[InstanceLoader] [39m[32mAmoModule dependencies initialized[39m[38;5;3m +2ms[39m
[32m[Nest] 2633  - [39m06/03/2026, 7:41:58 PM [32m    LOG[39m [38;5;3m[InstanceLoader] [39m[32mAdminModule dependencies initialized[39m[38;5;3m +0ms[39m
[32m[Nest] 2633  - [39m06/03/2026, 7:41:58 PM [32m    LOG[39m [38;5;3m[InstanceLoader] [39m[32mLeadsModule dependencies initialized[39m[38;5;3m +0ms[39m
[32m[Nest] 2633  - [39m06/03/2026, 7:41:58 PM [32m    LOG[39m [38;5;3m[RoutesResolver] [39m[32mHealthController {/api/v1/health}:[39m[38;5;3m +15ms[39m
[32m[Nest] 2633  - [39m06/03/2026, 7:41:58 PM [32m    LOG[39m [38;5;3m[RouterExplorer] [39m[32mMapped {/api/v1/health, GET} route[39m[38;5;3m +3ms[39m
[32m[Nest] 2633  - [39m06/03/2026, 7:41:58 PM [32m    LOG[39m [38;5;3m[RoutesResolver] [39m[32mAuthController {/api/v1/auth}:[39m[38;5;3m +0ms[39m
[32m[Nest] 2633  - [39m06/03/2026, 7:41:58 PM [32m    LOG[39m [38;5;3m[RouterExplorer] [39m[32mMapped {/api/v1/auth/login, POST} route[39m[38;5;3m +1ms[39m
[32m[Nest] 2633  - [39m06/03/2026, 7:41:58 PM [32m    LOG[39m [38;5;3m[RouterExplorer] [39m[32mMapped {/api/v1/auth/register, POST} route[39m[38;5;3m +0ms[39m
[32m[Nest] 2633  - [39m06/03/2026, 7:41:58 PM [32m    LOG[39m [38;5;3m[RouterExplorer] [39m[32mMapped {/api/v1/auth/refresh, POST} route[39m[38;5;3m +0ms[39m
[32m[Nest] 2633  - [39m06/03/2026, 7:41:58 PM [32m    LOG[39m [38;5;3m[RouterExplorer] [39m[32mMapped {/api/v1/auth/logout, POST} route[39m[38;5;3m +0ms[39m
[32m[Nest] 2633  - [39m06/03/2026, 7:41:58 PM [32m    LOG[39m [38;5;3m[RouterExplorer] [39m[32mMapped {/api/v1/auth/password/forgot, POST} route[39m[38;5;3m +1ms[39m
[32m[Nest] 2633  - [39m06/03/2026, 7:41:58 PM [32m    LOG[39m [38;5;3m[RouterExplorer] [39m[32mMapped {/api/v1/auth/password/reset, POST} route[39m[38;5;3m +0ms[39m
[32m[Nest] 2633  - [39m06/03/2026, 7:41:58 PM [32m    LOG[39m [38;5;3m[RoutesResolver] [39m[32mLeadsController {/api/v1/leads}:[39m[38;5;3m +0ms[39m
[32m[Nest] 2633  - [39m06/03/2026, 7:41:58 PM [32m    LOG[39m [38;5;3m[RouterExplorer] [39m[32mMapped {/api/v1/leads, GET} route[39m[38;5;3m +1ms[39m
[32m[Nest] 2633  - [39m06/03/2026, 7:41:58 PM [32m    LOG[39m [38;5;3m[RouterExplorer] [39m[32mMapped {/api/v1/leads, POST} route[39m[38;5;3m +5ms[39m
[32m[Nest] 2633  - [39m06/03/2026, 7:41:58 PM [32m    LOG[39m [38;5;3m[RouterExplorer] [39m[32mMapped {/api/v1/leads/board, GET} route[39m[38;5;3m +1ms[39m
[32m[Nest] 2633  - [39m06/03/2026, 7:41:58 PM [32m    LOG[39m [38;5;3m[RouterExplorer] [39m[32mMapped {/api/v1/leads/:id, GET} route[39m[38;5;3m +0ms[39m
[32m[Nest] 2633  - [39m06/03/2026, 7:41:58 PM [32m    LOG[39m [38;5;3m[RouterExplorer] [39m[32mMapped {/api/v1/leads/:id/history, GET} route[39m[38;5;3m +0ms[39m
[32m[Nest] 2633  - [39m06/03/2026, 7:41:58 PM [32m    LOG[39m [38;5;3m[RouterExplorer] [39m[32mMapped {/api/v1/leads/:id/notes, GET} route[39m[38;5;3m +0ms[39m
[32m[Nest] 2633  - [39m06/03/2026, 7:41:58 PM [32m    LOG[39m [38;5;3m[RouterExplorer] [39m[32mMapped {/api/v1/leads/:id/notes, POST} route[39m[38;5;3m +0ms[39m
[32m[Nest] 2633  - [39m06/03/2026, 7:41:58 PM [32m    LOG[39m [38;5;3m[RoutesResolver] [39m[32mAmoController {/api/v1/amo-crm}:[39m[38;5;3m +0ms[39m
[32m[Nest] 2633  - [39m06/03/2026, 7:41:58 PM [32m    LOG[39m [38;5;3m[RouterExplorer] [39m[32mMapped {/api/v1/amo-crm/connect, GET} route[39m[38;5;3m +1ms[39m
[32m[Nest] 2633  - [39m06/03/2026, 7:41:58 PM [32m    LOG[39m [38;5;3m[RouterExplorer] [39m[32mMapped {/api/v1/amo-crm/callback, GET} route[39m[38;5;3m +0ms[39m
[32m[Nest] 2633  - [39m06/03/2026, 7:41:58 PM [32m    LOG[39m [38;5;3m[RouterExplorer] [39m[32mMapped {/api/v1/amo-crm/backfill, POST} route[39m[38;5;3m +0ms[39m
[32m[Nest] 2633  - [39m06/03/2026, 7:41:58 PM [32m    LOG[39m [38;5;3m[RouterExplorer] [39m[32mMapped {/api/v1/amo-crm/backfill-history, POST} route[39m[38;5;3m +3ms[39m
[32m[Nest] 2633  - [39m06/03/2026, 7:41:58 PM [32m    LOG[39m [38;5;3m[RouterExplorer] [39m[32mMapped {/api/v1/amo-crm/sources, GET} route[39m[38;5;3m +0ms[39m
[32m[Nest] 2633  - [39m06/03/2026, 7:41:58 PM [32m    LOG[39m [38;5;3m[RouterExplorer] [39m[32mMapped {/api/v1/amo-crm/tags, GET} route[39m[38;5;3m +0ms[39m
[32m[Nest] 2633  - [39m06/03/2026, 7:41:58 PM [32m    LOG[39m [38;5;3m[RouterExplorer] [39m[32mMapped {/api/v1/amo-crm/pipelines, GET} route[39m[38;5;3m +1ms[39m
[32m[Nest] 2633  - [39m06/03/2026, 7:41:58 PM [32m    LOG[39m [38;5;3m[RoutesResolver] [39m[32mAdminController {/api/v1/admin/partners}:[39m[38;5;3m +0ms[39m
[32m[Nest] 2633  - [39m06/03/2026, 7:41:58 PM [32m    LOG[39m [38;5;3m[RouterExplorer] [39m[32mMapped {/api/v1/admin/partners, GET} route[39m[38;5;3m +0ms[39m
[32m[Nest] 2633  - [39m06/03/2026, 7:41:58 PM [32m    LOG[39m [38;5;3m[RouterExplorer] [39m[32mMapped {/api/v1/admin/partners, POST} route[39m[38;5;3m +0ms[39m
[32m[Nest] 2633  - [39m06/03/2026, 7:41:58 PM [32m    LOG[39m [38;5;3m[RouterExplorer] [39m[32mMapped {/api/v1/admin/partners/:id, PUT} route[39m[38;5;3m +0ms[39m
[32m[Nest] 2633  - [39m06/03/2026, 7:41:58 PM [32m    LOG[39m [38;5;3m[RouterExplorer] [39m[32mMapped {/api/v1/admin/partners/:id, DELETE} route[39m[38;5;3m +1ms[39m
[32m[Nest] 2633  - [39m06/03/2026, 7:41:58 PM [32m    LOG[39m [38;5;3m[RouterExplorer] [39m[32mMapped {/api/v1/admin/partners/sync, POST} route[39m[38;5;3m +1ms[39m
[32m[Nest] 2633  - [39m06/03/2026, 7:41:58 PM [32m    LOG[39m [38;5;3m[RoutesResolver] [39m[32mWebhookController {/api/v1/webhook}:[39m[38;5;3m +0ms[39m
[32m[Nest] 2633  - [39m06/03/2026, 7:41:58 PM [32m    LOG[39m [38;5;3m[RouterExplorer] [39m[32mMapped {/api/v1/webhook/amocrm, POST} route[39m[38;5;3m +0ms[39m
[32m[Nest] 2633  - [39m06/03/2026, 7:41:58 PM [32m    LOG[39m [38;5;3m[RoutesResolver] [39m[32mProfileController {/api/v1/profile}:[39m[38;5;3m +0ms[39m
[32m[Nest] 2633  - [39m06/03/2026, 7:41:58 PM [32m    LOG[39m [38;5;3m[RouterExplorer] [39m[32mMapped {/api/v1/profile, GET} route[39m[38;5;3m +2ms[39m
[32m[Nest] 2633  - [39m06/03/2026, 7:41:58 PM [32m    LOG[39m [38;5;3m[RouterExplorer] [39m[32mMapped {/api/v1/profile/notifications, PUT} route[39m[38;5;3m +0ms[39m
[32m[Nest] 2633  - [39m06/03/2026, 7:41:58 PM [32m    LOG[39m [38;5;3m[RouterExplorer] [39m[32mMapped {/api/v1/profile/password, PUT} route[39m[38;5;3m +0ms[39m
[32m[Nest] 2633  - [39m06/03/2026, 7:41:58 PM [32m    LOG[39m [38;5;3m[RoutesResolver] [39m[32mAnalyticsController {/api/v1/analytics}:[39m[38;5;3m +0ms[39m
[32m[Nest] 2633  - [39m06/03/2026, 7:41:58 PM [32m    LOG[39m [38;5;3m[RouterExplorer] [39m[32mMapped {/api/v1/analytics/dashboard, GET} route[39m[38;5;3m +0ms[39m
[32m[Nest] 2633  - [39m06/03/2026, 7:41:58 PM [32m    LOG[39m [38;5;3m[RoutesResolver] [39m[32mPayoutsController {/api/v1/payouts}:[39m[38;5;3m +0ms[39m
[32m[Nest] 2633  - [39m06/03/2026, 7:41:58 PM [32m    LOG[39m [38;5;3m[RouterExplorer] [39m[32mMapped {/api/v1/payouts, GET} route[39m[38;5;3m +1ms[39m
[32m[Nest] 2633  - [39m06/03/2026, 7:41:58 PM [32m    LOG[39m [38;5;3m[RoutesResolver] [39m[32mReferralsController {/api/v1/referrals}:[39m[38;5;3m +0ms[39m
[32m[Nest] 2633  - [39m06/03/2026, 7:41:58 PM [32m    LOG[39m [38;5;3m[RouterExplorer] [39m[32mMapped {/api/v1/referrals, GET} route[39m[38;5;3m +0ms[39m
[32m[Nest] 2633  - [39m06/03/2026, 7:41:58 PM [32m    LOG[39m [38;5;3m[PrismaService] [39m[32mDatabase connected[39m
[32m[Nest] 2633  - [39m06/03/2026, 7:41:58 PM [32m    LOG[39m [38;5;3m[NestApplication] [39m[32mNest application successfully started[39m[38;5;3m +155ms[39m
[31m[Nest] 2633  - [39m06/03/2026, 7:41:58 PM [31m  ERROR[39m [38;5;3m[NestApplication] [39m[31mError: listen EADDRINUSE: address already in use :::3001[39m[38;5;3m +14ms[39m
node:net:1912
    const ex = new UVExceptionWithHostPort(err, 'listen', address, port);
               ^

Error: listen EADDRINUSE: address already in use :::3001
    at Server.setupListenHandle [as _listen2] (node:net:1912:16)
    at listenInCluster (node:net:1969:12)
    at Server.listen (node:net:2074:7)
    at ExpressAdapter.listen (/Users/vytvytskyi/foryou_partners/backend/node_modules/@nestjs/platform-express/adapters/express-adapter.js:95:32)
    at /Users/vytvytskyi/foryou_partners/backend/node_modules/@nestjs/core/nest-application.js:183:30
    at new Promise (<anonymous>)
    at NestApplication.listen (/Users/vytvytskyi/foryou_partners/backend/node_modules/@nestjs/core/nest-application.js:173:16)
    at async bootstrap (/Users/vytvytskyi/foryou_partners/backend/src/main.ts:75:3) {
  code: 'EADDRINUSE',
  errno: -48,
  syscall: 'listen',
  address: '::',
  port: 3001
}

Node.js v22.12.0
[2J[3J[H[[90m7:42:15 PM[0m] File change detected. Starting incremental compilation...

[[90m7:42:17 PM[0m] Found 0 errors. Watching for file changes.

[32m[Nest] 2685  - [39m06/03/2026, 7:42:21 PM [32m    LOG[39m [38;5;3m[NestFactory] [39m[32mStarting Nest application...[39m
[32m[Nest] 2685  - [39m06/03/2026, 7:42:21 PM [32m    LOG[39m [38;5;3m[InstanceLoader] [39m[32mAppModule dependencies initialized[39m[38;5;3m +31ms[39m
[32m[Nest] 2685  - [39m06/03/2026, 7:42:21 PM [32m    LOG[39m [38;5;3m[InstanceLoader] [39m[32mConfigModule dependencies initialized[39m[38;5;3m +0ms[39m
[32m[Nest] 2685  - [39m06/03/2026, 7:42:21 PM [32m    LOG[39m [38;5;3m[InstanceLoader] [39m[32mDatabaseModule dependencies initialized[39m[38;5;3m +28ms[39m
[32m[Nest] 2685  - [39m06/03/2026, 7:42:21 PM [32m    LOG[39m [38;5;3m[InstanceLoader] [39m[32mPassportModule dependencies initialized[39m[38;5;3m +1ms[39m
[32m[Nest] 2685  - [39m06/03/2026, 7:42:21 PM [32m    LOG[39m [38;5;3m[InstanceLoader] [39m[32mThrottlerModule dependencies initialized[39m[38;5;3m +18ms[39m
[32m[Nest] 2685  - [39m06/03/2026, 7:42:21 PM [32m    LOG[39m [38;5;3m[InstanceLoader] [39m[32mJwtModule dependencies initialized[39m[38;5;3m +1ms[39m
[32m[Nest] 2685  - [39m06/03/2026, 7:42:21 PM [32m    LOG[39m [38;5;3m[InstanceLoader] [39m[32mConfigHostModule dependencies initialized[39m[38;5;3m +0ms[39m
[32m[Nest] 2685  - [39m06/03/2026, 7:42:21 PM [32m    LOG[39m [38;5;3m[InstanceLoader] [39m[32mAuditModule dependencies initialized[39m[38;5;3m +0ms[39m
[32m[Nest] 2685  - [39m06/03/2026, 7:42:21 PM [32m    LOG[39m [38;5;3m[InstanceLoader] [39m[32mDiscoveryModule dependencies initialized[39m[38;5;3m +1ms[39m
[32m[Nest] 2685  - [39m06/03/2026, 7:42:21 PM [32m    LOG[39m [38;5;3m[InstanceLoader] [39m[32mTerminusModule dependencies initialized[39m[38;5;3m +1ms[39m
[32m[Nest] 2685  - [39m06/03/2026, 7:42:21 PM [32m    LOG[39m [38;5;3m[InstanceLoader] [39m[32mConfigModule dependencies initialized[39m[38;5;3m +0ms[39m
[32m[Nest] 2685  - [39m06/03/2026, 7:42:21 PM [32m    LOG[39m [38;5;3m[InstanceLoader] [39m[32mScheduleModule dependencies initialized[39m[38;5;3m +6ms[39m
[32m[Nest] 2685  - [39m06/03/2026, 7:42:21 PM [32m    LOG[39m [38;5;3m[InstanceLoader] [39m[32mRedisModule dependencies initialized[39m[38;5;3m +1ms[39m
[32m[Nest] 2685  - [39m06/03/2026, 7:42:21 PM [32m    LOG[39m [38;5;3m[InstanceLoader] [39m[32mEmailModule dependencies initialized[39m[38;5;3m +0ms[39m
[32m[Nest] 2685  - [39m06/03/2026, 7:42:21 PM [32m    LOG[39m [38;5;3m[InstanceLoader] [39m[32mProfileModule dependencies initialized[39m[38;5;3m +1ms[39m
[32m[Nest] 2685  - [39m06/03/2026, 7:42:21 PM [32m    LOG[39m [38;5;3m[InstanceLoader] [39m[32mAnalyticsModule dependencies initialized[39m[38;5;3m +0ms[39m
[32m[Nest] 2685  - [39m06/03/2026, 7:42:21 PM [32m    LOG[39m [38;5;3m[InstanceLoader] [39m[32mPayoutsModule dependencies initialized[39m[38;5;3m +0ms[39m
[32m[Nest] 2685  - [39m06/03/2026, 7:42:21 PM [32m    LOG[39m [38;5;3m[InstanceLoader] [39m[32mReferralsModule dependencies initialized[39m[38;5;3m +0ms[39m
[32m[Nest] 2685  - [39m06/03/2026, 7:42:21 PM [32m    LOG[39m [38;5;3m[InstanceLoader] [39m[32mAuthModule dependencies initialized[39m[38;5;3m +1ms[39m
[32m[Nest] 2685  - [39m06/03/2026, 7:42:21 PM [32m    LOG[39m [38;5;3m[InstanceLoader] [39m[32mHealthModule dependencies initialized[39m[38;5;3m +0ms[39m
[32m[Nest] 2685  - [39m06/03/2026, 7:42:21 PM [32m    LOG[39m [38;5;3m[InstanceLoader] [39m[32mWebhookModule dependencies initialized[39m[38;5;3m +0ms[39m
[32m[Nest] 2685  - [39m06/03/2026, 7:42:21 PM [32m    LOG[39m [38;5;3m[InstanceLoader] [39m[32mAmoModule dependencies initialized[39m[38;5;3m +1ms[39m
[32m[Nest] 2685  - [39m06/03/2026, 7:42:21 PM [32m    LOG[39m [38;5;3m[InstanceLoader] [39m[32mAdminModule dependencies initialized[39m[38;5;3m +3ms[39m
[32m[Nest] 2685  - [39m06/03/2026, 7:42:21 PM [32m    LOG[39m [38;5;3m[InstanceLoader] [39m[32mLeadsModule dependencies initialized[39m[38;5;3m +1ms[39m
[32m[Nest] 2685  - [39m06/03/2026, 7:42:21 PM [32m    LOG[39m [38;5;3m[RoutesResolver] [39m[32mHealthController {/api/v1/health}:[39m[38;5;3m +13ms[39m
[32m[Nest] 2685  - [39m06/03/2026, 7:42:21 PM [32m    LOG[39m [38;5;3m[RouterExplorer] [39m[32mMapped {/api/v1/health, GET} route[39m[38;5;3m +2ms[39m
[32m[Nest] 2685  - [39m06/03/2026, 7:42:21 PM [32m    LOG[39m [38;5;3m[RoutesResolver] [39m[32mAuthController {/api/v1/auth}:[39m[38;5;3m +0ms[39m
[32m[Nest] 2685  - [39m06/03/2026, 7:42:21 PM [32m    LOG[39m [38;5;3m[RouterExplorer] [39m[32mMapped {/api/v1/auth/login, POST} route[39m[38;5;3m +1ms[39m
[32m[Nest] 2685  - [39m06/03/2026, 7:42:21 PM [32m    LOG[39m [38;5;3m[RouterExplorer] [39m[32mMapped {/api/v1/auth/register, POST} route[39m[38;5;3m +0ms[39m
[32m[Nest] 2685  - [39m06/03/2026, 7:42:21 PM [32m    LOG[39m [38;5;3m[RouterExplorer] [39m[32mMapped {/api/v1/auth/refresh, POST} route[39m[38;5;3m +1ms[39m
[32m[Nest] 2685  - [39m06/03/2026, 7:42:21 PM [32m    LOG[39m [38;5;3m[RouterExplorer] [39m[32mMapped {/api/v1/auth/logout, POST} route[39m[38;5;3m +0ms[39m
[32m[Nest] 2685  - [39m06/03/2026, 7:42:21 PM [32m    LOG[39m [38;5;3m[RouterExplorer] [39m[32mMapped {/api/v1/auth/password/forgot, POST} route[39m[38;5;3m +0ms[39m
[32m[Nest] 2685  - [39m06/03/2026, 7:42:21 PM [32m    LOG[39m [38;5;3m[RouterExplorer] [39m[32mMapped {/api/v1/auth/password/reset, POST} route[39m[38;5;3m +0ms[39m
[32m[Nest] 2685  - [39m06/03/2026, 7:42:21 PM [32m    LOG[39m [38;5;3m[RoutesResolver] [39m[32mLeadsController {/api/v1/leads}:[39m[38;5;3m +0ms[39m
[32m[Nest] 2685  - [39m06/03/2026, 7:42:21 PM [32m    LOG[39m [38;5;3m[RouterExplorer] [39m[32mMapped {/api/v1/leads, GET} route[39m[38;5;3m +0ms[39m
[32m[Nest] 2685  - [39m06/03/2026, 7:42:21 PM [32m    LOG[39m [38;5;3m[RouterExplorer] [39m[32mMapped {/api/v1/leads, POST} route[39m[38;5;3m +1ms[39m
[32m[Nest] 2685  - [39m06/03/2026, 7:42:21 PM [32m    LOG[39m [38;5;3m[RouterExplorer] [39m[32mMapped {/api/v1/leads/board, GET} route[39m[38;5;3m +1ms[39m
[32m[Nest] 2685  - [39m06/03/2026, 7:42:21 PM [32m    LOG[39m [38;5;3m[RouterExplorer] [39m[32mMapped {/api/v1/leads/:id, GET} route[39m[38;5;3m +0ms[39m
[32m[Nest] 2685  - [39m06/03/2026, 7:42:21 PM [32m    LOG[39m [38;5;3m[RouterExplorer] [39m[32mMapped {/api/v1/leads/:id/history, GET} route[39m[38;5;3m +0ms[39m
[32m[Nest] 2685  - [39m06/03/2026, 7:42:21 PM [32m    LOG[39m [38;5;3m[RouterExplorer] [39m[32mMapped {/api/v1/leads/:id/notes, GET} route[39m[38;5;3m +1ms[39m
[32m[Nest] 2685  - [39m06/03/2026, 7:42:21 PM [32m    LOG[39m [38;5;3m[RouterExplorer] [39m[32mMapped {/api/v1/leads/:id/notes, POST} route[39m[38;5;3m +0ms[39m
[32m[Nest] 2685  - [39m06/03/2026, 7:42:21 PM [32m    LOG[39m [38;5;3m[RoutesResolver] [39m[32mAmoController {/api/v1/amo-crm}:[39m[38;5;3m +0ms[39m
[32m[Nest] 2685  - [39m06/03/2026, 7:42:21 PM [32m    LOG[39m [38;5;3m[RouterExplorer] [39m[32mMapped {/api/v1/amo-crm/connect, GET} route[39m[38;5;3m +0ms[39m
[32m[Nest] 2685  - [39m06/03/2026, 7:42:21 PM [32m    LOG[39m [38;5;3m[RouterExplorer] [39m[32mMapped {/api/v1/amo-crm/callback, GET} route[39m[38;5;3m +0ms[39m
[32m[Nest] 2685  - [39m06/03/2026, 7:42:21 PM [32m    LOG[39m [38;5;3m[RouterExplorer] [39m[32mMapped {/api/v1/amo-crm/backfill, POST} route[39m[38;5;3m +0ms[39m
[32m[Nest] 2685  - [39m06/03/2026, 7:42:21 PM [32m    LOG[39m [38;5;3m[RouterExplorer] [39m[32mMapped {/api/v1/amo-crm/backfill-history, POST} route[39m[38;5;3m +1ms[39m
[32m[Nest] 2685  - [39m06/03/2026, 7:42:21 PM [32m    LOG[39m [38;5;3m[RouterExplorer] [39m[32mMapped {/api/v1/amo-crm/sources, GET} route[39m[38;5;3m +0ms[39m
[32m[Nest] 2685  - [39m06/03/2026, 7:42:21 PM [32m    LOG[39m [38;5;3m[RouterExplorer] [39m[32mMapped {/api/v1/amo-crm/tags, GET} route[39m[38;5;3m +0ms[39m
[32m[Nest] 2685  - [39m06/03/2026, 7:42:21 PM [32m    LOG[39m [38;5;3m[RouterExplorer] [39m[32mMapped {/api/v1/amo-crm/pipelines, GET} route[39m[38;5;3m +0ms[39m
[32m[Nest] 2685  - [39m06/03/2026, 7:42:21 PM [32m    LOG[39m [38;5;3m[RoutesResolver] [39m[32mAdminController {/api/v1/admin/partners}:[39m[38;5;3m +0ms[39m
[32m[Nest] 2685  - [39m06/03/2026, 7:42:21 PM [32m    LOG[39m [38;5;3m[RouterExplorer] [39m[32mMapped {/api/v1/admin/partners, GET} route[39m[38;5;3m +0ms[39m
[32m[Nest] 2685  - [39m06/03/2026, 7:42:21 PM [32m    LOG[39m [38;5;3m[RouterExplorer] [39m[32mMapped {/api/v1/admin/partners, POST} route[39m[38;5;3m +1ms[39m
[32m[Nest] 2685  - [39m06/03/2026, 7:42:21 PM [32m    LOG[39m [38;5;3m[RouterExplorer] [39m[32mMapped {/api/v1/admin/partners/:id, PUT} route[39m[38;5;3m +0ms[39m
[32m[Nest] 2685  - [39m06/03/2026, 7:42:21 PM [32m    LOG[39m [38;5;3m[RouterExplorer] [39m[32mMapped {/api/v1/admin/partners/:id, DELETE} route[39m[38;5;3m +0ms[39m
[32m[Nest] 2685  - [39m06/03/2026, 7:42:21 PM [32m    LOG[39m [38;5;3m[RouterExplorer] [39m[32mMapped {/api/v1/admin/partners/sync, POST} route[39m[38;5;3m +0ms[39m
[32m[Nest] 2685  - [39m06/03/2026, 7:42:21 PM [32m    LOG[39m [38;5;3m[RoutesResolver] [39m[32mWebhookController {/api/v1/webhook}:[39m[38;5;3m +0ms[39m
[32m[Nest] 2685  - [39m06/03/2026, 7:42:21 PM [32m    LOG[39m [38;5;3m[RouterExplorer] [39m[32mMapped {/api/v1/webhook/amocrm, POST} route[39m[38;5;3m +0ms[39m
[32m[Nest] 2685  - [39m06/03/2026, 7:42:21 PM [32m    LOG[39m [38;5;3m[RoutesResolver] [39m[32mProfileController {/api/v1/profile}:[39m[38;5;3m +0ms[39m
[32m[Nest] 2685  - [39m06/03/2026, 7:42:21 PM [32m    LOG[39m [38;5;3m[RouterExplorer] [39m[32mMapped {/api/v1/profile, GET} route[39m[38;5;3m +0ms[39m
[32m[Nest] 2685  - [39m06/03/2026, 7:42:21 PM [32m    LOG[39m [38;5;3m[RouterExplorer] [39m[32mMapped {/api/v1/profile/notifications, PUT} route[39m[38;5;3m +0ms[39m
[32m[Nest] 2685  - [39m06/03/2026, 7:42:21 PM [32m    LOG[39m [38;5;3m[RouterExplorer] [39m[32mMapped {/api/v1/profile/password, PUT} route[39m[38;5;3m +0ms[39m
[32m[Nest] 2685  - [39m06/03/2026, 7:42:21 PM [32m    LOG[39m [38;5;3m[RoutesResolver] [39m[32mAnalyticsController {/api/v1/analytics}:[39m[38;5;3m +0ms[39m
[32m[Nest] 2685  - [39m06/03/2026, 7:42:21 PM [32m    LOG[39m [38;5;3m[RouterExplorer] [39m[32mMapped {/api/v1/analytics/dashboard, GET} route[39m[38;5;3m +0ms[39m
[32m[Nest] 2685  - [39m06/03/2026, 7:42:21 PM [32m    LOG[39m [38;5;3m[RoutesResolver] [39m[32mPayoutsController {/api/v1/payouts}:[39m[38;5;3m +0ms[39m
[32m[Nest] 2685  - [39m06/03/2026, 7:42:21 PM [32m    LOG[39m [38;5;3m[RouterExplorer] [39m[32mMapped {/api/v1/payouts, GET} route[39m[38;5;3m +0ms[39m
[32m[Nest] 2685  - [39m06/03/2026, 7:42:21 PM [32m    LOG[39m [38;5;3m[RoutesResolver] [39m[32mReferralsController {/api/v1/referrals}:[39m[38;5;3m +0ms[39m
[32m[Nest] 2685  - [39m06/03/2026, 7:42:21 PM [32m    LOG[39m [38;5;3m[RouterExplorer] [39m[32mMapped {/api/v1/referrals, GET} route[39m[38;5;3m +1ms[39m
[32m[Nest] 2685  - [39m06/03/2026, 7:42:21 PM [32m    LOG[39m [38;5;3m[PrismaService] [39m[32mDatabase connected[39m
[32m[Nest] 2685  - [39m06/03/2026, 7:42:21 PM [32m    LOG[39m [38;5;3m[NestApplication] [39m[32mNest application successfully started[39m[38;5;3m +51ms[39m
[31m[Nest] 2685  - [39m06/03/2026, 7:42:21 PM [31m  ERROR[39m [38;5;3m[NestApplication] [39m[31mError: listen EADDRINUSE: address already in use :::3001[39m[38;5;3m +2ms[39m
node:net:1912
    const ex = new UVExceptionWithHostPort(err, 'listen', address, port);
               ^

Error: listen EADDRINUSE: address already in use :::3001
    at Server.setupListenHandle [as _listen2] (node:net:1912:16)
    at listenInCluster (node:net:1969:12)
    at Server.listen (node:net:2074:7)
    at ExpressAdapter.listen (/Users/vytvytskyi/foryou_partners/backend/node_modules/@nestjs/platform-express/adapters/express-adapter.js:95:32)
    at /Users/vytvytskyi/foryou_partners/backend/node_modules/@nestjs/core/nest-application.js:183:30
    at new Promise (<anonymous>)
    at NestApplication.listen (/Users/vytvytskyi/foryou_partners/backend/node_modules/@nestjs/core/nest-application.js:173:16)
    at async bootstrap (/Users/vytvytskyi/foryou_partners/backend/src/main.ts:75:3) {
  code: 'EADDRINUSE',
  errno: -48,
  syscall: 'listen',
  address: '::',
  port: 3001
}

Node.js v22.12.0
[2J[3J[H[[90m7:42:32 PM[0m] File change detected. Starting incremental compilation...

[[90m7:42:33 PM[0m] Found 0 errors. Watching for file changes.

[32m[Nest] 2743  - [39m06/03/2026, 7:42:40 PM [32m    LOG[39m [38;5;3m[NestFactory] [39m[32mStarting Nest application...[39m
[32m[Nest] 2743  - [39m06/03/2026, 7:42:40 PM [32m    LOG[39m [38;5;3m[InstanceLoader] [39m[32mAppModule dependencies initialized[39m[38;5;3m +224ms[39m
[32m[Nest] 2743  - [39m06/03/2026, 7:42:40 PM [32m    LOG[39m [38;5;3m[InstanceLoader] [39m[32mConfigModule dependencies initialized[39m[38;5;3m +1ms[39m
[32m[Nest] 2743  - [39m06/03/2026, 7:42:40 PM [32m    LOG[39m [38;5;3m[InstanceLoader] [39m[32mDatabaseModule dependencies initialized[39m[38;5;3m +5ms[39m
[32m[Nest] 2743  - [39m06/03/2026, 7:42:40 PM [32m    LOG[39m [38;5;3m[InstanceLoader] [39m[32mPassportModule dependencies initialized[39m[38;5;3m +0ms[39m
[32m[Nest] 2743  - [39m06/03/2026, 7:42:40 PM [32m    LOG[39m [38;5;3m[InstanceLoader] [39m[32mThrottlerModule dependencies initialized[39m[38;5;3m +10ms[39m
[32m[Nest] 2743  - [39m06/03/2026, 7:42:40 PM [32m    LOG[39m [38;5;3m[InstanceLoader] [39m[32mJwtModule dependencies initialized[39m[38;5;3m +0ms[39m
[32m[Nest] 2743  - [39m06/03/2026, 7:42:40 PM [32m    LOG[39m [38;5;3m[InstanceLoader] [39m[32mConfigHostModule dependencies initialized[39m[38;5;3m +1ms[39m
[32m[Nest] 2743  - [39m06/03/2026, 7:42:40 PM [32m    LOG[39m [38;5;3m[InstanceLoader] [39m[32mAuditModule dependencies initialized[39m[38;5;3m +0ms[39m
[32m[Nest] 2743  - [39m06/03/2026, 7:42:40 PM [32m    LOG[39m [38;5;3m[InstanceLoader] [39m[32mDiscoveryModule dependencies initialized[39m[38;5;3m +1ms[39m
[32m[Nest] 2743  - [39m06/03/2026, 7:42:40 PM [32m    LOG[39m [38;5;3m[InstanceLoader] [39m[32mTerminusModule dependencies initialized[39m[38;5;3m +0ms[39m
[32m[Nest] 2743  - [39m06/03/2026, 7:42:40 PM [32m    LOG[39m [38;5;3m[InstanceLoader] [39m[32mConfigModule dependencies initialized[39m[38;5;3m +0ms[39m
[32m[Nest] 2743  - [39m06/03/2026, 7:42:40 PM [32m    LOG[39m [38;5;3m[InstanceLoader] [39m[32mScheduleModule dependencies initialized[39m[38;5;3m +4ms[39m
[32m[Nest] 2743  - [39m06/03/2026, 7:42:40 PM [32m    LOG[39m [38;5;3m[InstanceLoader] [39m[32mRedisModule dependencies initialized[39m[38;5;3m +1ms[39m
[32m[Nest] 2743  - [39m06/03/2026, 7:42:40 PM [32m    LOG[39m [38;5;3m[InstanceLoader] [39m[32mEmailModule dependencies initialized[39m[38;5;3m +0ms[39m
[32m[Nest] 2743  - [39m06/03/2026, 7:42:40 PM [32m    LOG[39m [38;5;3m[InstanceLoader] [39m[32mProfileModule dependencies initialized[39m[38;5;3m +3ms[39m
[32m[Nest] 2743  - [39m06/03/2026, 7:42:40 PM [32m    LOG[39m [38;5;3m[InstanceLoader] [39m[32mAnalyticsModule dependencies initialized[39m[38;5;3m +0ms[39m
[32m[Nest] 2743  - [39m06/03/2026, 7:42:40 PM [32m    LOG[39m [38;5;3m[InstanceLoader] [39m[32mPayoutsModule dependencies initialized[39m[38;5;3m +0ms[39m
[32m[Nest] 2743  - [39m06/03/2026, 7:42:40 PM [32m    LOG[39m [38;5;3m[InstanceLoader] [39m[32mReferralsModule dependencies initialized[39m[38;5;3m +0ms[39m
[32m[Nest] 2743  - [39m06/03/2026, 7:42:40 PM [32m    LOG[39m [38;5;3m[InstanceLoader] [39m[32mAuthModule dependencies initialized[39m[38;5;3m +1ms[39m
[32m[Nest] 2743  - [39m06/03/2026, 7:42:40 PM [32m    LOG[39m [38;5;3m[InstanceLoader] [39m[32mHealthModule dependencies initialized[39m[38;5;3m +0ms[39m
[32m[Nest] 2743  - [39m06/03/2026, 7:42:40 PM [32m    LOG[39m [38;5;3m[InstanceLoader] [39m[32mWebhookModule dependencies initialized[39m[38;5;3m +0ms[39m
[32m[Nest] 2743  - [39m06/03/2026, 7:42:40 PM [32m    LOG[39m [38;5;3m[InstanceLoader] [39m[32mAmoModule dependencies initialized[39m[38;5;3m +1ms[39m
[32m[Nest] 2743  - [39m06/03/2026, 7:42:40 PM [32m    LOG[39m [38;5;3m[InstanceLoader] [39m[32mAdminModule dependencies initialized[39m[38;5;3m +0ms[39m
[32m[Nest] 2743  - [39m06/03/2026, 7:42:40 PM [32m    LOG[39m [38;5;3m[InstanceLoader] [39m[32mLeadsModule dependencies initialized[39m[38;5;3m +0ms[39m
[32m[Nest] 2743  - [39m06/03/2026, 7:42:40 PM [32m    LOG[39m [38;5;3m[RoutesResolver] [39m[32mHealthController {/api/v1/health}:[39m[38;5;3m +7ms[39m
[32m[Nest] 2743  - [39m06/03/2026, 7:42:40 PM [32m    LOG[39m [38;5;3m[RouterExplorer] [39m[32mMapped {/api/v1/health, GET} route[39m[38;5;3m +1ms[39m
[32m[Nest] 2743  - [39m06/03/2026, 7:42:40 PM [32m    LOG[39m [38;5;3m[RoutesResolver] [39m[32mAuthController {/api/v1/auth}:[39m[38;5;3m +1ms[39m
[32m[Nest] 2743  - [39m06/03/2026, 7:42:40 PM [32m    LOG[39m [38;5;3m[RouterExplorer] [39m[32mMapped {/api/v1/auth/login, POST} route[39m[38;5;3m +0ms[39m
[32m[Nest] 2743  - [39m06/03/2026, 7:42:40 PM [32m    LOG[39m [38;5;3m[RouterExplorer] [39m[32mMapped {/api/v1/auth/register, POST} route[39m[38;5;3m +0ms[39m
[32m[Nest] 2743  - [39m06/03/2026, 7:42:40 PM [32m    LOG[39m [38;5;3m[RouterExplorer] [39m[32mMapped {/api/v1/auth/refresh, POST} route[39m[38;5;3m +0ms[39m
[32m[Nest] 2743  - [39m06/03/2026, 7:42:40 PM [32m    LOG[39m [38;5;3m[RouterExplorer] [39m[32mMapped {/api/v1/auth/logout, POST} route[39m[38;5;3m +1ms[39m
[32m[Nest] 2743  - [39m06/03/2026, 7:42:40 PM [32m    LOG[39m [38;5;3m[RouterExplorer] [39m[32mMapped {/api/v1/auth/password/forgot, POST} route[39m[38;5;3m +0ms[39m
[32m[Nest] 2743  - [39m06/03/2026, 7:42:40 PM [32m    LOG[39m [38;5;3m[RouterExplorer] [39m[32mMapped {/api/v1/auth/password/reset, POST} route[39m[38;5;3m +0ms[39m
[32m[Nest] 2743  - [39m06/03/2026, 7:42:40 PM [32m    LOG[39m [38;5;3m[RoutesResolver] [39m[32mLeadsController {/api/v1/leads}:[39m[38;5;3m +0ms[39m
[32m[Nest] 2743  - [39m06/03/2026, 7:42:40 PM [32m    LOG[39m [38;5;3m[RouterExplorer] [39m[32mMapped {/api/v1/leads, GET} route[39m[38;5;3m +1ms[39m
[32m[Nest] 2743  - [39m06/03/2026, 7:42:40 PM [32m    LOG[39m [38;5;3m[RouterExplorer] [39m[32mMapped {/api/v1/leads, POST} route[39m[38;5;3m +1ms[39m
[32m[Nest] 2743  - [39m06/03/2026, 7:42:40 PM [32m    LOG[39m [38;5;3m[RouterExplorer] [39m[32mMapped {/api/v1/leads/board, GET} route[39m[38;5;3m +0ms[39m
[32m[Nest] 2743  - [39m06/03/2026, 7:42:40 PM [32m    LOG[39m [38;5;3m[RouterExplorer] [39m[32mMapped {/api/v1/leads/:id, GET} route[39m[38;5;3m +1ms[39m
[32m[Nest] 2743  - [39m06/03/2026, 7:42:40 PM [32m    LOG[39m [38;5;3m[RouterExplorer] [39m[32mMapped {/api/v1/leads/:id/history, GET} route[39m[38;5;3m +0ms[39m
[32m[Nest] 2743  - [39m06/03/2026, 7:42:40 PM [32m    LOG[39m [38;5;3m[RouterExplorer] [39m[32mMapped {/api/v1/leads/:id/notes, GET} route[39m[38;5;3m +0ms[39m
[32m[Nest] 2743  - [39m06/03/2026, 7:42:40 PM [32m    LOG[39m [38;5;3m[RouterExplorer] [39m[32mMapped {/api/v1/leads/:id/notes, POST} route[39m[38;5;3m +0ms[39m
[32m[Nest] 2743  - [39m06/03/2026, 7:42:40 PM [32m    LOG[39m [38;5;3m[RoutesResolver] [39m[32mAmoController {/api/v1/amo-crm}:[39m[38;5;3m +0ms[39m
[32m[Nest] 2743  - [39m06/03/2026, 7:42:40 PM [32m    LOG[39m [38;5;3m[RouterExplorer] [39m[32mMapped {/api/v1/amo-crm/connect, GET} route[39m[38;5;3m +1ms[39m
[32m[Nest] 2743  - [39m06/03/2026, 7:42:40 PM [32m    LOG[39m [38;5;3m[RouterExplorer] [39m[32mMapped {/api/v1/amo-crm/callback, GET} route[39m[38;5;3m +0ms[39m
[32m[Nest] 2743  - [39m06/03/2026, 7:42:40 PM [32m    LOG[39m [38;5;3m[RouterExplorer] [39m[32mMapped {/api/v1/amo-crm/backfill, POST} route[39m[38;5;3m +1ms[39m
[32m[Nest] 2743  - [39m06/03/2026, 7:42:40 PM [32m    LOG[39m [38;5;3m[RouterExplorer] [39m[32mMapped {/api/v1/amo-crm/backfill-history, POST} route[39m[38;5;3m +0ms[39m
[32m[Nest] 2743  - [39m06/03/2026, 7:42:40 PM [32m    LOG[39m [38;5;3m[RouterExplorer] [39m[32mMapped {/api/v1/amo-crm/sources, GET} route[39m[38;5;3m +0ms[39m
[32m[Nest] 2743  - [39m06/03/2026, 7:42:40 PM [32m    LOG[39m [38;5;3m[RouterExplorer] [39m[32mMapped {/api/v1/amo-crm/tags, GET} route[39m[38;5;3m +0ms[39m
[32m[Nest] 2743  - [39m06/03/2026, 7:42:40 PM [32m    LOG[39m [38;5;3m[RouterExplorer] [39m[32mMapped {/api/v1/amo-crm/pipelines, GET} route[39m[38;5;3m +0ms[39m
[32m[Nest] 2743  - [39m06/03/2026, 7:42:40 PM [32m    LOG[39m [38;5;3m[RoutesResolver] [39m[32mAdminController {/api/v1/admin/partners}:[39m[38;5;3m +0ms[39m
[32m[Nest] 2743  - [39m06/03/2026, 7:42:40 PM [32m    LOG[39m [38;5;3m[RouterExplorer] [39m[32mMapped {/api/v1/admin/partners, GET} route[39m[38;5;3m +0ms[39m
[32m[Nest] 2743  - [39m06/03/2026, 7:42:40 PM [32m    LOG[39m [38;5;3m[RouterExplorer] [39m[32mMapped {/api/v1/admin/partners, POST} route[39m[38;5;3m +0ms[39m
[32m[Nest] 2743  - [39m06/03/2026, 7:42:40 PM [32m    LOG[39m [38;5;3m[RouterExplorer] [39m[32mMapped {/api/v1/admin/partners/:id, PUT} route[39m[38;5;3m +0ms[39m
[32m[Nest] 2743  - [39m06/03/2026, 7:42:40 PM [32m    LOG[39m [38;5;3m[RouterExplorer] [39m[32mMapped {/api/v1/admin/partners/:id, DELETE} route[39m[38;5;3m +1ms[39m
[32m[Nest] 2743  - [39m06/03/2026, 7:42:40 PM [32m    LOG[39m [38;5;3m[RouterExplorer] [39m[32mMapped {/api/v1/admin/partners/sync, POST} route[39m[38;5;3m +0ms[39m
[32m[Nest] 2743  - [39m06/03/2026, 7:42:40 PM [32m    LOG[39m [38;5;3m[RoutesResolver] [39m[32mWebhookController {/api/v1/webhook}:[39m[38;5;3m +0ms[39m
[32m[Nest] 2743  - [39m06/03/2026, 7:42:40 PM [32m    LOG[39m [38;5;3m[RouterExplorer] [39m[32mMapped {/api/v1/webhook/amocrm, POST} route[39m[38;5;3m +0ms[39m
[32m[Nest] 2743  - [39m06/03/2026, 7:42:40 PM [32m    LOG[39m [38;5;3m[RoutesResolver] [39m[32mProfileController {/api/v1/profile}:[39m[38;5;3m +0ms[39m
[32m[Nest] 2743  - [39m06/03/2026, 7:42:40 PM [32m    LOG[39m [38;5;3m[RouterExplorer] [39m[32mMapped {/api/v1/profile, GET} route[39m[38;5;3m +0ms[39m
[32m[Nest] 2743  - [39m06/03/2026, 7:42:40 PM [32m    LOG[39m [38;5;3m[RouterExplorer] [39m[32mMapped {/api/v1/profile/notifications, PUT} route[39m[38;5;3m +2ms[39m
[32m[Nest] 2743  - [39m06/03/2026, 7:42:40 PM [32m    LOG[39m [38;5;3m[RouterExplorer] [39m[32mMapped {/api/v1/profile/password, PUT} route[39m[38;5;3m +0ms[39m
[32m[Nest] 2743  - [39m06/03/2026, 7:42:40 PM [32m    LOG[39m [38;5;3m[RoutesResolver] [39m[32mAnalyticsController {/api/v1/analytics}:[39m[38;5;3m +0ms[39m
[32m[Nest] 2743  - [39m06/03/2026, 7:42:40 PM [32m    LOG[39m [38;5;3m[RouterExplorer] [39m[32mMapped {/api/v1/analytics/dashboard, GET} route[39m[38;5;3m +0ms[39m
[32m[Nest] 2743  - [39m06/03/2026, 7:42:40 PM [32m    LOG[39m [38;5;3m[RoutesResolver] [39m[32mPayoutsController {/api/v1/payouts}:[39m[38;5;3m +0ms[39m
[32m[Nest] 2743  - [39m06/03/2026, 7:42:40 PM [32m    LOG[39m [38;5;3m[RouterExplorer] [39m[32mMapped {/api/v1/payouts, GET} route[39m[38;5;3m +1ms[39m
[32m[Nest] 2743  - [39m06/03/2026, 7:42:40 PM [32m    LOG[39m [38;5;3m[RouterExplorer] [39m[32mMapped {/api/v1/payouts/request, POST} route[39m[38;5;3m +0ms[39m
[32m[Nest] 2743  - [39m06/03/2026, 7:42:40 PM [32m    LOG[39m [38;5;3m[RoutesResolver] [39m[32mReferralsController {/api/v1/referrals}:[39m[38;5;3m +0ms[39m
[32m[Nest] 2743  - [39m06/03/2026, 7:42:40 PM [32m    LOG[39m [38;5;3m[RouterExplorer] [39m[32mMapped {/api/v1/referrals, GET} route[39m[38;5;3m +0ms[39m
[32m[Nest] 2743  - [39m06/03/2026, 7:42:40 PM [32m    LOG[39m [38;5;3m[PrismaService] [39m[32mDatabase connected[39m
[32m[Nest] 2743  - [39m06/03/2026, 7:42:40 PM [32m    LOG[39m [38;5;3m[NestApplication] [39m[32mNest application successfully started[39m[38;5;3m +28ms[39m
[31m[Nest] 2743  - [39m06/03/2026, 7:42:40 PM [31m  ERROR[39m [38;5;3m[NestApplication] [39m[31mError: listen EADDRINUSE: address already in use :::3001[39m[38;5;3m +1ms[39m
node:net:1912
    const ex = new UVExceptionWithHostPort(err, 'listen', address, port);
               ^

Error: listen EADDRINUSE: address already in use :::3001
    at Server.setupListenHandle [as _listen2] (node:net:1912:16)
    at listenInCluster (node:net:1969:12)
    at Server.listen (node:net:2074:7)
    at ExpressAdapter.listen (/Users/vytvytskyi/foryou_partners/backend/node_modules/@nestjs/platform-express/adapters/express-adapter.js:95:32)
    at /Users/vytvytskyi/foryou_partners/backend/node_modules/@nestjs/core/nest-application.js:183:30
    at new Promise (<anonymous>)
    at NestApplication.listen (/Users/vytvytskyi/foryou_partners/backend/node_modules/@nestjs/core/nest-application.js:173:16)
    at async bootstrap (/Users/vytvytskyi/foryou_partners/backend/src/main.ts:75:3) {
  code: 'EADDRINUSE',
  errno: -48,
  syscall: 'listen',
  address: '::',
  port: 3001
}

Node.js v22.12.0
[2J[3J[H[[90m8:12:40 PM[0m] File change detected. Starting incremental compilation...

[[90m8:12:44 PM[0m] Found 0 errors. Watching for file changes.

[32m[Nest] 4173  - [39m06/03/2026, 8:12:51 PM [32m    LOG[39m [38;5;3m[NestFactory] [39m[32mStarting Nest application...[39m
[32m[Nest] 4173  - [39m06/03/2026, 8:12:51 PM [32m    LOG[39m [38;5;3m[InstanceLoader] [39m[32mAppModule dependencies initialized[39m[38;5;3m +64ms[39m
[32m[Nest] 4173  - [39m06/03/2026, 8:12:51 PM [32m    LOG[39m [38;5;3m[InstanceLoader] [39m[32mConfigModule dependencies initialized[39m[38;5;3m +0ms[39m
[32m[Nest] 4173  - [39m06/03/2026, 8:12:52 PM [32m    LOG[39m [38;5;3m[InstanceLoader] [39m[32mDatabaseModule dependencies initialized[39m[38;5;3m +84ms[39m
[32m[Nest] 4173  - [39m06/03/2026, 8:12:52 PM [32m    LOG[39m [38;5;3m[InstanceLoader] [39m[32mPassportModule dependencies initialized[39m[38;5;3m +0ms[39m
[32m[Nest] 4173  - [39m06/03/2026, 8:12:52 PM [32m    LOG[39m [38;5;3m[InstanceLoader] [39m[32mThrottlerModule dependencies initialized[39m[38;5;3m +69ms[39m
[32m[Nest] 4173  - [39m06/03/2026, 8:12:52 PM [32m    LOG[39m [38;5;3m[InstanceLoader] [39m[32mJwtModule dependencies initialized[39m[38;5;3m +0ms[39m
[32m[Nest] 4173  - [39m06/03/2026, 8:12:52 PM [32m    LOG[39m [38;5;3m[InstanceLoader] [39m[32mConfigHostModule dependencies initialized[39m[38;5;3m +1ms[39m
[32m[Nest] 4173  - [39m06/03/2026, 8:12:52 PM [32m    LOG[39m [38;5;3m[InstanceLoader] [39m[32mAuditModule dependencies initialized[39m[38;5;3m +0ms[39m
[32m[Nest] 4173  - [39m06/03/2026, 8:12:52 PM [32m    LOG[39m [38;5;3m[InstanceLoader] [39m[32mDiscoveryModule dependencies initialized[39m[38;5;3m +0ms[39m
[32m[Nest] 4173  - [39m06/03/2026, 8:12:52 PM [32m    LOG[39m [38;5;3m[InstanceLoader] [39m[32mTerminusModule dependencies initialized[39m[38;5;3m +0ms[39m
[32m[Nest] 4173  - [39m06/03/2026, 8:12:52 PM [32m    LOG[39m [38;5;3m[InstanceLoader] [39m[32mConfigModule dependencies initialized[39m[38;5;3m +0ms[39m
[32m[Nest] 4173  - [39m06/03/2026, 8:12:52 PM [32m    LOG[39m [38;5;3m[InstanceLoader] [39m[32mScheduleModule dependencies initialized[39m[38;5;3m +1ms[39m
[32m[Nest] 4173  - [39m06/03/2026, 8:12:52 PM [32m    LOG[39m [38;5;3m[InstanceLoader] [39m[32mRedisModule dependencies initialized[39m[38;5;3m +1ms[39m
[32m[Nest] 4173  - [39m06/03/2026, 8:12:52 PM [32m    LOG[39m [38;5;3m[InstanceLoader] [39m[32mEmailModule dependencies initialized[39m[38;5;3m +0ms[39m
[32m[Nest] 4173  - [39m06/03/2026, 8:12:52 PM [32m    LOG[39m [38;5;3m[InstanceLoader] [39m[32mProfileModule dependencies initialized[39m[38;5;3m +0ms[39m
[32m[Nest] 4173  - [39m06/03/2026, 8:12:52 PM [32m    LOG[39m [38;5;3m[InstanceLoader] [39m[32mAnalyticsModule dependencies initialized[39m[38;5;3m +0ms[39m
[32m[Nest] 4173  - [39m06/03/2026, 8:12:52 PM [32m    LOG[39m [38;5;3m[InstanceLoader] [39m[32mPayoutsModule dependencies initialized[39m[38;5;3m +0ms[39m
[32m[Nest] 4173  - [39m06/03/2026, 8:12:52 PM [32m    LOG[39m [38;5;3m[InstanceLoader] [39m[32mReferralsModule dependencies initialized[39m[38;5;3m +0ms[39m
[32m[Nest] 4173  - [39m06/03/2026, 8:12:52 PM [32m    LOG[39m [38;5;3m[InstanceLoader] [39m[32mAuthModule dependencies initialized[39m[38;5;3m +0ms[39m
[32m[Nest] 4173  - [39m06/03/2026, 8:12:52 PM [32m    LOG[39m [38;5;3m[InstanceLoader] [39m[32mHealthModule dependencies initialized[39m[38;5;3m +0ms[39m
[32m[Nest] 4173  - [39m06/03/2026, 8:12:52 PM [32m    LOG[39m [38;5;3m[InstanceLoader] [39m[32mWebhookModule dependencies initialized[39m[38;5;3m +0ms[39m
[32m[Nest] 4173  - [39m06/03/2026, 8:12:52 PM [32m    LOG[39m [38;5;3m[InstanceLoader] [39m[32mAmoModule dependencies initialized[39m[38;5;3m +1ms[39m
[32m[Nest] 4173  - [39m06/03/2026, 8:12:52 PM [32m    LOG[39m [38;5;3m[InstanceLoader] [39m[32mAdminModule dependencies initialized[39m[38;5;3m +0ms[39m
[32m[Nest] 4173  - [39m06/03/2026, 8:12:52 PM [32m    LOG[39m [38;5;3m[InstanceLoader] [39m[32mLeadsModule dependencies initialized[39m[38;5;3m +0ms[39m
[32m[Nest] 4173  - [39m06/03/2026, 8:12:52 PM [32m    LOG[39m [38;5;3m[RoutesResolver] [39m[32mHealthController {/api/v1/health}:[39m[38;5;3m +13ms[39m
[32m[Nest] 4173  - [39m06/03/2026, 8:12:52 PM [32m    LOG[39m [38;5;3m[RouterExplorer] [39m[32mMapped {/api/v1/health, GET} route[39m[38;5;3m +2ms[39m
[32m[Nest] 4173  - [39m06/03/2026, 8:12:52 PM [32m    LOG[39m [38;5;3m[RoutesResolver] [39m[32mAuthController {/api/v1/auth}:[39m[38;5;3m +0ms[39m
[32m[Nest] 4173  - [39m06/03/2026, 8:12:52 PM [32m    LOG[39m [38;5;3m[RouterExplorer] [39m[32mMapped {/api/v1/auth/login, POST} route[39m[38;5;3m +5ms[39m
[32m[Nest] 4173  - [39m06/03/2026, 8:12:52 PM [32m    LOG[39m [38;5;3m[RouterExplorer] [39m[32mMapped {/api/v1/auth/register, POST} route[39m[38;5;3m +0ms[39m
[32m[Nest] 4173  - [39m06/03/2026, 8:12:52 PM [32m    LOG[39m [38;5;3m[RouterExplorer] [39m[32mMapped {/api/v1/auth/refresh, POST} route[39m[38;5;3m +1ms[39m
[32m[Nest] 4173  - [39m06/03/2026, 8:12:52 PM [32m    LOG[39m [38;5;3m[RouterExplorer] [39m[32mMapped {/api/v1/auth/logout, POST} route[39m[38;5;3m +0ms[39m
[32m[Nest] 4173  - [39m06/03/2026, 8:12:52 PM [32m    LOG[39m [38;5;3m[RouterExplorer] [39m[32mMapped {/api/v1/auth/password/forgot, POST} route[39m[38;5;3m +0ms[39m
[32m[Nest] 4173  - [39m06/03/2026, 8:12:52 PM [32m    LOG[39m [38;5;3m[RouterExplorer] [39m[32mMapped {/api/v1/auth/password/reset, POST} route[39m[38;5;3m +0ms[39m
[32m[Nest] 4173  - [39m06/03/2026, 8:12:52 PM [32m    LOG[39m [38;5;3m[RoutesResolver] [39m[32mLeadsController {/api/v1/leads}:[39m[38;5;3m +0ms[39m
[32m[Nest] 4173  - [39m06/03/2026, 8:12:52 PM [32m    LOG[39m [38;5;3m[RouterExplorer] [39m[32mMapped {/api/v1/leads, GET} route[39m[38;5;3m +0ms[39m
[32m[Nest] 4173  - [39m06/03/2026, 8:12:52 PM [32m    LOG[39m [38;5;3m[RouterExplorer] [39m[32mMapped {/api/v1/leads, POST} route[39m[38;5;3m +0ms[39m
[32m[Nest] 4173  - [39m06/03/2026, 8:12:52 PM [32m    LOG[39m [38;5;3m[RouterExplorer] [39m[32mMapped {/api/v1/leads/board, GET} route[39m[38;5;3m +1ms[39m
[32m[Nest] 4173  - [39m06/03/2026, 8:12:52 PM [32m    LOG[39m [38;5;3m[RouterExplorer] [39m[32mMapped {/api/v1/leads/:id, GET} route[39m[38;5;3m +0ms[39m
[32m[Nest] 4173  - [39m06/03/2026, 8:12:52 PM [32m    LOG[39m [38;5;3m[RouterExplorer] [39m[32mMapped {/api/v1/leads/:id/history, GET} route[39m[38;5;3m +0ms[39m
[32m[Nest] 4173  - [39m06/03/2026, 8:12:52 PM [32m    LOG[39m [38;5;3m[RouterExplorer] [39m[32mMapped {/api/v1/leads/:id/notes, GET} route[39m[38;5;3m +0ms[39m
[32m[Nest] 4173  - [39m06/03/2026, 8:12:52 PM [32m    LOG[39m [38;5;3m[RouterExplorer] [39m[32mMapped {/api/v1/leads/:id/notes, POST} route[39m[38;5;3m +0ms[39m
[32m[Nest] 4173  - [39m06/03/2026, 8:12:52 PM [32m    LOG[39m [38;5;3m[RoutesResolver] [39m[32mAmoController {/api/v1/amo-crm}:[39m[38;5;3m +0ms[39m
[32m[Nest] 4173  - [39m06/03/2026, 8:12:52 PM [32m    LOG[39m [38;5;3m[RouterExplorer] [39m[32mMapped {/api/v1/amo-crm/connect, GET} route[39m[38;5;3m +0ms[39m
[32m[Nest] 4173  - [39m06/03/2026, 8:12:52 PM [32m    LOG[39m [38;5;3m[RouterExplorer] [39m[32mMapped {/api/v1/amo-crm/callback, GET} route[39m[38;5;3m +0ms[39m
[32m[Nest] 4173  - [39m06/03/2026, 8:12:52 PM [32m    LOG[39m [38;5;3m[RouterExplorer] [39m[32mMapped {/api/v1/amo-crm/backfill, POST} route[39m[38;5;3m +0ms[39m
[32m[Nest] 4173  - [39m06/03/2026, 8:12:52 PM [32m    LOG[39m [38;5;3m[RouterExplorer] [39m[32mMapped {/api/v1/amo-crm/backfill-history, POST} route[39m[38;5;3m +0ms[39m
[32m[Nest] 4173  - [39m06/03/2026, 8:12:52 PM [32m    LOG[39m [38;5;3m[RouterExplorer] [39m[32mMapped {/api/v1/amo-crm/sources, GET} route[39m[38;5;3m +1ms[39m
[32m[Nest] 4173  - [39m06/03/2026, 8:12:52 PM [32m    LOG[39m [38;5;3m[RouterExplorer] [39m[32mMapped {/api/v1/amo-crm/tags, GET} route[39m[38;5;3m +0ms[39m
[32m[Nest] 4173  - [39m06/03/2026, 8:12:52 PM [32m    LOG[39m [38;5;3m[RouterExplorer] [39m[32mMapped {/api/v1/amo-crm/pipelines, GET} route[39m[38;5;3m +0ms[39m
[32m[Nest] 4173  - [39m06/03/2026, 8:12:52 PM [32m    LOG[39m [38;5;3m[RoutesResolver] [39m[32mAdminController {/api/v1/admin/partners}:[39m[38;5;3m +0ms[39m
[32m[Nest] 4173  - [39m06/03/2026, 8:12:52 PM [32m    LOG[39m [38;5;3m[RouterExplorer] [39m[32mMapped {/api/v1/admin/partners, GET} route[39m[38;5;3m +0ms[39m
[32m[Nest] 4173  - [39m06/03/2026, 8:12:52 PM [32m    LOG[39m [38;5;3m[RouterExplorer] [39m[32mMapped {/api/v1/admin/partners, POST} route[39m[38;5;3m +0ms[39m
[32m[Nest] 4173  - [39m06/03/2026, 8:12:52 PM [32m    LOG[39m [38;5;3m[RouterExplorer] [39m[32mMapped {/api/v1/admin/partners/:id, PUT} route[39m[38;5;3m +0ms[39m
[32m[Nest] 4173  - [39m06/03/2026, 8:12:52 PM [32m    LOG[39m [38;5;3m[RouterExplorer] [39m[32mMapped {/api/v1/admin/partners/:id, DELETE} route[39m[38;5;3m +1ms[39m
[32m[Nest] 4173  - [39m06/03/2026, 8:12:52 PM [32m    LOG[39m [38;5;3m[RouterExplorer] [39m[32mMapped {/api/v1/admin/partners/sync, POST} route[39m[38;5;3m +0ms[39m
[32m[Nest] 4173  - [39m06/03/2026, 8:12:52 PM [32m    LOG[39m [38;5;3m[RoutesResolver] [39m[32mWebhookController {/api/v1/webhook}:[39m[38;5;3m +0ms[39m
[32m[Nest] 4173  - [39m06/03/2026, 8:12:52 PM [32m    LOG[39m [38;5;3m[RouterExplorer] [39m[32mMapped {/api/v1/webhook/amocrm, POST} route[39m[38;5;3m +0ms[39m
[32m[Nest] 4173  - [39m06/03/2026, 8:12:52 PM [32m    LOG[39m [38;5;3m[RoutesResolver] [39m[32mProfileController {/api/v1/profile}:[39m[38;5;3m +0ms[39m
[32m[Nest] 4173  - [39m06/03/2026, 8:12:52 PM [32m    LOG[39m [38;5;3m[RouterExplorer] [39m[32mMapped {/api/v1/profile, GET} route[39m[38;5;3m +0ms[39m
[32m[Nest] 4173  - [39m06/03/2026, 8:12:52 PM [32m    LOG[39m [38;5;3m[RouterExplorer] [39m[32mMapped {/api/v1/profile/notifications, PUT} route[39m[38;5;3m +0ms[39m
[32m[Nest] 4173  - [39m06/03/2026, 8:12:52 PM [32m    LOG[39m [38;5;3m[RouterExplorer] [39m[32mMapped {/api/v1/profile/password, PUT} route[39m[38;5;3m +0ms[39m
[32m[Nest] 4173  - [39m06/03/2026, 8:12:52 PM [32m    LOG[39m [38;5;3m[RoutesResolver] [39m[32mAnalyticsController {/api/v1/analytics}:[39m[38;5;3m +0ms[39m
[32m[Nest] 4173  - [39m06/03/2026, 8:12:52 PM [32m    LOG[39m [38;5;3m[RouterExplorer] [39m[32mMapped {/api/v1/analytics/dashboard, GET} route[39m[38;5;3m +0ms[39m
[32m[Nest] 4173  - [39m06/03/2026, 8:12:52 PM [32m    LOG[39m [38;5;3m[RoutesResolver] [39m[32mPayoutsController {/api/v1/payouts}:[39m[38;5;3m +0ms[39m
[32m[Nest] 4173  - [39m06/03/2026, 8:12:52 PM [32m    LOG[39m [38;5;3m[RouterExplorer] [39m[32mMapped {/api/v1/payouts, GET} route[39m[38;5;3m +0ms[39m
[32m[Nest] 4173  - [39m06/03/2026, 8:12:52 PM [32m    LOG[39m [38;5;3m[RouterExplorer] [39m[32mMapped {/api/v1/payouts/request, POST} route[39m[38;5;3m +0ms[39m
[32m[Nest] 4173  - [39m06/03/2026, 8:12:52 PM [32m    LOG[39m [38;5;3m[RoutesResolver] [39m[32mReferralsController {/api/v1/referrals}:[39m[38;5;3m +0ms[39m
[32m[Nest] 4173  - [39m06/03/2026, 8:12:52 PM [32m    LOG[39m [38;5;3m[RouterExplorer] [39m[32mMapped {/api/v1/referrals, GET} route[39m[38;5;3m +0ms[39m
[32m[Nest] 4173  - [39m06/03/2026, 8:12:52 PM [32m    LOG[39m [38;5;3m[PrismaService] [39m[32mDatabase connected[39m
[32m[Nest] 4173  - [39m06/03/2026, 8:12:52 PM [32m    LOG[39m [38;5;3m[NestApplication] [39m[32mNest application successfully started[39m[38;5;3m +50ms[39m
[31m[Nest] 4173  - [39m06/03/2026, 8:12:52 PM [31m  ERROR[39m [38;5;3m[NestApplication] [39m[31mError: listen EADDRINUSE: address already in use :::3001[39m[38;5;3m +10ms[39m
node:net:1912
    const ex = new UVExceptionWithHostPort(err, 'listen', address, port);
               ^

Error: listen EADDRINUSE: address already in use :::3001
    at Server.setupListenHandle [as _listen2] (node:net:1912:16)
    at listenInCluster (node:net:1969:12)
    at Server.listen (node:net:2074:7)
    at ExpressAdapter.listen (/Users/vytvytskyi/foryou_partners/backend/node_modules/@nestjs/platform-express/adapters/express-adapter.js:95:32)
    at /Users/vytvytskyi/foryou_partners/backend/node_modules/@nestjs/core/nest-application.js:183:30
    at new Promise (<anonymous>)
    at NestApplication.listen (/Users/vytvytskyi/foryou_partners/backend/node_modules/@nestjs/core/nest-application.js:173:16)
    at async bootstrap (/Users/vytvytskyi/foryou_partners/backend/src/main.ts:75:3) {
  code: 'EADDRINUSE',
  errno: -48,
  syscall: 'listen',
  address: '::',
  port: 3001
}

Node.js v22.12.0
[2J[3J[H[[90m8:19:14 PM[0m] File change detected. Starting incremental compilation...

[[90m8:19:16 PM[0m] Found 0 errors. Watching for file changes.

[32m[Nest] 4561  - [39m06/03/2026, 8:19:22 PM [32m    LOG[39m [38;5;3m[NestFactory] [39m[32mStarting Nest application...[39m
[32m[Nest] 4561  - [39m06/03/2026, 8:19:22 PM [32m    LOG[39m [38;5;3m[InstanceLoader] [39m[32mAppModule dependencies initialized[39m[38;5;3m +407ms[39m
[32m[Nest] 4561  - [39m06/03/2026, 8:19:22 PM [32m    LOG[39m [38;5;3m[InstanceLoader] [39m[32mConfigModule dependencies initialized[39m[38;5;3m +1ms[39m
[32m[Nest] 4561  - [39m06/03/2026, 8:19:22 PM [32m    LOG[39m [38;5;3m[InstanceLoader] [39m[32mDatabaseModule dependencies initialized[39m[38;5;3m +86ms[39m
[32m[Nest] 4561  - [39m06/03/2026, 8:19:22 PM [32m    LOG[39m [38;5;3m[InstanceLoader] [39m[32mPassportModule dependencies initialized[39m[38;5;3m +6ms[39m
[32m[Nest] 4561  - [39m06/03/2026, 8:19:23 PM [32m    LOG[39m [38;5;3m[InstanceLoader] [39m[32mThrottlerModule dependencies initialized[39m[38;5;3m +334ms[39m
[32m[Nest] 4561  - [39m06/03/2026, 8:19:23 PM [32m    LOG[39m [38;5;3m[InstanceLoader] [39m[32mJwtModule dependencies initialized[39m[38;5;3m +68ms[39m
[32m[Nest] 4561  - [39m06/03/2026, 8:19:23 PM [32m    LOG[39m [38;5;3m[InstanceLoader] [39m[32mConfigHostModule dependencies initialized[39m[38;5;3m +22ms[39m
[32m[Nest] 4561  - [39m06/03/2026, 8:19:23 PM [32m    LOG[39m [38;5;3m[InstanceLoader] [39m[32mAuditModule dependencies initialized[39m[38;5;3m +2ms[39m
[32m[Nest] 4561  - [39m06/03/2026, 8:19:23 PM [32m    LOG[39m [38;5;3m[InstanceLoader] [39m[32mDiscoveryModule dependencies initialized[39m[38;5;3m +8ms[39m
[32m[Nest] 4561  - [39m06/03/2026, 8:19:23 PM [32m    LOG[39m [38;5;3m[InstanceLoader] [39m[32mTerminusModule dependencies initialized[39m[38;5;3m +5ms[39m
[32m[Nest] 4561  - [39m06/03/2026, 8:19:23 PM [32m    LOG[39m [38;5;3m[InstanceLoader] [39m[32mConfigModule dependencies initialized[39m[38;5;3m +0ms[39m
[32m[Nest] 4561  - [39m06/03/2026, 8:19:23 PM [32m    LOG[39m [38;5;3m[InstanceLoader] [39m[32mScheduleModule dependencies initialized[39m[38;5;3m +18ms[39m
[32m[Nest] 4561  - [39m06/03/2026, 8:19:23 PM [32m    LOG[39m [38;5;3m[InstanceLoader] [39m[32mRedisModule dependencies initialized[39m[38;5;3m +7ms[39m
[32m[Nest] 4561  - [39m06/03/2026, 8:19:23 PM [32m    LOG[39m [38;5;3m[InstanceLoader] [39m[32mEmailModule dependencies initialized[39m[38;5;3m +1ms[39m
[32m[Nest] 4561  - [39m06/03/2026, 8:19:23 PM [32m    LOG[39m [38;5;3m[InstanceLoader] [39m[32mProfileModule dependencies initialized[39m[38;5;3m +50ms[39m
[32m[Nest] 4561  - [39m06/03/2026, 8:19:23 PM [32m    LOG[39m [38;5;3m[InstanceLoader] [39m[32mAnalyticsModule dependencies initialized[39m[38;5;3m +4ms[39m
[32m[Nest] 4561  - [39m06/03/2026, 8:19:23 PM [32m    LOG[39m [38;5;3m[InstanceLoader] [39m[32mPayoutsModule dependencies initialized[39m[38;5;3m +1ms[39m
[32m[Nest] 4561  - [39m06/03/2026, 8:19:23 PM [32m    LOG[39m [38;5;3m[InstanceLoader] [39m[32mReferralsModule dependencies initialized[39m[38;5;3m +0ms[39m
[32m[Nest] 4561  - [39m06/03/2026, 8:19:23 PM [32m    LOG[39m [38;5;3m[InstanceLoader] [39m[32mAuthModule dependencies initialized[39m[38;5;3m +5ms[39m
[32m[Nest] 4561  - [39m06/03/2026, 8:19:23 PM [32m    LOG[39m [38;5;3m[InstanceLoader] [39m[32mHealthModule dependencies initialized[39m[38;5;3m +2ms[39m
[32m[Nest] 4561  - [39m06/03/2026, 8:19:23 PM [32m    LOG[39m [38;5;3m[InstanceLoader] [39m[32mWebhookModule dependencies initialized[39m[38;5;3m +0ms[39m
[32m[Nest] 4561  - [39m06/03/2026, 8:19:23 PM [32m    LOG[39m [38;5;3m[InstanceLoader] [39m[32mAmoModule dependencies initialized[39m[38;5;3m +8ms[39m
[32m[Nest] 4561  - [39m06/03/2026, 8:19:23 PM [32m    LOG[39m [38;5;3m[InstanceLoader] [39m[32mAdminModule dependencies initialized[39m[38;5;3m +1ms[39m
[32m[Nest] 4561  - [39m06/03/2026, 8:19:23 PM [32m    LOG[39m [38;5;3m[InstanceLoader] [39m[32mLeadsModule dependencies initialized[39m[38;5;3m +4ms[39m
[32m[Nest] 4561  - [39m06/03/2026, 8:19:23 PM [32m    LOG[39m [38;5;3m[RoutesResolver] [39m[32mHealthController {/api/v1/health}:[39m[38;5;3m +232ms[39m
[32m[Nest] 4561  - [39m06/03/2026, 8:19:23 PM [32m    LOG[39m [38;5;3m[RouterExplorer] [39m[32mMapped {/api/v1/health, GET} route[39m[38;5;3m +17ms[39m
[32m[Nest] 4561  - [39m06/03/2026, 8:19:23 PM [32m    LOG[39m [38;5;3m[RoutesResolver] [39m[32mAuthController {/api/v1/auth}:[39m[38;5;3m +0ms[39m
[32m[Nest] 4561  - [39m06/03/2026, 8:19:23 PM [32m    LOG[39m [38;5;3m[RouterExplorer] [39m[32mMapped {/api/v1/auth/login, POST} route[39m[38;5;3m +0ms[39m
[32m[Nest] 4561  - [39m06/03/2026, 8:19:23 PM [32m    LOG[39m [38;5;3m[RouterExplorer] [39m[32mMapped {/api/v1/auth/register, POST} route[39m[38;5;3m +1ms[39m
[32m[Nest] 4561  - [39m06/03/2026, 8:19:23 PM [32m    LOG[39m [38;5;3m[RouterExplorer] [39m[32mMapped {/api/v1/auth/refresh, POST} route[39m[38;5;3m +0ms[39m
[32m[Nest] 4561  - [39m06/03/2026, 8:19:23 PM [32m    LOG[39m [38;5;3m[RouterExplorer] [39m[32mMapped {/api/v1/auth/logout, POST} route[39m[38;5;3m +0ms[39m
[32m[Nest] 4561  - [39m06/03/2026, 8:19:23 PM [32m    LOG[39m [38;5;3m[RouterExplorer] [39m[32mMapped {/api/v1/auth/password/forgot, POST} route[39m[38;5;3m +1ms[39m
[32m[Nest] 4561  - [39m06/03/2026, 8:19:23 PM [32m    LOG[39m [38;5;3m[RouterExplorer] [39m[32mMapped {/api/v1/auth/password/reset, POST} route[39m[38;5;3m +0ms[39m
[32m[Nest] 4561  - [39m06/03/2026, 8:19:23 PM [32m    LOG[39m [38;5;3m[RoutesResolver] [39m[32mLeadsController {/api/v1/leads}:[39m[38;5;3m +1ms[39m
[32m[Nest] 4561  - [39m06/03/2026, 8:19:23 PM [32m    LOG[39m [38;5;3m[RouterExplorer] [39m[32mMapped {/api/v1/leads, GET} route[39m[38;5;3m +0ms[39m
[32m[Nest] 4561  - [39m06/03/2026, 8:19:23 PM [32m    LOG[39m [38;5;3m[RouterExplorer] [39m[32mMapped {/api/v1/leads, POST} route[39m[38;5;3m +4ms[39m
[32m[Nest] 4561  - [39m06/03/2026, 8:19:23 PM [32m    LOG[39m [38;5;3m[RouterExplorer] [39m[32mMapped {/api/v1/leads/board, GET} route[39m[38;5;3m +1ms[39m
[32m[Nest] 4561  - [39m06/03/2026, 8:19:23 PM [32m    LOG[39m [38;5;3m[RouterExplorer] [39m[32mMapped {/api/v1/leads/:id, GET} route[39m[38;5;3m +1ms[39m
[32m[Nest] 4561  - [39m06/03/2026, 8:19:23 PM [32m    LOG[39m [38;5;3m[RouterExplorer] [39m[32mMapped {/api/v1/leads/:id/history, GET} route[39m[38;5;3m +0ms[39m
[32m[Nest] 4561  - [39m06/03/2026, 8:19:23 PM [32m    LOG[39m [38;5;3m[RouterExplorer] [39m[32mMapped {/api/v1/leads/:id/notes, GET} route[39m[38;5;3m +0ms[39m
[32m[Nest] 4561  - [39m06/03/2026, 8:19:23 PM [32m    LOG[39m [38;5;3m[RouterExplorer] [39m[32mMapped {/api/v1/leads/:id/notes, POST} route[39m[38;5;3m +1ms[39m
[32m[Nest] 4561  - [39m06/03/2026, 8:19:23 PM [32m    LOG[39m [38;5;3m[RoutesResolver] [39m[32mAmoController {/api/v1/amo-crm}:[39m[38;5;3m +0ms[39m
[32m[Nest] 4561  - [39m06/03/2026, 8:19:23 PM [32m    LOG[39m [38;5;3m[RouterExplorer] [39m[32mMapped {/api/v1/amo-crm/connect, GET} route[39m[38;5;3m +0ms[39m
[32m[Nest] 4561  - [39m06/03/2026, 8:19:23 PM [32m    LOG[39m [38;5;3m[RouterExplorer] [39m[32mMapped {/api/v1/amo-crm/callback, GET} route[39m[38;5;3m +1ms[39m
[32m[Nest] 4561  - [39m06/03/2026, 8:19:23 PM [32m    LOG[39m [38;5;3m[RouterExplorer] [39m[32mMapped {/api/v1/amo-crm/backfill, POST} route[39m[38;5;3m +1ms[39m
[32m[Nest] 4561  - [39m06/03/2026, 8:19:23 PM [32m    LOG[39m [38;5;3m[RouterExplorer] [39m[32mMapped {/api/v1/amo-crm/backfill-history, POST} route[39m[38;5;3m +0ms[39m
[32m[Nest] 4561  - [39m06/03/2026, 8:19:23 PM [32m    LOG[39m [38;5;3m[RouterExplorer] [39m[32mMapped {/api/v1/amo-crm/sources, GET} route[39m[38;5;3m +1ms[39m
[32m[Nest] 4561  - [39m06/03/2026, 8:19:23 PM [32m    LOG[39m [38;5;3m[RouterExplorer] [39m[32mMapped {/api/v1/amo-crm/tags, GET} route[39m[38;5;3m +1ms[39m
[32m[Nest] 4561  - [39m06/03/2026, 8:19:23 PM [32m    LOG[39m [38;5;3m[RouterExplorer] [39m[32mMapped {/api/v1/amo-crm/pipelines, GET} route[39m[38;5;3m +0ms[39m
[32m[Nest] 4561  - [39m06/03/2026, 8:19:23 PM [32m    LOG[39m [38;5;3m[RoutesResolver] [39m[32mAdminController {/api/v1/admin/partners}:[39m[38;5;3m +0ms[39m
[32m[Nest] 4561  - [39m06/03/2026, 8:19:23 PM [32m    LOG[39m [38;5;3m[RouterExplorer] [39m[32mMapped {/api/v1/admin/partners, GET} route[39m[38;5;3m +0ms[39m
[32m[Nest] 4561  - [39m06/03/2026, 8:19:23 PM [32m    LOG[39m [38;5;3m[RouterExplorer] [39m[32mMapped {/api/v1/admin/partners, POST} route[39m[38;5;3m +1ms[39m
[32m[Nest] 4561  - [39m06/03/2026, 8:19:23 PM [32m    LOG[39m [38;5;3m[RouterExplorer] [39m[32mMapped {/api/v1/admin/partners/:id, PUT} route[39m[38;5;3m +6ms[39m
[32m[Nest] 4561  - [39m06/03/2026, 8:19:23 PM [32m    LOG[39m [38;5;3m[RouterExplorer] [39m[32mMapped {/api/v1/admin/partners/:id, DELETE} route[39m[38;5;3m +0ms[39m
[32m[Nest] 4561  - [39m06/03/2026, 8:19:23 PM [32m    LOG[39m [38;5;3m[RouterExplorer] [39m[32mMapped {/api/v1/admin/partners/sync, POST} route[39m[38;5;3m +0ms[39m
[32m[Nest] 4561  - [39m06/03/2026, 8:19:23 PM [32m    LOG[39m [38;5;3m[RoutesResolver] [39m[32mWebhookController {/api/v1/webhook}:[39m[38;5;3m +0ms[39m
[32m[Nest] 4561  - [39m06/03/2026, 8:19:23 PM [32m    LOG[39m [38;5;3m[RouterExplorer] [39m[32mMapped {/api/v1/webhook/amocrm, POST} route[39m[38;5;3m +0ms[39m
[32m[Nest] 4561  - [39m06/03/2026, 8:19:23 PM [32m    LOG[39m [38;5;3m[RoutesResolver] [39m[32mProfileController {/api/v1/profile}:[39m[38;5;3m +1ms[39m
[32m[Nest] 4561  - [39m06/03/2026, 8:19:23 PM [32m    LOG[39m [38;5;3m[RouterExplorer] [39m[32mMapped {/api/v1/profile, GET} route[39m[38;5;3m +0ms[39m
[32m[Nest] 4561  - [39m06/03/2026, 8:19:23 PM [32m    LOG[39m [38;5;3m[RouterExplorer] [39m[32mMapped {/api/v1/profile/notifications, PUT} route[39m[38;5;3m +0ms[39m
[32m[Nest] 4561  - [39m06/03/2026, 8:19:23 PM [32m    LOG[39m [38;5;3m[RouterExplorer] [39m[32mMapped {/api/v1/profile/password, PUT} route[39m[38;5;3m +0ms[39m
[32m[Nest] 4561  - [39m06/03/2026, 8:19:23 PM [32m    LOG[39m [38;5;3m[RoutesResolver] [39m[32mAnalyticsController {/api/v1/analytics}:[39m[38;5;3m +0ms[39m
[32m[Nest] 4561  - [39m06/03/2026, 8:19:23 PM [32m    LOG[39m [38;5;3m[RouterExplorer] [39m[32mMapped {/api/v1/analytics/dashboard, GET} route[39m[38;5;3m +0ms[39m
[32m[Nest] 4561  - [39m06/03/2026, 8:19:23 PM [32m    LOG[39m [38;5;3m[RoutesResolver] [39m[32mPayoutsController {/api/v1/payouts}:[39m[38;5;3m +0ms[39m
[32m[Nest] 4561  - [39m06/03/2026, 8:19:23 PM [32m    LOG[39m [38;5;3m[RouterExplorer] [39m[32mMapped {/api/v1/payouts, GET} route[39m[38;5;3m +0ms[39m
[32m[Nest] 4561  - [39m06/03/2026, 8:19:23 PM [32m    LOG[39m [38;5;3m[RouterExplorer] [39m[32mMapped {/api/v1/payouts/request, POST} route[39m[38;5;3m +0ms[39m
[32m[Nest] 4561  - [39m06/03/2026, 8:19:23 PM [32m    LOG[39m [38;5;3m[RoutesResolver] [39m[32mReferralsController {/api/v1/referrals}:[39m[38;5;3m +0ms[39m
[32m[Nest] 4561  - [39m06/03/2026, 8:19:23 PM [32m    LOG[39m [38;5;3m[RouterExplorer] [39m[32mMapped {/api/v1/referrals, GET} route[39m[38;5;3m +0ms[39m
[32m[Nest] 4561  - [39m06/03/2026, 8:19:24 PM [32m    LOG[39m [38;5;3m[PrismaService] [39m[32mDatabase connected[39m
[32m[Nest] 4561  - [39m06/03/2026, 8:19:24 PM [32m    LOG[39m [38;5;3m[NestApplication] [39m[32mNest application successfully started[39m[38;5;3m +180ms[39m
[31m[Nest] 4561  - [39m06/03/2026, 8:19:24 PM [31m  ERROR[39m [38;5;3m[NestApplication] [39m[31mError: listen EADDRINUSE: address already in use :::3001[39m[38;5;3m +12ms[39m
node:net:1912
    const ex = new UVExceptionWithHostPort(err, 'listen', address, port);
               ^

Error: listen EADDRINUSE: address already in use :::3001
    at Server.setupListenHandle [as _listen2] (node:net:1912:16)
    at listenInCluster (node:net:1969:12)
    at Server.listen (node:net:2074:7)
    at ExpressAdapter.listen (/Users/vytvytskyi/foryou_partners/backend/node_modules/@nestjs/platform-express/adapters/express-adapter.js:95:32)
    at /Users/vytvytskyi/foryou_partners/backend/node_modules/@nestjs/core/nest-application.js:183:30
    at new Promise (<anonymous>)
    at NestApplication.listen (/Users/vytvytskyi/foryou_partners/backend/node_modules/@nestjs/core/nest-application.js:173:16)
    at async bootstrap (/Users/vytvytskyi/foryou_partners/backend/src/main.ts:75:3) {
  code: 'EADDRINUSE',
  errno: -48,
  syscall: 'listen',
  address: '::',
  port: 3001
}

Node.js v22.12.0
[2J[3J[H[[90m8:24:02 PM[0m] File change detected. Starting incremental compilation...

[[90m8:24:09 PM[0m] Found 0 errors. Watching for file changes.

[32m[Nest] 4917  - [39m06/03/2026, 8:24:26 PM [32m    LOG[39m [38;5;3m[NestFactory] [39m[32mStarting Nest application...[39m
[32m[Nest] 4917  - [39m06/03/2026, 8:24:27 PM [32m    LOG[39m [38;5;3m[InstanceLoader] [39m[32mAppModule dependencies initialized[39m[38;5;3m +200ms[39m
[32m[Nest] 4917  - [39m06/03/2026, 8:24:27 PM [32m    LOG[39m [38;5;3m[InstanceLoader] [39m[32mConfigModule dependencies initialized[39m[38;5;3m +4ms[39m
[32m[Nest] 4917  - [39m06/03/2026, 8:24:27 PM [32m    LOG[39m [38;5;3m[InstanceLoader] [39m[32mDatabaseModule dependencies initialized[39m[38;5;3m +202ms[39m
[32m[Nest] 4917  - [39m06/03/2026, 8:24:27 PM [32m    LOG[39m [38;5;3m[InstanceLoader] [39m[32mPassportModule dependencies initialized[39m[38;5;3m +12ms[39m
[32m[Nest] 4917  - [39m06/03/2026, 8:24:28 PM [32m    LOG[39m [38;5;3m[InstanceLoader] [39m[32mThrottlerModule dependencies initialized[39m[38;5;3m +700ms[39m
[32m[Nest] 4917  - [39m06/03/2026, 8:24:28 PM [32m    LOG[39m [38;5;3m[InstanceLoader] [39m[32mJwtModule dependencies initialized[39m[38;5;3m +694ms[39m
[32m[Nest] 4917  - [39m06/03/2026, 8:24:28 PM [32m    LOG[39m [38;5;3m[InstanceLoader] [39m[32mConfigHostModule dependencies initialized[39m[38;5;3m +1ms[39m
[32m[Nest] 4917  - [39m06/03/2026, 8:24:28 PM [32m    LOG[39m [38;5;3m[InstanceLoader] [39m[32mAuditModule dependencies initialized[39m[38;5;3m +1ms[39m
[32m[Nest] 4917  - [39m06/03/2026, 8:24:28 PM [32m    LOG[39m [38;5;3m[InstanceLoader] [39m[32mDiscoveryModule dependencies initialized[39m[38;5;3m +4ms[39m
[32m[Nest] 4917  - [39m06/03/2026, 8:24:28 PM [32m    LOG[39m [38;5;3m[InstanceLoader] [39m[32mTerminusModule dependencies initialized[39m[38;5;3m +51ms[39m
[32m[Nest] 4917  - [39m06/03/2026, 8:24:28 PM [32m    LOG[39m [38;5;3m[InstanceLoader] [39m[32mConfigModule dependencies initialized[39m[38;5;3m +0ms[39m
[32m[Nest] 4917  - [39m06/03/2026, 8:24:28 PM [32m    LOG[39m [38;5;3m[InstanceLoader] [39m[32mScheduleModule dependencies initialized[39m[38;5;3m +2ms[39m
[32m[Nest] 4917  - [39m06/03/2026, 8:24:28 PM [32m    LOG[39m [38;5;3m[InstanceLoader] [39m[32mRedisModule dependencies initialized[39m[38;5;3m +7ms[39m
[32m[Nest] 4917  - [39m06/03/2026, 8:24:28 PM [32m    LOG[39m [38;5;3m[InstanceLoader] [39m[32mEmailModule dependencies initialized[39m[38;5;3m +0ms[39m
[32m[Nest] 4917  - [39m06/03/2026, 8:24:28 PM [32m    LOG[39m [38;5;3m[InstanceLoader] [39m[32mProfileModule dependencies initialized[39m[38;5;3m +1ms[39m
[32m[Nest] 4917  - [39m06/03/2026, 8:24:28 PM [32m    LOG[39m [38;5;3m[InstanceLoader] [39m[32mAnalyticsModule dependencies initialized[39m[38;5;3m +0ms[39m
[32m[Nest] 4917  - [39m06/03/2026, 8:24:28 PM [32m    LOG[39m [38;5;3m[InstanceLoader] [39m[32mPayoutsModule dependencies initialized[39m[38;5;3m +0ms[39m
[32m[Nest] 4917  - [39m06/03/2026, 8:24:28 PM [32m    LOG[39m [38;5;3m[InstanceLoader] [39m[32mReferralsModule dependencies initialized[39m[38;5;3m +0ms[39m
[32m[Nest] 4917  - [39m06/03/2026, 8:24:28 PM [32m    LOG[39m [38;5;3m[InstanceLoader] [39m[32mAuthModule dependencies initialized[39m[38;5;3m +0ms[39m
[32m[Nest] 4917  - [39m06/03/2026, 8:24:28 PM [32m    LOG[39m [38;5;3m[InstanceLoader] [39m[32mHealthModule dependencies initialized[39m[38;5;3m +0ms[39m
[32m[Nest] 4917  - [39m06/03/2026, 8:24:28 PM [32m    LOG[39m [38;5;3m[InstanceLoader] [39m[32mWebhookModule dependencies initialized[39m[38;5;3m +0ms[39m
[32m[Nest] 4917  - [39m06/03/2026, 8:24:28 PM [32m    LOG[39m [38;5;3m[InstanceLoader] [39m[32mAmoModule dependencies initialized[39m[38;5;3m +0ms[39m
[32m[Nest] 4917  - [39m06/03/2026, 8:24:28 PM [32m    LOG[39m [38;5;3m[InstanceLoader] [39m[32mAdminModule dependencies initialized[39m[38;5;3m +45ms[39m
[32m[Nest] 4917  - [39m06/03/2026, 8:24:28 PM [32m    LOG[39m [38;5;3m[InstanceLoader] [39m[32mLeadsModule dependencies initialized[39m[38;5;3m +0ms[39m
[32m[Nest] 4917  - [39m06/03/2026, 8:24:28 PM [32m    LOG[39m [38;5;3m[RoutesResolver] [39m[32mHealthController {/api/v1/health}:[39m[38;5;3m +11ms[39m
[32m[Nest] 4917  - [39m06/03/2026, 8:24:28 PM [32m    LOG[39m [38;5;3m[RouterExplorer] [39m[32mMapped {/api/v1/health, GET} route[39m[38;5;3m +2ms[39m
[32m[Nest] 4917  - [39m06/03/2026, 8:24:28 PM [32m    LOG[39m [38;5;3m[RoutesResolver] [39m[32mAuthController {/api/v1/auth}:[39m[38;5;3m +0ms[39m
[32m[Nest] 4917  - [39m06/03/2026, 8:24:28 PM [32m    LOG[39m [38;5;3m[RouterExplorer] [39m[32mMapped {/api/v1/auth/login, POST} route[39m[38;5;3m +1ms[39m
[32m[Nest] 4917  - [39m06/03/2026, 8:24:28 PM [32m    LOG[39m [38;5;3m[RouterExplorer] [39m[32mMapped {/api/v1/auth/register, POST} route[39m[38;5;3m +1ms[39m
[32m[Nest] 4917  - [39m06/03/2026, 8:24:28 PM [32m    LOG[39m [38;5;3m[RouterExplorer] [39m[32mMapped {/api/v1/auth/refresh, POST} route[39m[38;5;3m +0ms[39m
[32m[Nest] 4917  - [39m06/03/2026, 8:24:28 PM [32m    LOG[39m [38;5;3m[RouterExplorer] [39m[32mMapped {/api/v1/auth/logout, POST} route[39m[38;5;3m +1ms[39m
[32m[Nest] 4917  - [39m06/03/2026, 8:24:28 PM [32m    LOG[39m [38;5;3m[RouterExplorer] [39m[32mMapped {/api/v1/auth/password/forgot, POST} route[39m[38;5;3m +0ms[39m
[32m[Nest] 4917  - [39m06/03/2026, 8:24:28 PM [32m    LOG[39m [38;5;3m[RouterExplorer] [39m[32mMapped {/api/v1/auth/password/reset, POST} route[39m[38;5;3m +0ms[39m
[32m[Nest] 4917  - [39m06/03/2026, 8:24:28 PM [32m    LOG[39m [38;5;3m[RoutesResolver] [39m[32mLeadsController {/api/v1/leads}:[39m[38;5;3m +0ms[39m
[32m[Nest] 4917  - [39m06/03/2026, 8:24:28 PM [32m    LOG[39m [38;5;3m[RouterExplorer] [39m[32mMapped {/api/v1/leads, GET} route[39m[38;5;3m +4ms[39m
[32m[Nest] 4917  - [39m06/03/2026, 8:24:28 PM [32m    LOG[39m [38;5;3m[RouterExplorer] [39m[32mMapped {/api/v1/leads, POST} route[39m[38;5;3m +0ms[39m
[32m[Nest] 4917  - [39m06/03/2026, 8:24:28 PM [32m    LOG[39m [38;5;3m[RouterExplorer] [39m[32mMapped {/api/v1/leads/board, GET} route[39m[38;5;3m +0ms[39m
[32m[Nest] 4917  - [39m06/03/2026, 8:24:28 PM [32m    LOG[39m [38;5;3m[RouterExplorer] [39m[32mMapped {/api/v1/leads/:id, GET} route[39m[38;5;3m +0ms[39m
[32m[Nest] 4917  - [39m06/03/2026, 8:24:28 PM [32m    LOG[39m [38;5;3m[RouterExplorer] [39m[32mMapped {/api/v1/leads/:id/history, GET} route[39m[38;5;3m +0ms[39m
[32m[Nest] 4917  - [39m06/03/2026, 8:24:28 PM [32m    LOG[39m [38;5;3m[RouterExplorer] [39m[32mMapped {/api/v1/leads/:id/notes, GET} route[39m[38;5;3m +0ms[39m
[32m[Nest] 4917  - [39m06/03/2026, 8:24:28 PM [32m    LOG[39m [38;5;3m[RouterExplorer] [39m[32mMapped {/api/v1/leads/:id/notes, POST} route[39m[38;5;3m +1ms[39m
[32m[Nest] 4917  - [39m06/03/2026, 8:24:28 PM [32m    LOG[39m [38;5;3m[RoutesResolver] [39m[32mAmoController {/api/v1/amo-crm}:[39m[38;5;3m +0ms[39m
[32m[Nest] 4917  - [39m06/03/2026, 8:24:28 PM [32m    LOG[39m [38;5;3m[RouterExplorer] [39m[32mMapped {/api/v1/amo-crm/connect, GET} route[39m[38;5;3m +0ms[39m
[32m[Nest] 4917  - [39m06/03/2026, 8:24:28 PM [32m    LOG[39m [38;5;3m[RouterExplorer] [39m[32mMapped {/api/v1/amo-crm/callback, GET} route[39m[38;5;3m +0ms[39m
[32m[Nest] 4917  - [39m06/03/2026, 8:24:28 PM [32m    LOG[39m [38;5;3m[RouterExplorer] [39m[32mMapped {/api/v1/amo-crm/backfill, POST} route[39m[38;5;3m +0ms[39m
[32m[Nest] 4917  - [39m06/03/2026, 8:24:28 PM [32m    LOG[39m [38;5;3m[RouterExplorer] [39m[32mMapped {/api/v1/amo-crm/backfill-history, POST} route[39m[38;5;3m +0ms[39m
[32m[Nest] 4917  - [39m06/03/2026, 8:24:28 PM [32m    LOG[39m [38;5;3m[RouterExplorer] [39m[32mMapped {/api/v1/amo-crm/sources, GET} route[39m[38;5;3m +0ms[39m
[32m[Nest] 4917  - [39m06/03/2026, 8:24:28 PM [32m    LOG[39m [38;5;3m[RouterExplorer] [39m[32mMapped {/api/v1/amo-crm/tags, GET} route[39m[38;5;3m +0ms[39m
[32m[Nest] 4917  - [39m06/03/2026, 8:24:28 PM [32m    LOG[39m [38;5;3m[RouterExplorer] [39m[32mMapped {/api/v1/amo-crm/pipelines, GET} route[39m[38;5;3m +1ms[39m
[32m[Nest] 4917  - [39m06/03/2026, 8:24:28 PM [32m    LOG[39m [38;5;3m[RoutesResolver] [39m[32mAdminController {/api/v1/admin/partners}:[39m[38;5;3m +0ms[39m
[32m[Nest] 4917  - [39m06/03/2026, 8:24:28 PM [32m    LOG[39m [38;5;3m[RouterExplorer] [39m[32mMapped {/api/v1/admin/partners, GET} route[39m[38;5;3m +0ms[39m
[32m[Nest] 4917  - [39m06/03/2026, 8:24:28 PM [32m    LOG[39m [38;5;3m[RouterExplorer] [39m[32mMapped {/api/v1/admin/partners, POST} route[39m[38;5;3m +0ms[39m
[32m[Nest] 4917  - [39m06/03/2026, 8:24:28 PM [32m    LOG[39m [38;5;3m[RouterExplorer] [39m[32mMapped {/api/v1/admin/partners/:id, PUT} route[39m[38;5;3m +1ms[39m
[32m[Nest] 4917  - [39m06/03/2026, 8:24:28 PM [32m    LOG[39m [38;5;3m[RouterExplorer] [39m[32mMapped {/api/v1/admin/partners/:id, DELETE} route[39m[38;5;3m +0ms[39m
[32m[Nest] 4917  - [39m06/03/2026, 8:24:28 PM [32m    LOG[39m [38;5;3m[RouterExplorer] [39m[32mMapped {/api/v1/admin/partners/sync, POST} route[39m[38;5;3m +0ms[39m
[32m[Nest] 4917  - [39m06/03/2026, 8:24:28 PM [32m    LOG[39m [38;5;3m[RoutesResolver] [39m[32mWebhookController {/api/v1/webhook}:[39m[38;5;3m +0ms[39m
[32m[Nest] 4917  - [39m06/03/2026, 8:24:28 PM [32m    LOG[39m [38;5;3m[RouterExplorer] [39m[32mMapped {/api/v1/webhook/amocrm, POST} route[39m[38;5;3m +0ms[39m
[32m[Nest] 4917  - [39m06/03/2026, 8:24:28 PM [32m    LOG[39m [38;5;3m[RoutesResolver] [39m[32mProfileController {/api/v1/profile}:[39m[38;5;3m +1ms[39m
[32m[Nest] 4917  - [39m06/03/2026, 8:24:28 PM [32m    LOG[39m [38;5;3m[RouterExplorer] [39m[32mMapped {/api/v1/profile, GET} route[39m[38;5;3m +0ms[39m
[32m[Nest] 4917  - [39m06/03/2026, 8:24:28 PM [32m    LOG[39m [38;5;3m[RouterExplorer] [39m[32mMapped {/api/v1/profile/notifications, PUT} route[39m[38;5;3m +0ms[39m
[32m[Nest] 4917  - [39m06/03/2026, 8:24:28 PM [32m    LOG[39m [38;5;3m[RouterExplorer] [39m[32mMapped {/api/v1/profile/password, PUT} route[39m[38;5;3m +0ms[39m
[32m[Nest] 4917  - [39m06/03/2026, 8:24:28 PM [32m    LOG[39m [38;5;3m[RoutesResolver] [39m[32mAnalyticsController {/api/v1/analytics}:[39m[38;5;3m +0ms[39m
[32m[Nest] 4917  - [39m06/03/2026, 8:24:28 PM [32m    LOG[39m [38;5;3m[RouterExplorer] [39m[32mMapped {/api/v1/analytics/dashboard, GET} route[39m[38;5;3m +1ms[39m
[32m[Nest] 4917  - [39m06/03/2026, 8:24:28 PM [32m    LOG[39m [38;5;3m[RoutesResolver] [39m[32mPayoutsController {/api/v1/payouts}:[39m[38;5;3m +0ms[39m
[32m[Nest] 4917  - [39m06/03/2026, 8:24:28 PM [32m    LOG[39m [38;5;3m[RouterExplorer] [39m[32mMapped {/api/v1/payouts, GET} route[39m[38;5;3m +0ms[39m
[32m[Nest] 4917  - [39m06/03/2026, 8:24:28 PM [32m    LOG[39m [38;5;3m[RouterExplorer] [39m[32mMapped {/api/v1/payouts/request, POST} route[39m[38;5;3m +0ms[39m
[32m[Nest] 4917  - [39m06/03/2026, 8:24:28 PM [32m    LOG[39m [38;5;3m[RoutesResolver] [39m[32mReferralsController {/api/v1/referrals}:[39m[38;5;3m +0ms[39m
[32m[Nest] 4917  - [39m06/03/2026, 8:24:28 PM [32m    LOG[39m [38;5;3m[RouterExplorer] [39m[32mMapped {/api/v1/referrals, GET} route[39m[38;5;3m +0ms[39m
[32m[Nest] 4917  - [39m06/03/2026, 8:24:29 PM [32m    LOG[39m [38;5;3m[PrismaService] [39m[32mDatabase connected[39m
[32m[Nest] 4917  - [39m06/03/2026, 8:24:29 PM [32m    LOG[39m [38;5;3m[NestApplication] [39m[32mNest application successfully started[39m[38;5;3m +41ms[39m
[31m[Nest] 4917  - [39m06/03/2026, 8:24:29 PM [31m  ERROR[39m [38;5;3m[NestApplication] [39m[31mError: listen EADDRINUSE: address already in use :::3001[39m[38;5;3m +1ms[39m
node:net:1912
    const ex = new UVExceptionWithHostPort(err, 'listen', address, port);
               ^

Error: listen EADDRINUSE: address already in use :::3001
    at Server.setupListenHandle [as _listen2] (node:net:1912:16)
    at listenInCluster (node:net:1969:12)
    at Server.listen (node:net:2074:7)
    at ExpressAdapter.listen (/Users/vytvytskyi/foryou_partners/backend/node_modules/@nestjs/platform-express/adapters/express-adapter.js:95:32)
    at /Users/vytvytskyi/foryou_partners/backend/node_modules/@nestjs/core/nest-application.js:183:30
    at new Promise (<anonymous>)
    at NestApplication.listen (/Users/vytvytskyi/foryou_partners/backend/node_modules/@nestjs/core/nest-application.js:173:16)
    at async bootstrap (/Users/vytvytskyi/foryou_partners/backend/src/main.ts:75:3) {
  code: 'EADDRINUSE',
  errno: -48,
  syscall: 'listen',
  address: '::',
  port: 3001
}

Node.js v22.12.0
[2J[3J[H[[90m8:34:27 PM[0m] File change detected. Starting incremental compilation...

[[90m8:34:37 PM[0m] Found 0 errors. Watching for file changes.

[32m[Nest] 5716  - [39m06/03/2026, 8:34:54 PM [32m    LOG[39m [38;5;3m[NestFactory] [39m[32mStarting Nest application...[39m
[32m[Nest] 5716  - [39m06/03/2026, 8:34:55 PM [32m    LOG[39m [38;5;3m[InstanceLoader] [39m[32mAppModule dependencies initialized[39m[38;5;3m +127ms[39m
[32m[Nest] 5716  - [39m06/03/2026, 8:34:55 PM [32m    LOG[39m [38;5;3m[InstanceLoader] [39m[32mConfigModule dependencies initialized[39m[38;5;3m +1ms[39m
[32m[Nest] 5716  - [39m06/03/2026, 8:34:55 PM [32m    LOG[39m [38;5;3m[InstanceLoader] [39m[32mDatabaseModule dependencies initialized[39m[38;5;3m +32ms[39m
[32m[Nest] 5716  - [39m06/03/2026, 8:34:55 PM [32m    LOG[39m [38;5;3m[InstanceLoader] [39m[32mPassportModule dependencies initialized[39m[38;5;3m +0ms[39m
[32m[Nest] 5716  - [39m06/03/2026, 8:34:55 PM [32m    LOG[39m [38;5;3m[InstanceLoader] [39m[32mThrottlerModule dependencies initialized[39m[38;5;3m +53ms[39m
[32m[Nest] 5716  - [39m06/03/2026, 8:34:55 PM [32m    LOG[39m [38;5;3m[InstanceLoader] [39m[32mJwtModule dependencies initialized[39m[38;5;3m +0ms[39m
[32m[Nest] 5716  - [39m06/03/2026, 8:34:55 PM [32m    LOG[39m [38;5;3m[InstanceLoader] [39m[32mConfigHostModule dependencies initialized[39m[38;5;3m +1ms[39m
[32m[Nest] 5716  - [39m06/03/2026, 8:34:55 PM [32m    LOG[39m [38;5;3m[InstanceLoader] [39m[32mAuditModule dependencies initialized[39m[38;5;3m +0ms[39m
[32m[Nest] 5716  - [39m06/03/2026, 8:34:55 PM [32m    LOG[39m [38;5;3m[InstanceLoader] [39m[32mDiscoveryModule dependencies initialized[39m[38;5;3m +1ms[39m
[32m[Nest] 5716  - [39m06/03/2026, 8:34:55 PM [32m    LOG[39m [38;5;3m[InstanceLoader] [39m[32mTerminusModule dependencies initialized[39m[38;5;3m +0ms[39m
[32m[Nest] 5716  - [39m06/03/2026, 8:34:55 PM [32m    LOG[39m [38;5;3m[InstanceLoader] [39m[32mConfigModule dependencies initialized[39m[38;5;3m +1ms[39m
[32m[Nest] 5716  - [39m06/03/2026, 8:34:55 PM [32m    LOG[39m [38;5;3m[InstanceLoader] [39m[32mScheduleModule dependencies initialized[39m[38;5;3m +5ms[39m
[32m[Nest] 5716  - [39m06/03/2026, 8:34:55 PM [32m    LOG[39m [38;5;3m[InstanceLoader] [39m[32mRedisModule dependencies initialized[39m[38;5;3m +0ms[39m
[32m[Nest] 5716  - [39m06/03/2026, 8:34:55 PM [32m    LOG[39m [38;5;3m[InstanceLoader] [39m[32mEmailModule dependencies initialized[39m[38;5;3m +1ms[39m
[32m[Nest] 5716  - [39m06/03/2026, 8:34:55 PM [32m    LOG[39m [38;5;3m[InstanceLoader] [39m[32mProfileModule dependencies initialized[39m[38;5;3m +2ms[39m
[32m[Nest] 5716  - [39m06/03/2026, 8:34:55 PM [32m    LOG[39m [38;5;3m[InstanceLoader] [39m[32mAnalyticsModule dependencies initialized[39m[38;5;3m +0ms[39m
[32m[Nest] 5716  - [39m06/03/2026, 8:34:55 PM [32m    LOG[39m [38;5;3m[InstanceLoader] [39m[32mPayoutsModule dependencies initialized[39m[38;5;3m +0ms[39m
[32m[Nest] 5716  - [39m06/03/2026, 8:34:55 PM [32m    LOG[39m [38;5;3m[InstanceLoader] [39m[32mReferralsModule dependencies initialized[39m[38;5;3m +0ms[39m
[32m[Nest] 5716  - [39m06/03/2026, 8:34:55 PM [32m    LOG[39m [38;5;3m[InstanceLoader] [39m[32mAuthModule dependencies initialized[39m[38;5;3m +0ms[39m
[32m[Nest] 5716  - [39m06/03/2026, 8:34:55 PM [32m    LOG[39m [38;5;3m[InstanceLoader] [39m[32mHealthModule dependencies initialized[39m[38;5;3m +0ms[39m
[32m[Nest] 5716  - [39m06/03/2026, 8:34:55 PM [32m    LOG[39m [38;5;3m[InstanceLoader] [39m[32mWebhookModule dependencies initialized[39m[38;5;3m +0ms[39m
[32m[Nest] 5716  - [39m06/03/2026, 8:34:55 PM [32m    LOG[39m [38;5;3m[InstanceLoader] [39m[32mAmoModule dependencies initialized[39m[38;5;3m +1ms[39m
[32m[Nest] 5716  - [39m06/03/2026, 8:34:55 PM [32m    LOG[39m [38;5;3m[InstanceLoader] [39m[32mAdminModule dependencies initialized[39m[38;5;3m +0ms[39m
[32m[Nest] 5716  - [39m06/03/2026, 8:34:55 PM [32m    LOG[39m [38;5;3m[InstanceLoader] [39m[32mLeadsModule dependencies initialized[39m[38;5;3m +0ms[39m
[32m[Nest] 5716  - [39m06/03/2026, 8:34:55 PM [32m    LOG[39m [38;5;3m[RoutesResolver] [39m[32mHealthController {/api/v1/health}:[39m[38;5;3m +12ms[39m
[32m[Nest] 5716  - [39m06/03/2026, 8:34:55 PM [32m    LOG[39m [38;5;3m[RouterExplorer] [39m[32mMapped {/api/v1/health, GET} route[39m[38;5;3m +1ms[39m
[32m[Nest] 5716  - [39m06/03/2026, 8:34:55 PM [32m    LOG[39m [38;5;3m[RoutesResolver] [39m[32mAuthController {/api/v1/auth}:[39m[38;5;3m +0ms[39m
[32m[Nest] 5716  - [39m06/03/2026, 8:34:55 PM [32m    LOG[39m [38;5;3m[RouterExplorer] [39m[32mMapped {/api/v1/auth/login, POST} route[39m[38;5;3m +1ms[39m
[32m[Nest] 5716  - [39m06/03/2026, 8:34:55 PM [32m    LOG[39m [38;5;3m[RouterExplorer] [39m[32mMapped {/api/v1/auth/register, POST} route[39m[38;5;3m +0ms[39m
[32m[Nest] 5716  - [39m06/03/2026, 8:34:55 PM [32m    LOG[39m [38;5;3m[RouterExplorer] [39m[32mMapped {/api/v1/auth/refresh, POST} route[39m[38;5;3m +4ms[39m
[32m[Nest] 5716  - [39m06/03/2026, 8:34:55 PM [32m    LOG[39m [38;5;3m[RouterExplorer] [39m[32mMapped {/api/v1/auth/logout, POST} route[39m[38;5;3m +0ms[39m
[32m[Nest] 5716  - [39m06/03/2026, 8:34:55 PM [32m    LOG[39m [38;5;3m[RouterExplorer] [39m[32mMapped {/api/v1/auth/password/forgot, POST} route[39m[38;5;3m +0ms[39m
[32m[Nest] 5716  - [39m06/03/2026, 8:34:55 PM [32m    LOG[39m [38;5;3m[RouterExplorer] [39m[32mMapped {/api/v1/auth/password/reset, POST} route[39m[38;5;3m +0ms[39m
[32m[Nest] 5716  - [39m06/03/2026, 8:34:55 PM [32m    LOG[39m [38;5;3m[RoutesResolver] [39m[32mLeadsController {/api/v1/leads}:[39m[38;5;3m +0ms[39m
[32m[Nest] 5716  - [39m06/03/2026, 8:34:55 PM [32m    LOG[39m [38;5;3m[RouterExplorer] [39m[32mMapped {/api/v1/leads, GET} route[39m[38;5;3m +0ms[39m
[32m[Nest] 5716  - [39m06/03/2026, 8:34:55 PM [32m    LOG[39m [38;5;3m[RouterExplorer] [39m[32mMapped {/api/v1/leads, POST} route[39m[38;5;3m +0ms[39m
[32m[Nest] 5716  - [39m06/03/2026, 8:34:55 PM [32m    LOG[39m [38;5;3m[RouterExplorer] [39m[32mMapped {/api/v1/leads/board, GET} route[39m[38;5;3m +1ms[39m
[32m[Nest] 5716  - [39m06/03/2026, 8:34:55 PM [32m    LOG[39m [38;5;3m[RouterExplorer] [39m[32mMapped {/api/v1/leads/:id, GET} route[39m[38;5;3m +0ms[39m
[32m[Nest] 5716  - [39m06/03/2026, 8:34:55 PM [32m    LOG[39m [38;5;3m[RouterExplorer] [39m[32mMapped {/api/v1/leads/:id/history, GET} route[39m[38;5;3m +0ms[39m
[32m[Nest] 5716  - [39m06/03/2026, 8:34:55 PM [32m    LOG[39m [38;5;3m[RouterExplorer] [39m[32mMapped {/api/v1/leads/:id/notes, GET} route[39m[38;5;3m +0ms[39m
[32m[Nest] 5716  - [39m06/03/2026, 8:34:55 PM [32m    LOG[39m [38;5;3m[RouterExplorer] [39m[32mMapped {/api/v1/leads/:id/notes, POST} route[39m[38;5;3m +0ms[39m
[32m[Nest] 5716  - [39m06/03/2026, 8:34:55 PM [32m    LOG[39m [38;5;3m[RoutesResolver] [39m[32mAmoController {/api/v1/amo-crm}:[39m[38;5;3m +0ms[39m
[32m[Nest] 5716  - [39m06/03/2026, 8:34:55 PM [32m    LOG[39m [38;5;3m[RouterExplorer] [39m[32mMapped {/api/v1/amo-crm/connect, GET} route[39m[38;5;3m +0ms[39m
[32m[Nest] 5716  - [39m06/03/2026, 8:34:55 PM [32m    LOG[39m [38;5;3m[RouterExplorer] [39m[32mMapped {/api/v1/amo-crm/callback, GET} route[39m[38;5;3m +0ms[39m
[32m[Nest] 5716  - [39m06/03/2026, 8:34:55 PM [32m    LOG[39m [38;5;3m[RouterExplorer] [39m[32mMapped {/api/v1/amo-crm/backfill, POST} route[39m[38;5;3m +0ms[39m
[32m[Nest] 5716  - [39m06/03/2026, 8:34:55 PM [32m    LOG[39m [38;5;3m[RouterExplorer] [39m[32mMapped {/api/v1/amo-crm/backfill-history, POST} route[39m[38;5;3m +0ms[39m
[32m[Nest] 5716  - [39m06/03/2026, 8:34:55 PM [32m    LOG[39m [38;5;3m[RouterExplorer] [39m[32mMapped {/api/v1/amo-crm/sources, GET} route[39m[38;5;3m +0ms[39m
[32m[Nest] 5716  - [39m06/03/2026, 8:34:55 PM [32m    LOG[39m [38;5;3m[RouterExplorer] [39m[32mMapped {/api/v1/amo-crm/tags, GET} route[39m[38;5;3m +0ms[39m
[32m[Nest] 5716  - [39m06/03/2026, 8:34:55 PM [32m    LOG[39m [38;5;3m[RouterExplorer] [39m[32mMapped {/api/v1/amo-crm/pipelines, GET} route[39m[38;5;3m +0ms[39m
[32m[Nest] 5716  - [39m06/03/2026, 8:34:55 PM [32m    LOG[39m [38;5;3m[RoutesResolver] [39m[32mAdminController {/api/v1/admin/partners}:[39m[38;5;3m +0ms[39m
[32m[Nest] 5716  - [39m06/03/2026, 8:34:55 PM [32m    LOG[39m [38;5;3m[RouterExplorer] [39m[32mMapped {/api/v1/admin/partners, GET} route[39m[38;5;3m +0ms[39m
[32m[Nest] 5716  - [39m06/03/2026, 8:34:55 PM [32m    LOG[39m [38;5;3m[RouterExplorer] [39m[32mMapped {/api/v1/admin/partners, POST} route[39m[38;5;3m +0ms[39m
[32m[Nest] 5716  - [39m06/03/2026, 8:34:55 PM [32m    LOG[39m [38;5;3m[RouterExplorer] [39m[32mMapped {/api/v1/admin/partners/:id, PUT} route[39m[38;5;3m +0ms[39m
[32m[Nest] 5716  - [39m06/03/2026, 8:34:55 PM [32m    LOG[39m [38;5;3m[RouterExplorer] [39m[32mMapped {/api/v1/admin/partners/:id, DELETE} route[39m[38;5;3m +0ms[39m
[32m[Nest] 5716  - [39m06/03/2026, 8:34:55 PM [32m    LOG[39m [38;5;3m[RouterExplorer] [39m[32mMapped {/api/v1/admin/partners/sync, POST} route[39m[38;5;3m +0ms[39m
[32m[Nest] 5716  - [39m06/03/2026, 8:34:55 PM [32m    LOG[39m [38;5;3m[RoutesResolver] [39m[32mWebhookController {/api/v1/webhook}:[39m[38;5;3m +0ms[39m
[32m[Nest] 5716  - [39m06/03/2026, 8:34:55 PM [32m    LOG[39m [38;5;3m[RouterExplorer] [39m[32mMapped {/api/v1/webhook/amocrm, POST} route[39m[38;5;3m +1ms[39m
[32m[Nest] 5716  - [39m06/03/2026, 8:34:55 PM [32m    LOG[39m [38;5;3m[RoutesResolver] [39m[32mProfileController {/api/v1/profile}:[39m[38;5;3m +0ms[39m
[32m[Nest] 5716  - [39m06/03/2026, 8:34:55 PM [32m    LOG[39m [38;5;3m[RouterExplorer] [39m[32mMapped {/api/v1/profile, GET} route[39m[38;5;3m +0ms[39m
[32m[Nest] 5716  - [39m06/03/2026, 8:34:55 PM [32m    LOG[39m [38;5;3m[RouterExplorer] [39m[32mMapped {/api/v1/profile/notifications, PUT} route[39m[38;5;3m +0ms[39m
[32m[Nest] 5716  - [39m06/03/2026, 8:34:55 PM [32m    LOG[39m [38;5;3m[RouterExplorer] [39m[32mMapped {/api/v1/profile/password, PUT} route[39m[38;5;3m +0ms[39m
[32m[Nest] 5716  - [39m06/03/2026, 8:34:55 PM [32m    LOG[39m [38;5;3m[RoutesResolver] [39m[32mAnalyticsController {/api/v1/analytics}:[39m[38;5;3m +0ms[39m
[32m[Nest] 5716  - [39m06/03/2026, 8:34:55 PM [32m    LOG[39m [38;5;3m[RouterExplorer] [39m[32mMapped {/api/v1/analytics/dashboard, GET} route[39m[38;5;3m +0ms[39m
[32m[Nest] 5716  - [39m06/03/2026, 8:34:55 PM [32m    LOG[39m [38;5;3m[RoutesResolver] [39m[32mPayoutsController {/api/v1/payouts}:[39m[38;5;3m +0ms[39m
[32m[Nest] 5716  - [39m06/03/2026, 8:34:55 PM [32m    LOG[39m [38;5;3m[RouterExplorer] [39m[32mMapped {/api/v1/payouts, GET} route[39m[38;5;3m +0ms[39m
[32m[Nest] 5716  - [39m06/03/2026, 8:34:55 PM [32m    LOG[39m [38;5;3m[RouterExplorer] [39m[32mMapped {/api/v1/payouts/request, POST} route[39m[38;5;3m +0ms[39m
[32m[Nest] 5716  - [39m06/03/2026, 8:34:55 PM [32m    LOG[39m [38;5;3m[RoutesResolver] [39m[32mReferralsController {/api/v1/referrals}:[39m[38;5;3m +0ms[39m
[32m[Nest] 5716  - [39m06/03/2026, 8:34:55 PM [32m    LOG[39m [38;5;3m[RouterExplorer] [39m[32mMapped {/api/v1/referrals, GET} route[39m[38;5;3m +0ms[39m
[32m[Nest] 5716  - [39m06/03/2026, 8:34:55 PM [32m    LOG[39m [38;5;3m[PrismaService] [39m[32mDatabase connected[39m
[32m[Nest] 5716  - [39m06/03/2026, 8:34:55 PM [32m    LOG[39m [38;5;3m[NestApplication] [39m[32mNest application successfully started[39m[38;5;3m +122ms[39m
[31m[Nest] 5716  - [39m06/03/2026, 8:34:55 PM [31m  ERROR[39m [38;5;3m[NestApplication] [39m[31mError: listen EADDRINUSE: address already in use :::3001[39m[38;5;3m +6ms[39m
node:net:1912
    const ex = new UVExceptionWithHostPort(err, 'listen', address, port);
               ^

Error: listen EADDRINUSE: address already in use :::3001
    at Server.setupListenHandle [as _listen2] (node:net:1912:16)
    at listenInCluster (node:net:1969:12)
    at Server.listen (node:net:2074:7)
    at ExpressAdapter.listen (/Users/vytvytskyi/foryou_partners/backend/node_modules/@nestjs/platform-express/adapters/express-adapter.js:95:32)
    at /Users/vytvytskyi/foryou_partners/backend/node_modules/@nestjs/core/nest-application.js:183:30
    at new Promise (<anonymous>)
    at NestApplication.listen (/Users/vytvytskyi/foryou_partners/backend/node_modules/@nestjs/core/nest-application.js:173:16)
    at async bootstrap (/Users/vytvytskyi/foryou_partners/backend/src/main.ts:75:3) {
  code: 'EADDRINUSE',
  errno: -48,
  syscall: 'listen',
  address: '::',
  port: 3001
}

Node.js v22.12.0
[2J[3J[H[[90m8:48:01 PM[0m] File change detected. Starting incremental compilation...

[[90m8:48:18 PM[0m] Found 0 errors. Watching for file changes.

[32m[Nest] 6706  - [39m06/03/2026, 8:48:35 PM [32m    LOG[39m [38;5;3m[NestFactory] [39m[32mStarting Nest application...[39m
[32m[Nest] 6706  - [39m06/03/2026, 8:48:36 PM [32m    LOG[39m [38;5;3m[InstanceLoader] [39m[32mAppModule dependencies initialized[39m[38;5;3m +179ms[39m
[32m[Nest] 6706  - [39m06/03/2026, 8:48:36 PM [32m    LOG[39m [38;5;3m[InstanceLoader] [39m[32mConfigModule dependencies initialized[39m[38;5;3m +0ms[39m
[32m[Nest] 6706  - [39m06/03/2026, 8:48:36 PM [32m    LOG[39m [38;5;3m[InstanceLoader] [39m[32mDatabaseModule dependencies initialized[39m[38;5;3m +62ms[39m
[32m[Nest] 6706  - [39m06/03/2026, 8:48:36 PM [32m    LOG[39m [38;5;3m[InstanceLoader] [39m[32mPassportModule dependencies initialized[39m[38;5;3m +1ms[39m
[32m[Nest] 6706  - [39m06/03/2026, 8:48:36 PM [32m    LOG[39m [38;5;3m[InstanceLoader] [39m[32mThrottlerModule dependencies initialized[39m[38;5;3m +197ms[39m
[32m[Nest] 6706  - [39m06/03/2026, 8:48:36 PM [32m    LOG[39m [38;5;3m[InstanceLoader] [39m[32mJwtModule dependencies initialized[39m[38;5;3m +0ms[39m
[32m[Nest] 6706  - [39m06/03/2026, 8:48:36 PM [32m    LOG[39m [38;5;3m[InstanceLoader] [39m[32mConfigHostModule dependencies initialized[39m[38;5;3m +1ms[39m
[32m[Nest] 6706  - [39m06/03/2026, 8:48:36 PM [32m    LOG[39m [38;5;3m[InstanceLoader] [39m[32mAuditModule dependencies initialized[39m[38;5;3m +0ms[39m
[32m[Nest] 6706  - [39m06/03/2026, 8:48:36 PM [32m    LOG[39m [38;5;3m[InstanceLoader] [39m[32mDiscoveryModule dependencies initialized[39m[38;5;3m +2ms[39m
[32m[Nest] 6706  - [39m06/03/2026, 8:48:36 PM [32m    LOG[39m [38;5;3m[InstanceLoader] [39m[32mTerminusModule dependencies initialized[39m[38;5;3m +3ms[39m
[32m[Nest] 6706  - [39m06/03/2026, 8:48:36 PM [32m    LOG[39m [38;5;3m[InstanceLoader] [39m[32mConfigModule dependencies initialized[39m[38;5;3m +0ms[39m
[32m[Nest] 6706  - [39m06/03/2026, 8:48:36 PM [32m    LOG[39m [38;5;3m[InstanceLoader] [39m[32mScheduleModule dependencies initialized[39m[38;5;3m +3ms[39m
[32m[Nest] 6706  - [39m06/03/2026, 8:48:36 PM [32m    LOG[39m [38;5;3m[InstanceLoader] [39m[32mRedisModule dependencies initialized[39m[38;5;3m +1ms[39m
[32m[Nest] 6706  - [39m06/03/2026, 8:48:36 PM [32m    LOG[39m [38;5;3m[InstanceLoader] [39m[32mEmailModule dependencies initialized[39m[38;5;3m +0ms[39m
[32m[Nest] 6706  - [39m06/03/2026, 8:48:36 PM [32m    LOG[39m [38;5;3m[InstanceLoader] [39m[32mProfileModule dependencies initialized[39m[38;5;3m +1ms[39m
[32m[Nest] 6706  - [39m06/03/2026, 8:48:36 PM [32m    LOG[39m [38;5;3m[InstanceLoader] [39m[32mAnalyticsModule dependencies initialized[39m[38;5;3m +0ms[39m
[32m[Nest] 6706  - [39m06/03/2026, 8:48:36 PM [32m    LOG[39m [38;5;3m[InstanceLoader] [39m[32mPayoutsModule dependencies initialized[39m[38;5;3m +0ms[39m
[32m[Nest] 6706  - [39m06/03/2026, 8:48:36 PM [32m    LOG[39m [38;5;3m[InstanceLoader] [39m[32mReferralsModule dependencies initialized[39m[38;5;3m +0ms[39m
[32m[Nest] 6706  - [39m06/03/2026, 8:48:36 PM [32m    LOG[39m [38;5;3m[InstanceLoader] [39m[32mAuthModule dependencies initialized[39m[38;5;3m +0ms[39m
[32m[Nest] 6706  - [39m06/03/2026, 8:48:36 PM [32m    LOG[39m [38;5;3m[InstanceLoader] [39m[32mHealthModule dependencies initialized[39m[38;5;3m +1ms[39m
[32m[Nest] 6706  - [39m06/03/2026, 8:48:36 PM [32m    LOG[39m [38;5;3m[InstanceLoader] [39m[32mWebhookModule dependencies initialized[39m[38;5;3m +0ms[39m
[32m[Nest] 6706  - [39m06/03/2026, 8:48:36 PM [32m    LOG[39m [38;5;3m[InstanceLoader] [39m[32mAmoModule dependencies initialized[39m[38;5;3m +0ms[39m
[32m[Nest] 6706  - [39m06/03/2026, 8:48:36 PM [32m    LOG[39m [38;5;3m[InstanceLoader] [39m[32mAdminModule dependencies initialized[39m[38;5;3m +1ms[39m
[32m[Nest] 6706  - [39m06/03/2026, 8:48:36 PM [32m    LOG[39m [38;5;3m[InstanceLoader] [39m[32mLeadsModule dependencies initialized[39m[38;5;3m +0ms[39m
[32m[Nest] 6706  - [39m06/03/2026, 8:48:36 PM [32m    LOG[39m [38;5;3m[RoutesResolver] [39m[32mHealthController {/api/v1/health}:[39m[38;5;3m +56ms[39m
[32m[Nest] 6706  - [39m06/03/2026, 8:48:36 PM [32m    LOG[39m [38;5;3m[RouterExplorer] [39m[32mMapped {/api/v1/health, GET} route[39m[38;5;3m +1ms[39m
[32m[Nest] 6706  - [39m06/03/2026, 8:48:36 PM [32m    LOG[39m [38;5;3m[RoutesResolver] [39m[32mAuthController {/api/v1/auth}:[39m[38;5;3m +0ms[39m
[32m[Nest] 6706  - [39m06/03/2026, 8:48:36 PM [32m    LOG[39m [38;5;3m[RouterExplorer] [39m[32mMapped {/api/v1/auth/login, POST} route[39m[38;5;3m +0ms[39m
[32m[Nest] 6706  - [39m06/03/2026, 8:48:36 PM [32m    LOG[39m [38;5;3m[RouterExplorer] [39m[32mMapped {/api/v1/auth/register, POST} route[39m[38;5;3m +0ms[39m
[32m[Nest] 6706  - [39m06/03/2026, 8:48:36 PM [32m    LOG[39m [38;5;3m[RouterExplorer] [39m[32mMapped {/api/v1/auth/refresh, POST} route[39m[38;5;3m +1ms[39m
[32m[Nest] 6706  - [39m06/03/2026, 8:48:36 PM [32m    LOG[39m [38;5;3m[RouterExplorer] [39m[32mMapped {/api/v1/auth/logout, POST} route[39m[38;5;3m +0ms[39m
[32m[Nest] 6706  - [39m06/03/2026, 8:48:36 PM [32m    LOG[39m [38;5;3m[RouterExplorer] [39m[32mMapped {/api/v1/auth/password/forgot, POST} route[39m[38;5;3m +0ms[39m
[32m[Nest] 6706  - [39m06/03/2026, 8:48:36 PM [32m    LOG[39m [38;5;3m[RouterExplorer] [39m[32mMapped {/api/v1/auth/password/reset, POST} route[39m[38;5;3m +0ms[39m
[32m[Nest] 6706  - [39m06/03/2026, 8:48:36 PM [32m    LOG[39m [38;5;3m[RoutesResolver] [39m[32mLeadsController {/api/v1/leads}:[39m[38;5;3m +0ms[39m
[32m[Nest] 6706  - [39m06/03/2026, 8:48:36 PM [32m    LOG[39m [38;5;3m[RouterExplorer] [39m[32mMapped {/api/v1/leads, GET} route[39m[38;5;3m +0ms[39m
[32m[Nest] 6706  - [39m06/03/2026, 8:48:36 PM [32m    LOG[39m [38;5;3m[RouterExplorer] [39m[32mMapped {/api/v1/leads, POST} route[39m[38;5;3m +0ms[39m
[32m[Nest] 6706  - [39m06/03/2026, 8:48:36 PM [32m    LOG[39m [38;5;3m[RouterExplorer] [39m[32mMapped {/api/v1/leads/board, GET} route[39m[38;5;3m +0ms[39m
[32m[Nest] 6706  - [39m06/03/2026, 8:48:36 PM [32m    LOG[39m [38;5;3m[RouterExplorer] [39m[32mMapped {/api/v1/leads/:id, GET} route[39m[38;5;3m +0ms[39m
[32m[Nest] 6706  - [39m06/03/2026, 8:48:36 PM [32m    LOG[39m [38;5;3m[RouterExplorer] [39m[32mMapped {/api/v1/leads/:id/history, GET} route[39m[38;5;3m +0ms[39m
[32m[Nest] 6706  - [39m06/03/2026, 8:48:36 PM [32m    LOG[39m [38;5;3m[RouterExplorer] [39m[32mMapped {/api/v1/leads/:id/notes, GET} route[39m[38;5;3m +1ms[39m
[32m[Nest] 6706  - [39m06/03/2026, 8:48:36 PM [32m    LOG[39m [38;5;3m[RouterExplorer] [39m[32mMapped {/api/v1/leads/:id/notes, POST} route[39m[38;5;3m +0ms[39m
[32m[Nest] 6706  - [39m06/03/2026, 8:48:36 PM [32m    LOG[39m [38;5;3m[RoutesResolver] [39m[32mAmoController {/api/v1/amo-crm}:[39m[38;5;3m +0ms[39m
[32m[Nest] 6706  - [39m06/03/2026, 8:48:36 PM [32m    LOG[39m [38;5;3m[RouterExplorer] [39m[32mMapped {/api/v1/amo-crm/connect, GET} route[39m[38;5;3m +0ms[39m
[32m[Nest] 6706  - [39m06/03/2026, 8:48:36 PM [32m    LOG[39m [38;5;3m[RouterExplorer] [39m[32mMapped {/api/v1/amo-crm/callback, GET} route[39m[38;5;3m +0ms[39m
[32m[Nest] 6706  - [39m06/03/2026, 8:48:36 PM [32m    LOG[39m [38;5;3m[RouterExplorer] [39m[32mMapped {/api/v1/amo-crm/backfill, POST} route[39m[38;5;3m +0ms[39m
[32m[Nest] 6706  - [39m06/03/2026, 8:48:36 PM [32m    LOG[39m [38;5;3m[RouterExplorer] [39m[32mMapped {/api/v1/amo-crm/backfill-history, POST} route[39m[38;5;3m +0ms[39m
[32m[Nest] 6706  - [39m06/03/2026, 8:48:36 PM [32m    LOG[39m [38;5;3m[RouterExplorer] [39m[32mMapped {/api/v1/amo-crm/sources, GET} route[39m[38;5;3m +0ms[39m
[32m[Nest] 6706  - [39m06/03/2026, 8:48:36 PM [32m    LOG[39m [38;5;3m[RouterExplorer] [39m[32mMapped {/api/v1/amo-crm/tags, GET} route[39m[38;5;3m +0ms[39m
[32m[Nest] 6706  - [39m06/03/2026, 8:48:36 PM [32m    LOG[39m [38;5;3m[RouterExplorer] [39m[32mMapped {/api/v1/amo-crm/pipelines, GET} route[39m[38;5;3m +0ms[39m
[32m[Nest] 6706  - [39m06/03/2026, 8:48:36 PM [32m    LOG[39m [38;5;3m[RoutesResolver] [39m[32mAdminController {/api/v1/admin/partners}:[39m[38;5;3m +0ms[39m
[32m[Nest] 6706  - [39m06/03/2026, 8:48:36 PM [32m    LOG[39m [38;5;3m[RouterExplorer] [39m[32mMapped {/api/v1/admin/partners, GET} route[39m[38;5;3m +0ms[39m
[32m[Nest] 6706  - [39m06/03/2026, 8:48:36 PM [32m    LOG[39m [38;5;3m[RouterExplorer] [39m[32mMapped {/api/v1/admin/partners, POST} route[39m[38;5;3m +0ms[39m
[32m[Nest] 6706  - [39m06/03/2026, 8:48:36 PM [32m    LOG[39m [38;5;3m[RouterExplorer] [39m[32mMapped {/api/v1/admin/partners/:id, PUT} route[39m[38;5;3m +0ms[39m
[32m[Nest] 6706  - [39m06/03/2026, 8:48:36 PM [32m    LOG[39m [38;5;3m[RouterExplorer] [39m[32mMapped {/api/v1/admin/partners/:id, DELETE} route[39m[38;5;3m +0ms[39m
[32m[Nest] 6706  - [39m06/03/2026, 8:48:36 PM [32m    LOG[39m [38;5;3m[RouterExplorer] [39m[32mMapped {/api/v1/admin/partners/sync, POST} route[39m[38;5;3m +0ms[39m
[32m[Nest] 6706  - [39m06/03/2026, 8:48:36 PM [32m    LOG[39m [38;5;3m[RoutesResolver] [39m[32mWebhookController {/api/v1/webhook}:[39m[38;5;3m +0ms[39m
[32m[Nest] 6706  - [39m06/03/2026, 8:48:36 PM [32m    LOG[39m [38;5;3m[RouterExplorer] [39m[32mMapped {/api/v1/webhook/amocrm, POST} route[39m[38;5;3m +0ms[39m
[32m[Nest] 6706  - [39m06/03/2026, 8:48:36 PM [32m    LOG[39m [38;5;3m[RoutesResolver] [39m[32mProfileController {/api/v1/profile}:[39m[38;5;3m +0ms[39m
[32m[Nest] 6706  - [39m06/03/2026, 8:48:36 PM [32m    LOG[39m [38;5;3m[RouterExplorer] [39m[32mMapped {/api/v1/profile, GET} route[39m[38;5;3m +0ms[39m
[32m[Nest] 6706  - [39m06/03/2026, 8:48:36 PM [32m    LOG[39m [38;5;3m[RouterExplorer] [39m[32mMapped {/api/v1/profile/notifications, PUT} route[39m[38;5;3m +0ms[39m
[32m[Nest] 6706  - [39m06/03/2026, 8:48:36 PM [32m    LOG[39m [38;5;3m[RouterExplorer] [39m[32mMapped {/api/v1/profile/password, PUT} route[39m[38;5;3m +0ms[39m
[32m[Nest] 6706  - [39m06/03/2026, 8:48:36 PM [32m    LOG[39m [38;5;3m[RoutesResolver] [39m[32mAnalyticsController {/api/v1/analytics}:[39m[38;5;3m +0ms[39m
[32m[Nest] 6706  - [39m06/03/2026, 8:48:36 PM [32m    LOG[39m [38;5;3m[RouterExplorer] [39m[32mMapped {/api/v1/analytics/dashboard, GET} route[39m[38;5;3m +0ms[39m
[32m[Nest] 6706  - [39m06/03/2026, 8:48:36 PM [32m    LOG[39m [38;5;3m[RoutesResolver] [39m[32mPayoutsController {/api/v1/payouts}:[39m[38;5;3m +1ms[39m
[32m[Nest] 6706  - [39m06/03/2026, 8:48:36 PM [32m    LOG[39m [38;5;3m[RouterExplorer] [39m[32mMapped {/api/v1/payouts, GET} route[39m[38;5;3m +0ms[39m
[32m[Nest] 6706  - [39m06/03/2026, 8:48:36 PM [32m    LOG[39m [38;5;3m[RouterExplorer] [39m[32mMapped {/api/v1/payouts/request, POST} route[39m[38;5;3m +0ms[39m
[32m[Nest] 6706  - [39m06/03/2026, 8:48:36 PM [32m    LOG[39m [38;5;3m[RoutesResolver] [39m[32mReferralsController {/api/v1/referrals}:[39m[38;5;3m +0ms[39m
[32m[Nest] 6706  - [39m06/03/2026, 8:48:36 PM [32m    LOG[39m [38;5;3m[RouterExplorer] [39m[32mMapped {/api/v1/referrals, GET} route[39m[38;5;3m +0ms[39m
[32m[Nest] 6706  - [39m06/03/2026, 8:48:36 PM [32m    LOG[39m [38;5;3m[PrismaService] [39m[32mDatabase connected[39m
[32m[Nest] 6706  - [39m06/03/2026, 8:48:36 PM [32m    LOG[39m [38;5;3m[NestApplication] [39m[32mNest application successfully started[39m[38;5;3m +69ms[39m
[31m[Nest] 6706  - [39m06/03/2026, 8:48:36 PM [31m  ERROR[39m [38;5;3m[NestApplication] [39m[31mError: listen EADDRINUSE: address already in use :::3001[39m[38;5;3m +9ms[39m
node:net:1912
    const ex = new UVExceptionWithHostPort(err, 'listen', address, port);
               ^

Error: listen EADDRINUSE: address already in use :::3001
    at Server.setupListenHandle [as _listen2] (node:net:1912:16)
    at listenInCluster (node:net:1969:12)
    at Server.listen (node:net:2074:7)
    at ExpressAdapter.listen (/Users/vytvytskyi/foryou_partners/backend/node_modules/@nestjs/platform-express/adapters/express-adapter.js:95:32)
    at /Users/vytvytskyi/foryou_partners/backend/node_modules/@nestjs/core/nest-application.js:183:30
    at new Promise (<anonymous>)
    at NestApplication.listen (/Users/vytvytskyi/foryou_partners/backend/node_modules/@nestjs/core/nest-application.js:173:16)
    at async bootstrap (/Users/vytvytskyi/foryou_partners/backend/src/main.ts:75:3) {
  code: 'EADDRINUSE',
  errno: -48,
  syscall: 'listen',
  address: '::',
  port: 3001
}

Node.js v22.12.0
[2J[3J[H[[90m8:48:50 PM[0m] File change detected. Starting incremental compilation...

[96msrc/payouts/payouts.service.ts[0m:[93m84[0m:[93m9[0m - [91merror[0m[90m TS2322: [0mType 'string | null' is not assignable to type 'string | undefined'.
  Type 'null' is not assignable to type 'string | undefined'.

[7m84[0m         partnerId: user.partnerId,
[7m  [0m [91m        ~~~~~~~~~[0m

  [96mnode_modules/.prisma/client/index.d.ts[0m:[93m17709[0m:[93m5[0m
    [7m17709[0m     partnerId: string
    [7m     [0m [96m    ~~~~~~~~~[0m
    The expected type comes from property 'partnerId' which is declared here on type '(Without<PayoutCreateInput, PayoutUncheckedCreateInput> & PayoutUncheckedCreateInput) | (Without<...> & PayoutCreateInput)'

[[90m8:48:56 PM[0m] Found 1 error. Watching for file changes.

[2J[3J[H[[90m8:49:12 PM[0m] File change detected. Starting incremental compilation...

[[90m8:49:20 PM[0m] Found 0 errors. Watching for file changes.

[32m[Nest] 6789  - [39m06/03/2026, 8:49:38 PM [32m    LOG[39m [38;5;3m[NestFactory] [39m[32mStarting Nest application...[39m
[32m[Nest] 6789  - [39m06/03/2026, 8:49:39 PM [32m    LOG[39m [38;5;3m[InstanceLoader] [39m[32mAppModule dependencies initialized[39m[38;5;3m +269ms[39m
[32m[Nest] 6789  - [39m06/03/2026, 8:49:39 PM [32m    LOG[39m [38;5;3m[InstanceLoader] [39m[32mConfigModule dependencies initialized[39m[38;5;3m +0ms[39m
[32m[Nest] 6789  - [39m06/03/2026, 8:49:39 PM [32m    LOG[39m [38;5;3m[InstanceLoader] [39m[32mDatabaseModule dependencies initialized[39m[38;5;3m +179ms[39m
[32m[Nest] 6789  - [39m06/03/2026, 8:49:39 PM [32m    LOG[39m [38;5;3m[InstanceLoader] [39m[32mPassportModule dependencies initialized[39m[38;5;3m +2ms[39m
[32m[Nest] 6789  - [39m06/03/2026, 8:49:39 PM [32m    LOG[39m [38;5;3m[InstanceLoader] [39m[32mThrottlerModule dependencies initialized[39m[38;5;3m +148ms[39m
[32m[Nest] 6789  - [39m06/03/2026, 8:49:39 PM [32m    LOG[39m [38;5;3m[InstanceLoader] [39m[32mJwtModule dependencies initialized[39m[38;5;3m +0ms[39m
[32m[Nest] 6789  - [39m06/03/2026, 8:49:39 PM [32m    LOG[39m [38;5;3m[InstanceLoader] [39m[32mConfigHostModule dependencies initialized[39m[38;5;3m +10ms[39m
[32m[Nest] 6789  - [39m06/03/2026, 8:49:39 PM [32m    LOG[39m [38;5;3m[InstanceLoader] [39m[32mAuditModule dependencies initialized[39m[38;5;3m +1ms[39m
[32m[Nest] 6789  - [39m06/03/2026, 8:49:39 PM [32m    LOG[39m [38;5;3m[InstanceLoader] [39m[32mDiscoveryModule dependencies initialized[39m[38;5;3m +2ms[39m
[32m[Nest] 6789  - [39m06/03/2026, 8:49:39 PM [32m    LOG[39m [38;5;3m[InstanceLoader] [39m[32mTerminusModule dependencies initialized[39m[38;5;3m +3ms[39m
[32m[Nest] 6789  - [39m06/03/2026, 8:49:39 PM [32m    LOG[39m [38;5;3m[InstanceLoader] [39m[32mConfigModule dependencies initialized[39m[38;5;3m +1ms[39m
[32m[Nest] 6789  - [39m06/03/2026, 8:49:39 PM [32m    LOG[39m [38;5;3m[InstanceLoader] [39m[32mScheduleModule dependencies initialized[39m[38;5;3m +19ms[39m
[32m[Nest] 6789  - [39m06/03/2026, 8:49:39 PM [32m    LOG[39m [38;5;3m[InstanceLoader] [39m[32mRedisModule dependencies initialized[39m[38;5;3m +7ms[39m
[32m[Nest] 6789  - [39m06/03/2026, 8:49:39 PM [32m    LOG[39m [38;5;3m[InstanceLoader] [39m[32mEmailModule dependencies initialized[39m[38;5;3m +0ms[39m
[32m[Nest] 6789  - [39m06/03/2026, 8:49:39 PM [32m    LOG[39m [38;5;3m[InstanceLoader] [39m[32mProfileModule dependencies initialized[39m[38;5;3m +0ms[39m
[32m[Nest] 6789  - [39m06/03/2026, 8:49:39 PM [32m    LOG[39m [38;5;3m[InstanceLoader] [39m[32mAnalyticsModule dependencies initialized[39m[38;5;3m +0ms[39m
[32m[Nest] 6789  - [39m06/03/2026, 8:49:39 PM [32m    LOG[39m [38;5;3m[InstanceLoader] [39m[32mPayoutsModule dependencies initialized[39m[38;5;3m +1ms[39m
[32m[Nest] 6789  - [39m06/03/2026, 8:49:39 PM [32m    LOG[39m [38;5;3m[InstanceLoader] [39m[32mReferralsModule dependencies initialized[39m[38;5;3m +0ms[39m
[32m[Nest] 6789  - [39m06/03/2026, 8:49:39 PM [32m    LOG[39m [38;5;3m[InstanceLoader] [39m[32mAuthModule dependencies initialized[39m[38;5;3m +0ms[39m
[32m[Nest] 6789  - [39m06/03/2026, 8:49:39 PM [32m    LOG[39m [38;5;3m[InstanceLoader] [39m[32mHealthModule dependencies initialized[39m[38;5;3m +0ms[39m
[32m[Nest] 6789  - [39m06/03/2026, 8:49:39 PM [32m    LOG[39m [38;5;3m[InstanceLoader] [39m[32mWebhookModule dependencies initialized[39m[38;5;3m +0ms[39m
[32m[Nest] 6789  - [39m06/03/2026, 8:49:39 PM [32m    LOG[39m [38;5;3m[InstanceLoader] [39m[32mAmoModule dependencies initialized[39m[38;5;3m +0ms[39m
[32m[Nest] 6789  - [39m06/03/2026, 8:49:39 PM [32m    LOG[39m [38;5;3m[InstanceLoader] [39m[32mAdminModule dependencies initialized[39m[38;5;3m +0ms[39m
[32m[Nest] 6789  - [39m06/03/2026, 8:49:39 PM [32m    LOG[39m [38;5;3m[InstanceLoader] [39m[32mLeadsModule dependencies initialized[39m[38;5;3m +0ms[39m
[32m[Nest] 6789  - [39m06/03/2026, 8:49:39 PM [32m    LOG[39m [38;5;3m[RoutesResolver] [39m[32mHealthController {/api/v1/health}:[39m[38;5;3m +29ms[39m
[32m[Nest] 6789  - [39m06/03/2026, 8:49:39 PM [32m    LOG[39m [38;5;3m[RouterExplorer] [39m[32mMapped {/api/v1/health, GET} route[39m[38;5;3m +7ms[39m
[32m[Nest] 6789  - [39m06/03/2026, 8:49:39 PM [32m    LOG[39m [38;5;3m[RoutesResolver] [39m[32mAuthController {/api/v1/auth}:[39m[38;5;3m +1ms[39m
[32m[Nest] 6789  - [39m06/03/2026, 8:49:39 PM [32m    LOG[39m [38;5;3m[RouterExplorer] [39m[32mMapped {/api/v1/auth/login, POST} route[39m[38;5;3m +0ms[39m
[32m[Nest] 6789  - [39m06/03/2026, 8:49:39 PM [32m    LOG[39m [38;5;3m[RouterExplorer] [39m[32mMapped {/api/v1/auth/register, POST} route[39m[38;5;3m +1ms[39m
[32m[Nest] 6789  - [39m06/03/2026, 8:49:39 PM [32m    LOG[39m [38;5;3m[RouterExplorer] [39m[32mMapped {/api/v1/auth/refresh, POST} route[39m[38;5;3m +1ms[39m
[32m[Nest] 6789  - [39m06/03/2026, 8:49:39 PM [32m    LOG[39m [38;5;3m[RouterExplorer] [39m[32mMapped {/api/v1/auth/logout, POST} route[39m[38;5;3m +0ms[39m
[32m[Nest] 6789  - [39m06/03/2026, 8:49:39 PM [32m    LOG[39m [38;5;3m[RouterExplorer] [39m[32mMapped {/api/v1/auth/password/forgot, POST} route[39m[38;5;3m +0ms[39m
[32m[Nest] 6789  - [39m06/03/2026, 8:49:39 PM [32m    LOG[39m [38;5;3m[RouterExplorer] [39m[32mMapped {/api/v1/auth/password/reset, POST} route[39m[38;5;3m +1ms[39m
[32m[Nest] 6789  - [39m06/03/2026, 8:49:39 PM [32m    LOG[39m [38;5;3m[RoutesResolver] [39m[32mLeadsController {/api/v1/leads}:[39m[38;5;3m +0ms[39m
[32m[Nest] 6789  - [39m06/03/2026, 8:49:39 PM [32m    LOG[39m [38;5;3m[RouterExplorer] [39m[32mMapped {/api/v1/leads, GET} route[39m[38;5;3m +6ms[39m
[32m[Nest] 6789  - [39m06/03/2026, 8:49:39 PM [32m    LOG[39m [38;5;3m[RouterExplorer] [39m[32mMapped {/api/v1/leads, POST} route[39m[38;5;3m +7ms[39m
[32m[Nest] 6789  - [39m06/03/2026, 8:49:39 PM [32m    LOG[39m [38;5;3m[RouterExplorer] [39m[32mMapped {/api/v1/leads/board, GET} route[39m[38;5;3m +1ms[39m
[32m[Nest] 6789  - [39m06/03/2026, 8:49:39 PM [32m    LOG[39m [38;5;3m[RouterExplorer] [39m[32mMapped {/api/v1/leads/:id, GET} route[39m[38;5;3m +1ms[39m
[32m[Nest] 6789  - [39m06/03/2026, 8:49:39 PM [32m    LOG[39m [38;5;3m[RouterExplorer] [39m[32mMapped {/api/v1/leads/:id/history, GET} route[39m[38;5;3m +0ms[39m
[32m[Nest] 6789  - [39m06/03/2026, 8:49:39 PM [32m    LOG[39m [38;5;3m[RouterExplorer] [39m[32mMapped {/api/v1/leads/:id/notes, GET} route[39m[38;5;3m +0ms[39m
[32m[Nest] 6789  - [39m06/03/2026, 8:49:39 PM [32m    LOG[39m [38;5;3m[RouterExplorer] [39m[32mMapped {/api/v1/leads/:id/notes, POST} route[39m[38;5;3m +2ms[39m
[32m[Nest] 6789  - [39m06/03/2026, 8:49:39 PM [32m    LOG[39m [38;5;3m[RoutesResolver] [39m[32mAmoController {/api/v1/amo-crm}:[39m[38;5;3m +0ms[39m
[32m[Nest] 6789  - [39m06/03/2026, 8:49:39 PM [32m    LOG[39m [38;5;3m[RouterExplorer] [39m[32mMapped {/api/v1/amo-crm/connect, GET} route[39m[38;5;3m +0ms[39m
[32m[Nest] 6789  - [39m06/03/2026, 8:49:39 PM [32m    LOG[39m [38;5;3m[RouterExplorer] [39m[32mMapped {/api/v1/amo-crm/callback, GET} route[39m[38;5;3m +1ms[39m
[32m[Nest] 6789  - [39m06/03/2026, 8:49:39 PM [32m    LOG[39m [38;5;3m[RouterExplorer] [39m[32mMapped {/api/v1/amo-crm/backfill, POST} route[39m[38;5;3m +0ms[39m
[32m[Nest] 6789  - [39m06/03/2026, 8:49:39 PM [32m    LOG[39m [38;5;3m[RouterExplorer] [39m[32mMapped {/api/v1/amo-crm/backfill-history, POST} route[39m[38;5;3m +0ms[39m
[32m[Nest] 6789  - [39m06/03/2026, 8:49:39 PM [32m    LOG[39m [38;5;3m[RouterExplorer] [39m[32mMapped {/api/v1/amo-crm/sources, GET} route[39m[38;5;3m +7ms[39m
[32m[Nest] 6789  - [39m06/03/2026, 8:49:39 PM [32m    LOG[39m [38;5;3m[RouterExplorer] [39m[32mMapped {/api/v1/amo-crm/tags, GET} route[39m[38;5;3m +13ms[39m
[32m[Nest] 6789  - [39m06/03/2026, 8:49:39 PM [32m    LOG[39m [38;5;3m[RouterExplorer] [39m[32mMapped {/api/v1/amo-crm/pipelines, GET} route[39m[38;5;3m +1ms[39m
[32m[Nest] 6789  - [39m06/03/2026, 8:49:39 PM [32m    LOG[39m [38;5;3m[RoutesResolver] [39m[32mAdminController {/api/v1/admin/partners}:[39m[38;5;3m +0ms[39m
[32m[Nest] 6789  - [39m06/03/2026, 8:49:39 PM [32m    LOG[39m [38;5;3m[RouterExplorer] [39m[32mMapped {/api/v1/admin/partners, GET} route[39m[38;5;3m +0ms[39m
[32m[Nest] 6789  - [39m06/03/2026, 8:49:39 PM [32m    LOG[39m [38;5;3m[RouterExplorer] [39m[32mMapped {/api/v1/admin/partners, POST} route[39m[38;5;3m +1ms[39m
[32m[Nest] 6789  - [39m06/03/2026, 8:49:39 PM [32m    LOG[39m [38;5;3m[RouterExplorer] [39m[32mMapped {/api/v1/admin/partners/:id, PUT} route[39m[38;5;3m +10ms[39m
[32m[Nest] 6789  - [39m06/03/2026, 8:49:39 PM [32m    LOG[39m [38;5;3m[RouterExplorer] [39m[32mMapped {/api/v1/admin/partners/:id, DELETE} route[39m[38;5;3m +27ms[39m
[32m[Nest] 6789  - [39m06/03/2026, 8:49:39 PM [32m    LOG[39m [38;5;3m[RouterExplorer] [39m[32mMapped {/api/v1/admin/partners/sync, POST} route[39m[38;5;3m +3ms[39m
[32m[Nest] 6789  - [39m06/03/2026, 8:49:39 PM [32m    LOG[39m [38;5;3m[RoutesResolver] [39m[32mWebhookController {/api/v1/webhook}:[39m[38;5;3m +27ms[39m
[32m[Nest] 6789  - [39m06/03/2026, 8:49:39 PM [32m    LOG[39m [38;5;3m[RouterExplorer] [39m[32mMapped {/api/v1/webhook/amocrm, POST} route[39m[38;5;3m +3ms[39m
[32m[Nest] 6789  - [39m06/03/2026, 8:49:39 PM [32m    LOG[39m [38;5;3m[RoutesResolver] [39m[32mProfileController {/api/v1/profile}:[39m[38;5;3m +0ms[39m
[32m[Nest] 6789  - [39m06/03/2026, 8:49:39 PM [32m    LOG[39m [38;5;3m[RouterExplorer] [39m[32mMapped {/api/v1/profile, GET} route[39m[38;5;3m +2ms[39m
[32m[Nest] 6789  - [39m06/03/2026, 8:49:39 PM [32m    LOG[39m [38;5;3m[RouterExplorer] [39m[32mMapped {/api/v1/profile/notifications, PUT} route[39m[38;5;3m +0ms[39m
[32m[Nest] 6789  - [39m06/03/2026, 8:49:39 PM [32m    LOG[39m [38;5;3m[RouterExplorer] [39m[32mMapped {/api/v1/profile/password, PUT} route[39m[38;5;3m +1ms[39m
[32m[Nest] 6789  - [39m06/03/2026, 8:49:39 PM [32m    LOG[39m [38;5;3m[RoutesResolver] [39m[32mAnalyticsController {/api/v1/analytics}:[39m[38;5;3m +0ms[39m
[32m[Nest] 6789  - [39m06/03/2026, 8:49:39 PM [32m    LOG[39m [38;5;3m[RouterExplorer] [39m[32mMapped {/api/v1/analytics/dashboard, GET} route[39m[38;5;3m +0ms[39m
[32m[Nest] 6789  - [39m06/03/2026, 8:49:39 PM [32m    LOG[39m [38;5;3m[RoutesResolver] [39m[32mPayoutsController {/api/v1/payouts}:[39m[38;5;3m +1ms[39m
[32m[Nest] 6789  - [39m06/03/2026, 8:49:39 PM [32m    LOG[39m [38;5;3m[RouterExplorer] [39m[32mMapped {/api/v1/payouts, GET} route[39m[38;5;3m +0ms[39m
[32m[Nest] 6789  - [39m06/03/2026, 8:49:39 PM [32m    LOG[39m [38;5;3m[RouterExplorer] [39m[32mMapped {/api/v1/payouts/request, POST} route[39m[38;5;3m +0ms[39m
[32m[Nest] 6789  - [39m06/03/2026, 8:49:39 PM [32m    LOG[39m [38;5;3m[RoutesResolver] [39m[32mReferralsController {/api/v1/referrals}:[39m[38;5;3m +1ms[39m
[32m[Nest] 6789  - [39m06/03/2026, 8:49:39 PM [32m    LOG[39m [38;5;3m[RouterExplorer] [39m[32mMapped {/api/v1/referrals, GET} route[39m[38;5;3m +0ms[39m
/Users/vytvytskyi/foryou_partners/backend/node_modules/@prisma/client/runtime/library.js:112
You may have to run ${qe("prisma generate")} for your changes to take effect.`,this.config.clientVersion);return t}}parseEngineResponse(t){if(!t)throw new B("Response from the Engine was empty",{clientVersion:this.config.clientVersion});try{return JSON.parse(t)}catch{throw new B("Unable to JSON.parse response from engine",{clientVersion:this.config.clientVersion})}}async loadEngine(){if(!this.engine){this.QueryEngineConstructor||(this.library=await this.libraryLoader.loadLibrary(this.config),this.QueryEngineConstructor=this.library.QueryEngine);try{let t=new WeakRef(this),{adapter:r}=this.config;r&&Ae("Using driver adapter: %O",r),this.engine=new this.QueryEngineConstructor({datamodel:this.datamodel,env:process.env,logQueries:this.config.logQueries??!1,ignoreEnvVarErrors:!0,datasourceOverrides:this.datasourceOverrides??{},logLevel:this.logLevel,configDir:this.config.cwd,engineProtocol:"json"},n=>{t.deref()?.logger(n)},r)}catch(t){let r=t,n=this.parseInitError(r.message);throw typeof n=="string"?r:new R(n.message,this.config.clientVersion,n.error_code)}}}logger(t){let r=this.parseEngineResponse(t);if(r){if("span"in r){this.config.tracingHelper.createEngineSpan(r);return}r.level=r?.level.toLowerCase()??"unknown",fm(r)?this.logEmitter.emit("query",{timestamp:new Date,query:r.query,params:r.params,duration:Number(r.duration_ms),target:r.module_path}):gm(r)?this.loggerRustPanic=new le(lo(this,`${r.message}: ${r.reason} in ${r.file}:${r.line}:${r.column}`),this.config.clientVersion):this.logEmitter.emit(r.level,{timestamp:new Date,message:r.message,target:r.module_path})}}parseInitError(t){try{return JSON.parse(t)}catch{}return t}parseRequestError(t){try{return JSON.parse(t)}catch{}return t}onBeforeExit(){throw new Error('"beforeExit" hook is not applicable to the library engine since Prisma 5.0.0, it is only relevant and implemented for the binary engine. Please add your event listener to the `process` object directly instead.')}async start(){if(await this.libraryInstantiationPromise,await this.libraryStoppingPromise,this.libraryStartingPromise)return Ae(`library already starting, this.libraryStarted: ${this.libraryStarted}`),this.libraryStartingPromise;if(this.libraryStarted)return;let t=async()=>{Ae("library starting");try{let r={traceparent:this.config.tracingHelper.getTraceParent()};await this.engine?.connect(JSON.stringify(r)),this.libraryStarted=!0,Ae("library started")}catch(r){let n=this.parseInitError(r.message);throw typeof n=="string"?r:new R(n.message,this.config.clientVersion,n.error_code)}finally{this.libraryStartingPromise=void 0}};return this.libraryStartingPromise=this.config.tracingHelper.runInChildSpan("connect",t),this.libraryStartingPromise}async stop(){if(await this.libraryStartingPromise,await this.executingQueryPromise,this.libraryStoppingPromise)return Ae("library is already stopping"),this.libraryStoppingPromise;if(!this.libraryStarted)return;let t=async()=>{await new Promise(n=>setTimeout(n,5)),Ae("library stopping");let r={traceparent:this.config.tracingHelper.getTraceParent()};await this.engine?.disconnect(JSON.stringify(r)),this.libraryStarted=!1,this.libraryStoppingPromise=void 0,Ae("library stopped")};return this.libraryStoppingPromise=this.config.tracingHelper.runInChildSpan("disconnect",t),this.libraryStoppingPromise}version(){return this.versionInfo=this.library?.version(),this.versionInfo?.version??"unknown"}debugPanic(t){return this.library?.debugPanic(t)}async request(t,{traceparent:r,interactiveTransaction:n}){Ae(`sending request, this.libraryStarted: ${this.libraryStarted}`);let i=JSON.stringify({traceparent:r}),o=JSON.stringify(t);try{await this.start(),this.executingQueryPromise=this.engine?.query(o,i,n?.id),this.lastQuery=o;let s=this.parseEngineResponse(await this.executingQueryPromise);if(s.errors)throw s.errors.length===1?this.buildQueryError(s.errors[0]):new B(JSON.stringify(s.errors),{clientVersion:this.config.clientVersion});if(this.loggerRustPanic)throw this.loggerRustPanic;return{data:s,elapsed:0}}catch(s){if(s instanceof R)throw s;if(s.code==="GenericFailure"&&s.message?.startsWith("PANIC:"))throw new le(lo(this,s.message),this.config.clientVersion);let a=this.parseRequestError(s.message);throw typeof a=="string"?s:new B(`${a.message}
                                                                                                                                                                                                                                                                                                                                                                                                                                                                                                                                                                                                                                                                                                                                                                                                                                                                                                                                                                                                                                                            

PrismaClientInitializationError: Can't reach database server at `localhost:5433`

Please make sure your database server is running at `localhost:5433`.
    at t (/Users/vytvytskyi/foryou_partners/backend/node_modules/@prisma/client/runtime/library.js:112:2488)
    at async Proxy.onModuleInit (/Users/vytvytskyi/foryou_partners/backend/src/database/prisma.service.ts:19:5)
    at async Promise.all (index 0)
    at async callModuleInitHook (/Users/vytvytskyi/foryou_partners/backend/node_modules/@nestjs/core/hooks/on-module-init.hook.js:43:5)
    at async NestApplication.callInitHook (/Users/vytvytskyi/foryou_partners/backend/node_modules/@nestjs/core/nest-application-context.js:234:13)
    at async NestApplication.init (/Users/vytvytskyi/foryou_partners/backend/node_modules/@nestjs/core/nest-application.js:100:9)
    at async NestApplication.listen (/Users/vytvytskyi/foryou_partners/backend/node_modules/@nestjs/core/nest-application.js:170:13)
    at async bootstrap (/Users/vytvytskyi/foryou_partners/backend/src/main.ts:75:3) {
  clientVersion: '5.22.0',
  errorCode: 'P1001'
}

Node.js v22.12.0
[2J[3J[H[[90m8:55:50 PM[0m] File change detected. Starting incremental compilation...

[[90m8:56:00 PM[0m] Found 0 errors. Watching for file changes.

[32m[Nest] 7236  - [39m06/03/2026, 8:56:23 PM [32m    LOG[39m [38;5;3m[NestFactory] [39m[32mStarting Nest application...[39m
[32m[Nest] 7236  - [39m06/03/2026, 8:56:24 PM [32m    LOG[39m [38;5;3m[InstanceLoader] [39m[32mAppModule dependencies initialized[39m[38;5;3m +191ms[39m
[32m[Nest] 7236  - [39m06/03/2026, 8:56:24 PM [32m    LOG[39m [38;5;3m[InstanceLoader] [39m[32mConfigModule dependencies initialized[39m[38;5;3m +0ms[39m
[32m[Nest] 7236  - [39m06/03/2026, 8:56:24 PM [32m    LOG[39m [38;5;3m[InstanceLoader] [39m[32mDatabaseModule dependencies initialized[39m[38;5;3m +85ms[39m
[32m[Nest] 7236  - [39m06/03/2026, 8:56:24 PM [32m    LOG[39m [38;5;3m[InstanceLoader] [39m[32mPassportModule dependencies initialized[39m[38;5;3m +1ms[39m
[32m[Nest] 7236  - [39m06/03/2026, 8:56:24 PM [32m    LOG[39m [38;5;3m[InstanceLoader] [39m[32mThrottlerModule dependencies initialized[39m[38;5;3m +107ms[39m
[32m[Nest] 7236  - [39m06/03/2026, 8:56:24 PM [32m    LOG[39m [38;5;3m[InstanceLoader] [39m[32mJwtModule dependencies initialized[39m[38;5;3m +0ms[39m
[32m[Nest] 7236  - [39m06/03/2026, 8:56:24 PM [32m    LOG[39m [38;5;3m[InstanceLoader] [39m[32mConfigHostModule dependencies initialized[39m[38;5;3m +1ms[39m
[32m[Nest] 7236  - [39m06/03/2026, 8:56:24 PM [32m    LOG[39m [38;5;3m[InstanceLoader] [39m[32mAuditModule dependencies initialized[39m[38;5;3m +0ms[39m
[32m[Nest] 7236  - [39m06/03/2026, 8:56:24 PM [32m    LOG[39m [38;5;3m[InstanceLoader] [39m[32mDiscoveryModule dependencies initialized[39m[38;5;3m +1ms[39m
[32m[Nest] 7236  - [39m06/03/2026, 8:56:24 PM [32m    LOG[39m [38;5;3m[InstanceLoader] [39m[32mTerminusModule dependencies initialized[39m[38;5;3m +0ms[39m
[32m[Nest] 7236  - [39m06/03/2026, 8:56:24 PM [32m    LOG[39m [38;5;3m[InstanceLoader] [39m[32mConfigModule dependencies initialized[39m[38;5;3m +1ms[39m
[32m[Nest] 7236  - [39m06/03/2026, 8:56:24 PM [32m    LOG[39m [38;5;3m[InstanceLoader] [39m[32mScheduleModule dependencies initialized[39m[38;5;3m +4ms[39m
[32m[Nest] 7236  - [39m06/03/2026, 8:56:24 PM [32m    LOG[39m [38;5;3m[InstanceLoader] [39m[32mRedisModule dependencies initialized[39m[38;5;3m +3ms[39m
[32m[Nest] 7236  - [39m06/03/2026, 8:56:24 PM [32m    LOG[39m [38;5;3m[InstanceLoader] [39m[32mEmailModule dependencies initialized[39m[38;5;3m +0ms[39m
[32m[Nest] 7236  - [39m06/03/2026, 8:56:24 PM [32m    LOG[39m [38;5;3m[InstanceLoader] [39m[32mProfileModule dependencies initialized[39m[38;5;3m +1ms[39m
[32m[Nest] 7236  - [39m06/03/2026, 8:56:24 PM [32m    LOG[39m [38;5;3m[InstanceLoader] [39m[32mAnalyticsModule dependencies initialized[39m[38;5;3m +0ms[39m
[32m[Nest] 7236  - [39m06/03/2026, 8:56:24 PM [32m    LOG[39m [38;5;3m[InstanceLoader] [39m[32mPayoutsModule dependencies initialized[39m[38;5;3m +0ms[39m
[32m[Nest] 7236  - [39m06/03/2026, 8:56:24 PM [32m    LOG[39m [38;5;3m[InstanceLoader] [39m[32mReferralsModule dependencies initialized[39m[38;5;3m +0ms[39m
[32m[Nest] 7236  - [39m06/03/2026, 8:56:24 PM [32m    LOG[39m [38;5;3m[InstanceLoader] [39m[32mAuthModule dependencies initialized[39m[38;5;3m +0ms[39m
[32m[Nest] 7236  - [39m06/03/2026, 8:56:24 PM [32m    LOG[39m [38;5;3m[InstanceLoader] [39m[32mHealthModule dependencies initialized[39m[38;5;3m +0ms[39m
[32m[Nest] 7236  - [39m06/03/2026, 8:56:24 PM [32m    LOG[39m [38;5;3m[InstanceLoader] [39m[32mWebhookModule dependencies initialized[39m[38;5;3m +0ms[39m
[32m[Nest] 7236  - [39m06/03/2026, 8:56:24 PM [32m    LOG[39m [38;5;3m[InstanceLoader] [39m[32mAmoModule dependencies initialized[39m[38;5;3m +0ms[39m
[32m[Nest] 7236  - [39m06/03/2026, 8:56:24 PM [32m    LOG[39m [38;5;3m[InstanceLoader] [39m[32mAdminModule dependencies initialized[39m[38;5;3m +0ms[39m
[32m[Nest] 7236  - [39m06/03/2026, 8:56:24 PM [32m    LOG[39m [38;5;3m[InstanceLoader] [39m[32mLeadsModule dependencies initialized[39m[38;5;3m +1ms[39m
[32m[Nest] 7236  - [39m06/03/2026, 8:56:24 PM [32m    LOG[39m [38;5;3m[RoutesResolver] [39m[32mHealthController {/api/v1/health}:[39m[38;5;3m +31ms[39m
[32m[Nest] 7236  - [39m06/03/2026, 8:56:24 PM [32m    LOG[39m [38;5;3m[RouterExplorer] [39m[32mMapped {/api/v1/health, GET} route[39m[38;5;3m +5ms[39m
[32m[Nest] 7236  - [39m06/03/2026, 8:56:24 PM [32m    LOG[39m [38;5;3m[RoutesResolver] [39m[32mAuthController {/api/v1/auth}:[39m[38;5;3m +0ms[39m
[32m[Nest] 7236  - [39m06/03/2026, 8:56:24 PM [32m    LOG[39m [38;5;3m[RouterExplorer] [39m[32mMapped {/api/v1/auth/login, POST} route[39m[38;5;3m +2ms[39m
[32m[Nest] 7236  - [39m06/03/2026, 8:56:24 PM [32m    LOG[39m [38;5;3m[RouterExplorer] [39m[32mMapped {/api/v1/auth/register, POST} route[39m[38;5;3m +6ms[39m
[32m[Nest] 7236  - [39m06/03/2026, 8:56:24 PM [32m    LOG[39m [38;5;3m[RouterExplorer] [39m[32mMapped {/api/v1/auth/refresh, POST} route[39m[38;5;3m +3ms[39m
[32m[Nest] 7236  - [39m06/03/2026, 8:56:24 PM [32m    LOG[39m [38;5;3m[RouterExplorer] [39m[32mMapped {/api/v1/auth/logout, POST} route[39m[38;5;3m +0ms[39m
[32m[Nest] 7236  - [39m06/03/2026, 8:56:24 PM [32m    LOG[39m [38;5;3m[RouterExplorer] [39m[32mMapped {/api/v1/auth/password/forgot, POST} route[39m[38;5;3m +1ms[39m
[32m[Nest] 7236  - [39m06/03/2026, 8:56:24 PM [32m    LOG[39m [38;5;3m[RouterExplorer] [39m[32mMapped {/api/v1/auth/password/reset, POST} route[39m[38;5;3m +0ms[39m
[32m[Nest] 7236  - [39m06/03/2026, 8:56:24 PM [32m    LOG[39m [38;5;3m[RoutesResolver] [39m[32mLeadsController {/api/v1/leads}:[39m[38;5;3m +0ms[39m
[32m[Nest] 7236  - [39m06/03/2026, 8:56:24 PM [32m    LOG[39m [38;5;3m[RouterExplorer] [39m[32mMapped {/api/v1/leads, GET} route[39m[38;5;3m +1ms[39m
[32m[Nest] 7236  - [39m06/03/2026, 8:56:24 PM [32m    LOG[39m [38;5;3m[RouterExplorer] [39m[32mMapped {/api/v1/leads, POST} route[39m[38;5;3m +1ms[39m
[32m[Nest] 7236  - [39m06/03/2026, 8:56:24 PM [32m    LOG[39m [38;5;3m[RouterExplorer] [39m[32mMapped {/api/v1/leads/board, GET} route[39m[38;5;3m +0ms[39m
[32m[Nest] 7236  - [39m06/03/2026, 8:56:24 PM [32m    LOG[39m [38;5;3m[RouterExplorer] [39m[32mMapped {/api/v1/leads/:id, GET} route[39m[38;5;3m +0ms[39m
[32m[Nest] 7236  - [39m06/03/2026, 8:56:24 PM [32m    LOG[39m [38;5;3m[RouterExplorer] [39m[32mMapped {/api/v1/leads/:id/history, GET} route[39m[38;5;3m +0ms[39m
[32m[Nest] 7236  - [39m06/03/2026, 8:56:24 PM [32m    LOG[39m [38;5;3m[RouterExplorer] [39m[32mMapped {/api/v1/leads/:id/notes, GET} route[39m[38;5;3m +0ms[39m
[32m[Nest] 7236  - [39m06/03/2026, 8:56:24 PM [32m    LOG[39m [38;5;3m[RouterExplorer] [39m[32mMapped {/api/v1/leads/:id/notes, POST} route[39m[38;5;3m +0ms[39m
[32m[Nest] 7236  - [39m06/03/2026, 8:56:24 PM [32m    LOG[39m [38;5;3m[RoutesResolver] [39m[32mAmoController {/api/v1/amo-crm}:[39m[38;5;3m +0ms[39m
[32m[Nest] 7236  - [39m06/03/2026, 8:56:24 PM [32m    LOG[39m [38;5;3m[RouterExplorer] [39m[32mMapped {/api/v1/amo-crm/connect, GET} route[39m[38;5;3m +1ms[39m
[32m[Nest] 7236  - [39m06/03/2026, 8:56:24 PM [32m    LOG[39m [38;5;3m[RouterExplorer] [39m[32mMapped {/api/v1/amo-crm/callback, GET} route[39m[38;5;3m +7ms[39m
[32m[Nest] 7236  - [39m06/03/2026, 8:56:24 PM [32m    LOG[39m [38;5;3m[RouterExplorer] [39m[32mMapped {/api/v1/amo-crm/backfill, POST} route[39m[38;5;3m +0ms[39m
[32m[Nest] 7236  - [39m06/03/2026, 8:56:24 PM [32m    LOG[39m [38;5;3m[RouterExplorer] [39m[32mMapped {/api/v1/amo-crm/backfill-history, POST} route[39m[38;5;3m +0ms[39m
[32m[Nest] 7236  - [39m06/03/2026, 8:56:24 PM [32m    LOG[39m [38;5;3m[RouterExplorer] [39m[32mMapped {/api/v1/amo-crm/sources, GET} route[39m[38;5;3m +0ms[39m
[32m[Nest] 7236  - [39m06/03/2026, 8:56:24 PM [32m    LOG[39m [38;5;3m[RouterExplorer] [39m[32mMapped {/api/v1/amo-crm/tags, GET} route[39m[38;5;3m +0ms[39m
[32m[Nest] 7236  - [39m06/03/2026, 8:56:24 PM [32m    LOG[39m [38;5;3m[RouterExplorer] [39m[32mMapped {/api/v1/amo-crm/pipelines, GET} route[39m[38;5;3m +2ms[39m
[32m[Nest] 7236  - [39m06/03/2026, 8:56:24 PM [32m    LOG[39m [38;5;3m[RoutesResolver] [39m[32mAdminController {/api/v1/admin/partners}:[39m[38;5;3m +0ms[39m
[32m[Nest] 7236  - [39m06/03/2026, 8:56:24 PM [32m    LOG[39m [38;5;3m[RouterExplorer] [39m[32mMapped {/api/v1/admin/partners, GET} route[39m[38;5;3m +1ms[39m
[32m[Nest] 7236  - [39m06/03/2026, 8:56:24 PM [32m    LOG[39m [38;5;3m[RouterExplorer] [39m[32mMapped {/api/v1/admin/partners, POST} route[39m[38;5;3m +0ms[39m
[32m[Nest] 7236  - [39m06/03/2026, 8:56:24 PM [32m    LOG[39m [38;5;3m[RouterExplorer] [39m[32mMapped {/api/v1/admin/partners/:id, PUT} route[39m[38;5;3m +0ms[39m
[32m[Nest] 7236  - [39m06/03/2026, 8:56:24 PM [32m    LOG[39m [38;5;3m[RouterExplorer] [39m[32mMapped {/api/v1/admin/partners/:id, DELETE} route[39m[38;5;3m +0ms[39m
[32m[Nest] 7236  - [39m06/03/2026, 8:56:24 PM [32m    LOG[39m [38;5;3m[RouterExplorer] [39m[32mMapped {/api/v1/admin/partners/sync, POST} route[39m[38;5;3m +0ms[39m
[32m[Nest] 7236  - [39m06/03/2026, 8:56:24 PM [32m    LOG[39m [38;5;3m[RoutesResolver] [39m[32mWebhookController {/api/v1/webhook}:[39m[38;5;3m +0ms[39m
[32m[Nest] 7236  - [39m06/03/2026, 8:56:24 PM [32m    LOG[39m [38;5;3m[RouterExplorer] [39m[32mMapped {/api/v1/webhook/amocrm, POST} route[39m[38;5;3m +0ms[39m
[32m[Nest] 7236  - [39m06/03/2026, 8:56:24 PM [32m    LOG[39m [38;5;3m[RoutesResolver] [39m[32mProfileController {/api/v1/profile}:[39m[38;5;3m +0ms[39m
[32m[Nest] 7236  - [39m06/03/2026, 8:56:24 PM [32m    LOG[39m [38;5;3m[RouterExplorer] [39m[32mMapped {/api/v1/profile, GET} route[39m[38;5;3m +0ms[39m
[32m[Nest] 7236  - [39m06/03/2026, 8:56:24 PM [32m    LOG[39m [38;5;3m[RouterExplorer] [39m[32mMapped {/api/v1/profile/notifications, PUT} route[39m[38;5;3m +0ms[39m
[32m[Nest] 7236  - [39m06/03/2026, 8:56:24 PM [32m    LOG[39m [38;5;3m[RouterExplorer] [39m[32mMapped {/api/v1/profile/password, PUT} route[39m[38;5;3m +0ms[39m
[32m[Nest] 7236  - [39m06/03/2026, 8:56:24 PM [32m    LOG[39m [38;5;3m[RoutesResolver] [39m[32mAnalyticsController {/api/v1/analytics}:[39m[38;5;3m +0ms[39m
[32m[Nest] 7236  - [39m06/03/2026, 8:56:24 PM [32m    LOG[39m [38;5;3m[RouterExplorer] [39m[32mMapped {/api/v1/analytics/dashboard, GET} route[39m[38;5;3m +0ms[39m
[32m[Nest] 7236  - [39m06/03/2026, 8:56:24 PM [32m    LOG[39m [38;5;3m[RoutesResolver] [39m[32mPayoutsController {/api/v1/payouts}:[39m[38;5;3m +1ms[39m
[32m[Nest] 7236  - [39m06/03/2026, 8:56:24 PM [32m    LOG[39m [38;5;3m[RouterExplorer] [39m[32mMapped {/api/v1/payouts, GET} route[39m[38;5;3m +0ms[39m
[32m[Nest] 7236  - [39m06/03/2026, 8:56:24 PM [32m    LOG[39m [38;5;3m[RouterExplorer] [39m[32mMapped {/api/v1/payouts/request, POST} route[39m[38;5;3m +0ms[39m
[32m[Nest] 7236  - [39m06/03/2026, 8:56:24 PM [32m    LOG[39m [38;5;3m[RoutesResolver] [39m[32mReferralsController {/api/v1/referrals}:[39m[38;5;3m +0ms[39m
[32m[Nest] 7236  - [39m06/03/2026, 8:56:24 PM [32m    LOG[39m [38;5;3m[RouterExplorer] [39m[32mMapped {/api/v1/referrals, GET} route[39m[38;5;3m +0ms[39m
[32m[Nest] 7236  - [39m06/03/2026, 8:56:24 PM [32m    LOG[39m [38;5;3m[PrismaService] [39m[32mDatabase connected[39m
[32m[Nest] 7236  - [39m06/03/2026, 8:56:24 PM [32m    LOG[39m [38;5;3m[NestApplication] [39m[32mNest application successfully started[39m[38;5;3m +60ms[39m
Backend running on http://localhost:3001/api/v1
bash: line 1: 88340 Killed: 9               npm run start:dev
