
> partner-portal-backend@0.1.0 start:dev
> nest start --watch

[2J[3J[H[[90m11:54:34 AM[0m] Starting compilation in watch mode...

[[90m11:54:35 AM[0m] Found 0 errors. Watching for file changes.

[32m[Nest] 94620  - [39m06/03/2026, 11:54:36 AM [32m    LOG[39m [38;5;3m[NestFactory] [39m[32mStarting Nest application...[39m
[32m[Nest] 94620  - [39m06/03/2026, 11:54:36 AM [32m    LOG[39m [38;5;3m[InstanceLoader] [39m[32mAppModule dependencies initialized[39m[38;5;3m +10ms[39m
[32m[Nest] 94620  - [39m06/03/2026, 11:54:36 AM [32m    LOG[39m [38;5;3m[InstanceLoader] [39m[32mConfigModule dependencies initialized[39m[38;5;3m +0ms[39m
[32m[Nest] 94620  - [39m06/03/2026, 11:54:36 AM [32m    LOG[39m [38;5;3m[InstanceLoader] [39m[32mDatabaseModule dependencies initialized[39m[38;5;3m +11ms[39m
[32m[Nest] 94620  - [39m06/03/2026, 11:54:36 AM [32m    LOG[39m [38;5;3m[InstanceLoader] [39m[32mPassportModule dependencies initialized[39m[38;5;3m +0ms[39m
[32m[Nest] 94620  - [39m06/03/2026, 11:54:36 AM [32m    LOG[39m [38;5;3m[InstanceLoader] [39m[32mThrottlerModule dependencies initialized[39m[38;5;3m +10ms[39m
[32m[Nest] 94620  - [39m06/03/2026, 11:54:36 AM [32m    LOG[39m [38;5;3m[InstanceLoader] [39m[32mJwtModule dependencies initialized[39m[38;5;3m +0ms[39m
[32m[Nest] 94620  - [39m06/03/2026, 11:54:36 AM [32m    LOG[39m [38;5;3m[InstanceLoader] [39m[32mConfigHostModule dependencies initialized[39m[38;5;3m +0ms[39m
[32m[Nest] 94620  - [39m06/03/2026, 11:54:36 AM [32m    LOG[39m [38;5;3m[InstanceLoader] [39m[32mAuditModule dependencies initialized[39m[38;5;3m +0ms[39m
[32m[Nest] 94620  - [39m06/03/2026, 11:54:36 AM [32m    LOG[39m [38;5;3m[InstanceLoader] [39m[32mDiscoveryModule dependencies initialized[39m[38;5;3m +0ms[39m
[32m[Nest] 94620  - [39m06/03/2026, 11:54:36 AM [32m    LOG[39m [38;5;3m[InstanceLoader] [39m[32mTerminusModule dependencies initialized[39m[38;5;3m +1ms[39m
[32m[Nest] 94620  - [39m06/03/2026, 11:54:36 AM [32m    LOG[39m [38;5;3m[InstanceLoader] [39m[32mConfigModule dependencies initialized[39m[38;5;3m +0ms[39m
[32m[Nest] 94620  - [39m06/03/2026, 11:54:36 AM [32m    LOG[39m [38;5;3m[InstanceLoader] [39m[32mScheduleModule dependencies initialized[39m[38;5;3m +0ms[39m
[32m[Nest] 94620  - [39m06/03/2026, 11:54:36 AM [32m    LOG[39m [38;5;3m[InstanceLoader] [39m[32mRedisModule dependencies initialized[39m[38;5;3m +0ms[39m
[32m[Nest] 94620  - [39m06/03/2026, 11:54:36 AM [32m    LOG[39m [38;5;3m[InstanceLoader] [39m[32mEmailModule dependencies initialized[39m[38;5;3m +1ms[39m
[32m[Nest] 94620  - [39m06/03/2026, 11:54:36 AM [32m    LOG[39m [38;5;3m[InstanceLoader] [39m[32mProfileModule dependencies initialized[39m[38;5;3m +0ms[39m
[32m[Nest] 94620  - [39m06/03/2026, 11:54:36 AM [32m    LOG[39m [38;5;3m[InstanceLoader] [39m[32mAnalyticsModule dependencies initialized[39m[38;5;3m +0ms[39m
[32m[Nest] 94620  - [39m06/03/2026, 11:54:36 AM [32m    LOG[39m [38;5;3m[InstanceLoader] [39m[32mPayoutsModule dependencies initialized[39m[38;5;3m +0ms[39m
[32m[Nest] 94620  - [39m06/03/2026, 11:54:36 AM [32m    LOG[39m [38;5;3m[InstanceLoader] [39m[32mReferralsModule dependencies initialized[39m[38;5;3m +0ms[39m
[32m[Nest] 94620  - [39m06/03/2026, 11:54:36 AM [32m    LOG[39m [38;5;3m[InstanceLoader] [39m[32mAuthModule dependencies initialized[39m[38;5;3m +0ms[39m
[32m[Nest] 94620  - [39m06/03/2026, 11:54:36 AM [32m    LOG[39m [38;5;3m[InstanceLoader] [39m[32mHealthModule dependencies initialized[39m[38;5;3m +0ms[39m
[32m[Nest] 94620  - [39m06/03/2026, 11:54:36 AM [32m    LOG[39m [38;5;3m[InstanceLoader] [39m[32mWebhookModule dependencies initialized[39m[38;5;3m +0ms[39m
[32m[Nest] 94620  - [39m06/03/2026, 11:54:36 AM [32m    LOG[39m [38;5;3m[InstanceLoader] [39m[32mAmoModule dependencies initialized[39m[38;5;3m +0ms[39m
[32m[Nest] 94620  - [39m06/03/2026, 11:54:36 AM [32m    LOG[39m [38;5;3m[InstanceLoader] [39m[32mAdminModule dependencies initialized[39m[38;5;3m +0ms[39m
[32m[Nest] 94620  - [39m06/03/2026, 11:54:36 AM [32m    LOG[39m [38;5;3m[InstanceLoader] [39m[32mLeadsModule dependencies initialized[39m[38;5;3m +0ms[39m
[32m[Nest] 94620  - [39m06/03/2026, 11:54:36 AM [32m    LOG[39m [38;5;3m[RoutesResolver] [39m[32mHealthController {/api/v1/health}:[39m[38;5;3m +2ms[39m
[32m[Nest] 94620  - [39m06/03/2026, 11:54:36 AM [32m    LOG[39m [38;5;3m[RouterExplorer] [39m[32mMapped {/api/v1/health, GET} route[39m[38;5;3m +1ms[39m
[32m[Nest] 94620  - [39m06/03/2026, 11:54:36 AM [32m    LOG[39m [38;5;3m[RoutesResolver] [39m[32mAuthController {/api/v1/auth}:[39m[38;5;3m +0ms[39m
[32m[Nest] 94620  - [39m06/03/2026, 11:54:36 AM [32m    LOG[39m [38;5;3m[RouterExplorer] [39m[32mMapped {/api/v1/auth/login, POST} route[39m[38;5;3m +0ms[39m
[32m[Nest] 94620  - [39m06/03/2026, 11:54:36 AM [32m    LOG[39m [38;5;3m[RouterExplorer] [39m[32mMapped {/api/v1/auth/register, POST} route[39m[38;5;3m +0ms[39m
[32m[Nest] 94620  - [39m06/03/2026, 11:54:36 AM [32m    LOG[39m [38;5;3m[RouterExplorer] [39m[32mMapped {/api/v1/auth/refresh, POST} route[39m[38;5;3m +1ms[39m
[32m[Nest] 94620  - [39m06/03/2026, 11:54:36 AM [32m    LOG[39m [38;5;3m[RouterExplorer] [39m[32mMapped {/api/v1/auth/logout, POST} route[39m[38;5;3m +0ms[39m
[32m[Nest] 94620  - [39m06/03/2026, 11:54:36 AM [32m    LOG[39m [38;5;3m[RouterExplorer] [39m[32mMapped {/api/v1/auth/password/forgot, POST} route[39m[38;5;3m +0ms[39m
[32m[Nest] 94620  - [39m06/03/2026, 11:54:36 AM [32m    LOG[39m [38;5;3m[RouterExplorer] [39m[32mMapped {/api/v1/auth/password/reset, POST} route[39m[38;5;3m +0ms[39m
[32m[Nest] 94620  - [39m06/03/2026, 11:54:36 AM [32m    LOG[39m [38;5;3m[RoutesResolver] [39m[32mLeadsController {/api/v1/leads}:[39m[38;5;3m +0ms[39m
[32m[Nest] 94620  - [39m06/03/2026, 11:54:36 AM [32m    LOG[39m [38;5;3m[RouterExplorer] [39m[32mMapped {/api/v1/leads, GET} route[39m[38;5;3m +0ms[39m
[32m[Nest] 94620  - [39m06/03/2026, 11:54:36 AM [32m    LOG[39m [38;5;3m[RouterExplorer] [39m[32mMapped {/api/v1/leads, POST} route[39m[38;5;3m +0ms[39m
[32m[Nest] 94620  - [39m06/03/2026, 11:54:36 AM [32m    LOG[39m [38;5;3m[RouterExplorer] [39m[32mMapped {/api/v1/leads/board, GET} route[39m[38;5;3m +0ms[39m
[32m[Nest] 94620  - [39m06/03/2026, 11:54:36 AM [32m    LOG[39m [38;5;3m[RouterExplorer] [39m[32mMapped {/api/v1/leads/:id, GET} route[39m[38;5;3m +0ms[39m
[32m[Nest] 94620  - [39m06/03/2026, 11:54:36 AM [32m    LOG[39m [38;5;3m[RouterExplorer] [39m[32mMapped {/api/v1/leads/:id/history, GET} route[39m[38;5;3m +0ms[39m
[32m[Nest] 94620  - [39m06/03/2026, 11:54:36 AM [32m    LOG[39m [38;5;3m[RouterExplorer] [39m[32mMapped {/api/v1/leads/:id/notes, GET} route[39m[38;5;3m +0ms[39m
[32m[Nest] 94620  - [39m06/03/2026, 11:54:36 AM [32m    LOG[39m [38;5;3m[RouterExplorer] [39m[32mMapped {/api/v1/leads/:id/notes, POST} route[39m[38;5;3m +1ms[39m
[32m[Nest] 94620  - [39m06/03/2026, 11:54:36 AM [32m    LOG[39m [38;5;3m[RoutesResolver] [39m[32mAmoController {/api/v1/amo-crm}:[39m[38;5;3m +0ms[39m
[32m[Nest] 94620  - [39m06/03/2026, 11:54:36 AM [32m    LOG[39m [38;5;3m[RouterExplorer] [39m[32mMapped {/api/v1/amo-crm/connect, GET} route[39m[38;5;3m +0ms[39m
[32m[Nest] 94620  - [39m06/03/2026, 11:54:36 AM [32m    LOG[39m [38;5;3m[RouterExplorer] [39m[32mMapped {/api/v1/amo-crm/callback, GET} route[39m[38;5;3m +0ms[39m
[32m[Nest] 94620  - [39m06/03/2026, 11:54:36 AM [32m    LOG[39m [38;5;3m[RouterExplorer] [39m[32mMapped {/api/v1/amo-crm/backfill, POST} route[39m[38;5;3m +0ms[39m
[32m[Nest] 94620  - [39m06/03/2026, 11:54:36 AM [32m    LOG[39m [38;5;3m[RouterExplorer] [39m[32mMapped {/api/v1/amo-crm/backfill-history, POST} route[39m[38;5;3m +0ms[39m
[32m[Nest] 94620  - [39m06/03/2026, 11:54:36 AM [32m    LOG[39m [38;5;3m[RouterExplorer] [39m[32mMapped {/api/v1/amo-crm/sources, GET} route[39m[38;5;3m +0ms[39m
[32m[Nest] 94620  - [39m06/03/2026, 11:54:36 AM [32m    LOG[39m [38;5;3m[RouterExplorer] [39m[32mMapped {/api/v1/amo-crm/tags, GET} route[39m[38;5;3m +0ms[39m
[32m[Nest] 94620  - [39m06/03/2026, 11:54:36 AM [32m    LOG[39m [38;5;3m[RouterExplorer] [39m[32mMapped {/api/v1/amo-crm/pipelines, GET} route[39m[38;5;3m +0ms[39m
[32m[Nest] 94620  - [39m06/03/2026, 11:54:36 AM [32m    LOG[39m [38;5;3m[RoutesResolver] [39m[32mAdminController {/api/v1/admin/partners}:[39m[38;5;3m +0ms[39m
[32m[Nest] 94620  - [39m06/03/2026, 11:54:36 AM [32m    LOG[39m [38;5;3m[RouterExplorer] [39m[32mMapped {/api/v1/admin/partners, GET} route[39m[38;5;3m +0ms[39m
[32m[Nest] 94620  - [39m06/03/2026, 11:54:36 AM [32m    LOG[39m [38;5;3m[RouterExplorer] [39m[32mMapped {/api/v1/admin/partners, POST} route[39m[38;5;3m +0ms[39m
[32m[Nest] 94620  - [39m06/03/2026, 11:54:36 AM [32m    LOG[39m [38;5;3m[RouterExplorer] [39m[32mMapped {/api/v1/admin/partners/:id, PUT} route[39m[38;5;3m +0ms[39m
[32m[Nest] 94620  - [39m06/03/2026, 11:54:36 AM [32m    LOG[39m [38;5;3m[RouterExplorer] [39m[32mMapped {/api/v1/admin/partners/:id, DELETE} route[39m[38;5;3m +0ms[39m
[32m[Nest] 94620  - [39m06/03/2026, 11:54:36 AM [32m    LOG[39m [38;5;3m[RouterExplorer] [39m[32mMapped {/api/v1/admin/partners/sync, POST} route[39m[38;5;3m +0ms[39m
[32m[Nest] 94620  - [39m06/03/2026, 11:54:36 AM [32m    LOG[39m [38;5;3m[RoutesResolver] [39m[32mWebhookController {/api/v1/webhook}:[39m[38;5;3m +0ms[39m
[32m[Nest] 94620  - [39m06/03/2026, 11:54:36 AM [32m    LOG[39m [38;5;3m[RouterExplorer] [39m[32mMapped {/api/v1/webhook/amocrm, POST} route[39m[38;5;3m +0ms[39m
[32m[Nest] 94620  - [39m06/03/2026, 11:54:36 AM [32m    LOG[39m [38;5;3m[RoutesResolver] [39m[32mProfileController {/api/v1/profile}:[39m[38;5;3m +0ms[39m
[32m[Nest] 94620  - [39m06/03/2026, 11:54:36 AM [32m    LOG[39m [38;5;3m[RouterExplorer] [39m[32mMapped {/api/v1/profile, GET} route[39m[38;5;3m +0ms[39m
[32m[Nest] 94620  - [39m06/03/2026, 11:54:36 AM [32m    LOG[39m [38;5;3m[RouterExplorer] [39m[32mMapped {/api/v1/profile/notifications, PUT} route[39m[38;5;3m +0ms[39m
[32m[Nest] 94620  - [39m06/03/2026, 11:54:36 AM [32m    LOG[39m [38;5;3m[RouterExplorer] [39m[32mMapped {/api/v1/profile/password, PUT} route[39m[38;5;3m +0ms[39m
[32m[Nest] 94620  - [39m06/03/2026, 11:54:36 AM [32m    LOG[39m [38;5;3m[RoutesResolver] [39m[32mAnalyticsController {/api/v1/analytics}:[39m[38;5;3m +0ms[39m
[32m[Nest] 94620  - [39m06/03/2026, 11:54:36 AM [32m    LOG[39m [38;5;3m[RouterExplorer] [39m[32mMapped {/api/v1/analytics/dashboard, GET} route[39m[38;5;3m +0ms[39m
[32m[Nest] 94620  - [39m06/03/2026, 11:54:36 AM [32m    LOG[39m [38;5;3m[RoutesResolver] [39m[32mPayoutsController {/api/v1/payouts}:[39m[38;5;3m +0ms[39m
[32m[Nest] 94620  - [39m06/03/2026, 11:54:36 AM [32m    LOG[39m [38;5;3m[RouterExplorer] [39m[32mMapped {/api/v1/payouts, GET} route[39m[38;5;3m +0ms[39m
[32m[Nest] 94620  - [39m06/03/2026, 11:54:36 AM [32m    LOG[39m [38;5;3m[RoutesResolver] [39m[32mReferralsController {/api/v1/referrals}:[39m[38;5;3m +0ms[39m
[32m[Nest] 94620  - [39m06/03/2026, 11:54:36 AM [32m    LOG[39m [38;5;3m[RouterExplorer] [39m[32mMapped {/api/v1/referrals, GET} route[39m[38;5;3m +0ms[39m
[32m[Nest] 94620  - [39m06/03/2026, 11:54:36 AM [32m    LOG[39m [38;5;3m[PrismaService] [39m[32mDatabase connected[39m
[32m[Nest] 94620  - [39m06/03/2026, 11:54:36 AM [32m    LOG[39m [38;5;3m[NestApplication] [39m[32mNest application successfully started[39m[38;5;3m +7ms[39m
Backend running on http://localhost:3001/api/v1
[32m[Nest] 94620  - [39m06/03/2026, 12:00:00 PM [32m    LOG[39m [38;5;3m[AmoSyncService] [39m[32mStarting scheduled 30-minute amoCRM sync...[39m
[32m[Nest] 94620  - [39m06/03/2026, 12:00:10 PM [32m    LOG[39m [38;5;3m[AmoService] [39m[32mBackfill page 1: fetched=250 upserted=0 skipped=250[39m
[32m[Nest] 94620  - [39m06/03/2026, 12:00:20 PM [32m    LOG[39m [38;5;3m[AmoService] [39m[32mBackfill page 2: fetched=250 upserted=0 skipped=250[39m
[32m[Nest] 94620  - [39m06/03/2026, 12:00:28 PM [32m    LOG[39m [38;5;3m[AmoService] [39m[32mBackfill page 3: fetched=250 upserted=0 skipped=250[39m
[32m[Nest] 94620  - [39m06/03/2026, 12:00:37 PM [32m    LOG[39m [38;5;3m[AmoService] [39m[32mBackfill page 4: fetched=250 upserted=0 skipped=250[39m
[32m[Nest] 94620  - [39m06/03/2026, 12:00:46 PM [32m    LOG[39m [38;5;3m[AmoService] [39m[32mBackfill page 5: fetched=250 upserted=0 skipped=250[39m
[32m[Nest] 94620  - [39m06/03/2026, 12:00:54 PM [32m    LOG[39m [38;5;3m[AmoService] [39m[32mBackfill page 6: fetched=250 upserted=0 skipped=250[39m
[32m[Nest] 94620  - [39m06/03/2026, 12:01:02 PM [32m    LOG[39m [38;5;3m[AmoService] [39m[32mBackfill page 7: fetched=250 upserted=0 skipped=250[39m
[32m[Nest] 94620  - [39m06/03/2026, 12:01:10 PM [32m    LOG[39m [38;5;3m[AmoService] [39m[32mBackfill page 8: fetched=250 upserted=0 skipped=250[39m
[32m[Nest] 94620  - [39m06/03/2026, 12:01:17 PM [32m    LOG[39m [38;5;3m[AmoService] [39m[32mBackfill page 9: fetched=250 upserted=0 skipped=250[39m
[32m[Nest] 94620  - [39m06/03/2026, 12:01:25 PM [32m    LOG[39m [38;5;3m[AmoService] [39m[32mBackfill page 10: fetched=250 upserted=0 skipped=250[39m
[32m[Nest] 94620  - [39m06/03/2026, 12:01:31 PM [32m    LOG[39m [38;5;3m[AmoService] [39m[32mBackfill page 11: fetched=250 upserted=0 skipped=250[39m
[32m[Nest] 94620  - [39m06/03/2026, 12:01:39 PM [32m    LOG[39m [38;5;3m[AmoService] [39m[32mBackfill page 12: fetched=250 upserted=0 skipped=250[39m
[32m[Nest] 94620  - [39m06/03/2026, 12:01:45 PM [32m    LOG[39m [38;5;3m[AmoService] [39m[32mBackfill page 13: fetched=250 upserted=0 skipped=250[39m
[32m[Nest] 94620  - [39m06/03/2026, 12:01:53 PM [32m    LOG[39m [38;5;3m[AmoService] [39m[32mBackfill page 14: fetched=250 upserted=0 skipped=250[39m
[32m[Nest] 94620  - [39m06/03/2026, 12:01:59 PM [32m    LOG[39m [38;5;3m[AmoService] [39m[32mBackfill page 15: fetched=250 upserted=0 skipped=250[39m
[32m[Nest] 94620  - [39m06/03/2026, 12:02:06 PM [32m    LOG[39m [38;5;3m[AmoService] [39m[32mBackfill page 16: fetched=250 upserted=0 skipped=250[39m
[32m[Nest] 94620  - [39m06/03/2026, 12:02:13 PM [32m    LOG[39m [38;5;3m[AmoService] [39m[32mBackfill page 17: fetched=250 upserted=0 skipped=250[39m
[32m[Nest] 94620  - [39m06/03/2026, 12:02:20 PM [32m    LOG[39m [38;5;3m[AmoService] [39m[32mBackfill page 18: fetched=250 upserted=0 skipped=250[39m
[32m[Nest] 94620  - [39m06/03/2026, 12:02:28 PM [32m    LOG[39m [38;5;3m[AmoService] [39m[32mBackfill page 19: fetched=250 upserted=0 skipped=250[39m
[32m[Nest] 94620  - [39m06/03/2026, 12:02:35 PM [32m    LOG[39m [38;5;3m[AmoService] [39m[32mBackfill page 20: fetched=250 upserted=0 skipped=250[39m
[32m[Nest] 94620  - [39m06/03/2026, 12:02:42 PM [32m    LOG[39m [38;5;3m[AmoService] [39m[32mBackfill page 21: fetched=250 upserted=0 skipped=250[39m
[32m[Nest] 94620  - [39m06/03/2026, 12:02:50 PM [32m    LOG[39m [38;5;3m[AmoService] [39m[32mBackfill page 22: fetched=250 upserted=0 skipped=250[39m
[32m[Nest] 94620  - [39m06/03/2026, 12:02:58 PM [32m    LOG[39m [38;5;3m[AmoService] [39m[32mBackfill page 23: fetched=250 upserted=0 skipped=250[39m
[32m[Nest] 94620  - [39m06/03/2026, 12:03:05 PM [32m    LOG[39m [38;5;3m[AmoService] [39m[32mBackfill page 24: fetched=250 upserted=0 skipped=250[39m
[32m[Nest] 94620  - [39m06/03/2026, 12:03:12 PM [32m    LOG[39m [38;5;3m[AmoService] [39m[32mBackfill page 25: fetched=250 upserted=0 skipped=250[39m
[32m[Nest] 94620  - [39m06/03/2026, 12:03:18 PM [32m    LOG[39m [38;5;3m[AmoService] [39m[32mBackfill page 26: fetched=250 upserted=0 skipped=250[39m
[32m[Nest] 94620  - [39m06/03/2026, 12:03:25 PM [32m    LOG[39m [38;5;3m[AmoService] [39m[32mBackfill page 27: fetched=250 upserted=0 skipped=250[39m
[32m[Nest] 94620  - [39m06/03/2026, 12:03:34 PM [32m    LOG[39m [38;5;3m[AmoService] [39m[32mBackfill page 28: fetched=250 upserted=0 skipped=250[39m
[32m[Nest] 94620  - [39m06/03/2026, 12:03:41 PM [32m    LOG[39m [38;5;3m[AmoService] [39m[32mBackfill page 29: fetched=250 upserted=0 skipped=250[39m
[32m[Nest] 94620  - [39m06/03/2026, 12:03:49 PM [32m    LOG[39m [38;5;3m[AmoService] [39m[32mBackfill page 30: fetched=250 upserted=0 skipped=250[39m
[32m[Nest] 94620  - [39m06/03/2026, 12:03:55 PM [32m    LOG[39m [38;5;3m[AmoService] [39m[32mBackfill page 31: fetched=250 upserted=0 skipped=250[39m
[32m[Nest] 94620  - [39m06/03/2026, 12:04:01 PM [32m    LOG[39m [38;5;3m[AmoService] [39m[32mBackfill page 32: fetched=250 upserted=0 skipped=250[39m
[32m[Nest] 94620  - [39m06/03/2026, 12:04:07 PM [32m    LOG[39m [38;5;3m[AmoService] [39m[32mBackfill page 33: fetched=250 upserted=0 skipped=250[39m
[32m[Nest] 94620  - [39m06/03/2026, 12:04:14 PM [32m    LOG[39m [38;5;3m[AmoService] [39m[32mBackfill page 34: fetched=250 upserted=0 skipped=250[39m
[32m[Nest] 94620  - [39m06/03/2026, 12:04:18 PM [32m    LOG[39m [38;5;3m[AmoService] [39m[32mBackfill page 35: fetched=250 upserted=0 skipped=250[39m
[32m[Nest] 94620  - [39m06/03/2026, 12:04:24 PM [32m    LOG[39m [38;5;3m[AmoService] [39m[32mBackfill page 36: fetched=250 upserted=0 skipped=250[39m
[32m[Nest] 94620  - [39m06/03/2026, 12:04:32 PM [32m    LOG[39m [38;5;3m[AmoService] [39m[32mBackfill page 37: fetched=250 upserted=0 skipped=250[39m
[32m[Nest] 94620  - [39m06/03/2026, 12:04:38 PM [32m    LOG[39m [38;5;3m[AmoService] [39m[32mBackfill page 38: fetched=250 upserted=0 skipped=250[39m
[32m[Nest] 94620  - [39m06/03/2026, 12:04:45 PM [32m    LOG[39m [38;5;3m[AmoService] [39m[32mBackfill page 39: fetched=250 upserted=0 skipped=250[39m
[32m[Nest] 94620  - [39m06/03/2026, 12:04:51 PM [32m    LOG[39m [38;5;3m[AmoService] [39m[32mBackfill page 40: fetched=250 upserted=0 skipped=250[39m
[32m[Nest] 94620  - [39m06/03/2026, 12:04:59 PM [32m    LOG[39m [38;5;3m[AmoService] [39m[32mBackfill page 41: fetched=250 upserted=0 skipped=250[39m
[32m[Nest] 94620  - [39m06/03/2026, 12:05:05 PM [32m    LOG[39m [38;5;3m[AmoService] [39m[32mBackfill page 42: fetched=250 upserted=0 skipped=250[39m
[32m[Nest] 94620  - [39m06/03/2026, 12:05:14 PM [32m    LOG[39m [38;5;3m[AmoService] [39m[32mBackfill page 43: fetched=250 upserted=0 skipped=250[39m
[32m[Nest] 94620  - [39m06/03/2026, 12:05:20 PM [32m    LOG[39m [38;5;3m[AmoService] [39m[32mBackfill page 44: fetched=250 upserted=0 skipped=250[39m
[32m[Nest] 94620  - [39m06/03/2026, 12:05:27 PM [32m    LOG[39m [38;5;3m[AmoService] [39m[32mBackfill page 45: fetched=250 upserted=0 skipped=250[39m
[32m[Nest] 94620  - [39m06/03/2026, 12:05:34 PM [32m    LOG[39m [38;5;3m[AmoService] [39m[32mBackfill page 46: fetched=250 upserted=0 skipped=250[39m
[32m[Nest] 94620  - [39m06/03/2026, 12:05:42 PM [32m    LOG[39m [38;5;3m[AmoService] [39m[32mBackfill page 47: fetched=250 upserted=0 skipped=250[39m
[32m[Nest] 94620  - [39m06/03/2026, 12:05:51 PM [32m    LOG[39m [38;5;3m[AmoService] [39m[32mBackfill page 48: fetched=250 upserted=0 skipped=250[39m
[32m[Nest] 94620  - [39m06/03/2026, 12:05:59 PM [32m    LOG[39m [38;5;3m[AmoService] [39m[32mBackfill page 49: fetched=250 upserted=0 skipped=250[39m
[32m[Nest] 94620  - [39m06/03/2026, 12:06:07 PM [32m    LOG[39m [38;5;3m[AmoService] [39m[32mBackfill page 50: fetched=250 upserted=0 skipped=250[39m
[32m[Nest] 94620  - [39m06/03/2026, 12:06:16 PM [32m    LOG[39m [38;5;3m[AmoService] [39m[32mBackfill page 51: fetched=250 upserted=0 skipped=250[39m
[32m[Nest] 94620  - [39m06/03/2026, 12:06:23 PM [32m    LOG[39m [38;5;3m[AmoService] [39m[32mBackfill page 52: fetched=250 upserted=0 skipped=250[39m
[32m[Nest] 94620  - [39m06/03/2026, 12:06:31 PM [32m    LOG[39m [38;5;3m[AmoService] [39m[32mBackfill page 53: fetched=250 upserted=0 skipped=250[39m
[32m[Nest] 94620  - [39m06/03/2026, 12:06:38 PM [32m    LOG[39m [38;5;3m[AmoService] [39m[32mBackfill page 54: fetched=250 upserted=0 skipped=250[39m
[32m[Nest] 94620  - [39m06/03/2026, 12:06:46 PM [32m    LOG[39m [38;5;3m[AmoService] [39m[32mBackfill page 55: fetched=250 upserted=0 skipped=250[39m
[32m[Nest] 94620  - [39m06/03/2026, 12:06:54 PM [32m    LOG[39m [38;5;3m[AmoService] [39m[32mBackfill page 56: fetched=250 upserted=0 skipped=250[39m
[32m[Nest] 94620  - [39m06/03/2026, 12:07:00 PM [32m    LOG[39m [38;5;3m[AmoService] [39m[32mBackfill page 57: fetched=250 upserted=0 skipped=250[39m
[32m[Nest] 94620  - [39m06/03/2026, 12:07:07 PM [32m    LOG[39m [38;5;3m[AmoService] [39m[32mBackfill page 58: fetched=250 upserted=0 skipped=250[39m
[32m[Nest] 94620  - [39m06/03/2026, 12:07:14 PM [32m    LOG[39m [38;5;3m[AmoService] [39m[32mBackfill page 59: fetched=250 upserted=0 skipped=250[39m
[32m[Nest] 94620  - [39m06/03/2026, 12:07:20 PM [32m    LOG[39m [38;5;3m[AmoService] [39m[32mBackfill page 60: fetched=250 upserted=0 skipped=250[39m
[32m[Nest] 94620  - [39m06/03/2026, 12:07:26 PM [32m    LOG[39m [38;5;3m[AmoService] [39m[32mBackfill page 61: fetched=250 upserted=0 skipped=250[39m
[32m[Nest] 94620  - [39m06/03/2026, 12:07:29 PM [32m    LOG[39m [38;5;3m[AmoService] [39m[32mBackfill page 62: fetched=71 upserted=0 skipped=71[39m
[2026-06-03T10:07:31.152Z] OPTIONS /api/v1/leads/47341612 - Query: {}
[2026-06-03T10:07:31.173Z] OPTIONS /api/v1/amo-crm/pipelines - Query: {}
[2026-06-03T10:07:31.174Z] OPTIONS /api/v1/leads/47341612/notes - Query: {}
[2026-06-03T10:07:31.175Z] OPTIONS /api/v1/leads/47341612/history - Query: {}
[2026-06-03T10:07:31.182Z] GET /api/v1/leads/47341612 - Query: {}
[2026-06-03T10:07:31.200Z] GET /api/v1/amo-crm/pipelines - Query: {}
[2026-06-03T10:07:31.211Z] GET /api/v1/leads/47341612/notes - Query: {}
[2026-06-03T10:07:31.216Z] GET /api/v1/leads/47341612/history - Query: {}
[2026-06-03T10:07:31.219Z] OPTIONS /api/v1/auth/refresh - Query: {}
[2026-06-03T10:07:31.222Z] OPTIONS /api/v1/auth/refresh - Query: {}
[2026-06-03T10:07:31.222Z] OPTIONS /api/v1/auth/refresh - Query: {}
[2026-06-03T10:07:31.223Z] OPTIONS /api/v1/auth/refresh - Query: {}
[2026-06-03T10:07:31.224Z] POST /api/v1/auth/refresh - Query: {}
[2026-06-03T10:07:31.249Z] POST /api/v1/auth/refresh - Query: {}
[2026-06-03T10:07:31.251Z] POST /api/v1/auth/refresh - Query: {}
[32m[Nest] 94620  - [39m06/03/2026, 12:07:31 PM [32m    LOG[39m [38;5;3m[AmoService] [39m[32mBackfill complete: fetched=15321 upserted=0 skipped=15321 pages=62 duration=451184ms[39m
[32m[Nest] 94620  - [39m06/03/2026, 12:07:31 PM [32m    LOG[39m [38;5;3m[AmoSyncService] [39m[32mScheduled sync complete: fetched=15321, upserted=0[39m
[2026-06-03T10:07:31.253Z] POST /api/v1/auth/refresh - Query: {}
[2026-06-03T10:07:31.442Z] GET /api/v1/leads/47341612/history - Query: {}
[2026-06-03T10:07:31.444Z] GET /api/v1/leads/47341612 - Query: {}
[2026-06-03T10:07:31.446Z] GET /api/v1/leads/47341612/notes - Query: {}
[2026-06-03T10:07:31.448Z] GET /api/v1/amo-crm/pipelines - Query: {}
[2026-06-03T10:07:36.789Z] OPTIONS /api/v1/analytics/dashboard?date_from=2026-05-04T10:07:36.738Z&date_to=2026-06-03T10:07:36.739Z - Query: {"date_from":"2026-05-04T10:07:36.738Z","date_to":"2026-06-03T10:07:36.739Z"}
[2026-06-03T10:07:36.791Z] OPTIONS /api/v1/analytics/dashboard?date_from=2026-05-04T10:07:36.740Z&date_to=2026-06-03T10:07:36.740Z - Query: {"date_from":"2026-05-04T10:07:36.740Z","date_to":"2026-06-03T10:07:36.740Z"}
[2026-06-03T10:07:36.794Z] GET /api/v1/analytics/dashboard?date_from=2026-05-04T10:07:36.738Z&date_to=2026-06-03T10:07:36.739Z - Query: {"date_from":"2026-05-04T10:07:36.738Z","date_to":"2026-06-03T10:07:36.739Z"}
[2026-06-03T10:07:36.802Z] GET /api/v1/analytics/dashboard?date_from=2026-05-04T10:07:36.740Z&date_to=2026-06-03T10:07:36.740Z - Query: {"date_from":"2026-05-04T10:07:36.740Z","date_to":"2026-06-03T10:07:36.740Z"}
[2026-06-03T10:08:09.214Z] OPTIONS /api/v1/leads - Query: {}
[2026-06-03T10:08:09.244Z] POST /api/v1/leads - Query: {}
[2026-06-03T10:08:13.416Z] OPTIONS /api/v1/leads/47345312 - Query: {}
[2026-06-03T10:08:13.418Z] GET /api/v1/leads/47345312 - Query: {}
[2026-06-03T10:08:13.469Z] OPTIONS /api/v1/leads/47345312/history - Query: {}
[2026-06-03T10:08:13.470Z] OPTIONS /api/v1/leads/47345312/notes - Query: {}
[2026-06-03T10:08:13.470Z] GET /api/v1/leads/47345312/history - Query: {}
[2026-06-03T10:08:13.476Z] GET /api/v1/leads/47345312/notes - Query: {}
[2026-06-03T10:08:24.014Z] OPTIONS /api/v1/leads/47345312/notes - Query: {}
[2026-06-03T10:08:24.036Z] GET /api/v1/leads/47345312/notes - Query: {}
[2026-06-03T10:08:50.756Z] OPTIONS /api/v1/leads/47345312/history - Query: {}
[2026-06-03T10:08:50.762Z] GET /api/v1/leads/47345312/history - Query: {}
[2026-06-03T10:09:18.276Z] OPTIONS /api/v1/leads/47345312/notes - Query: {}
[2026-06-03T10:09:18.283Z] GET /api/v1/leads/47345312/notes - Query: {}
[2026-06-03T10:09:47.451Z] OPTIONS /api/v1/leads/47345312 - Query: {}
[2026-06-03T10:09:47.458Z] OPTIONS /api/v1/leads/47345312/history - Query: {}
[2026-06-03T10:09:47.462Z] GET /api/v1/leads/47345312 - Query: {}
[2026-06-03T10:09:47.502Z] GET /api/v1/leads/47345312/history - Query: {}
[2026-06-03T10:09:48.857Z] OPTIONS /api/v1/leads/47345312/notes - Query: {}
[2026-06-03T10:09:48.859Z] GET /api/v1/leads/47345312/notes - Query: {}
[2026-06-03T10:09:59.553Z] OPTIONS /api/v1/leads/47345312/notes - Query: {}
[2026-06-03T10:09:59.562Z] GET /api/v1/leads/47345312/notes - Query: {}
[2026-06-03T10:10:10.225Z] OPTIONS /api/v1/leads/47345312/notes - Query: {}
[2026-06-03T10:10:10.270Z] GET /api/v1/leads/47345312/notes - Query: {}
[2026-06-03T10:10:47.810Z] OPTIONS /api/v1/leads/47345312 - Query: {}
[2026-06-03T10:10:47.826Z] OPTIONS /api/v1/leads/47345312/notes - Query: {}
[2026-06-03T10:10:47.827Z] OPTIONS /api/v1/leads/47345312/history - Query: {}
[2026-06-03T10:10:47.854Z] GET /api/v1/leads/47345312 - Query: {}
[2026-06-03T10:10:47.913Z] GET /api/v1/leads/47345312/notes - Query: {}
[2026-06-03T10:10:47.915Z] GET /api/v1/leads/47345312/history - Query: {}
[2026-06-03T10:12:00.204Z] OPTIONS /api/v1/leads/47345312 - Query: {}
[2026-06-03T10:12:00.220Z] OPTIONS /api/v1/leads/47345312/notes - Query: {}
[2026-06-03T10:12:00.253Z] GET /api/v1/leads/47345312 - Query: {}
[2026-06-03T10:12:00.279Z] OPTIONS /api/v1/leads/47345312/history - Query: {}
[2026-06-03T10:12:00.279Z] GET /api/v1/leads/47345312/notes - Query: {}
[2026-06-03T10:12:00.281Z] GET /api/v1/leads/47345312/history - Query: {}
[2026-06-03T10:14:53.298Z] OPTIONS /api/v1/amo-crm/pipelines - Query: {}
[2026-06-03T10:14:53.333Z] OPTIONS /api/v1/leads/47345312 - Query: {}
[2026-06-03T10:14:53.333Z] OPTIONS /api/v1/leads/47345312/notes - Query: {}
[2026-06-03T10:14:53.334Z] OPTIONS /api/v1/leads/47345312/history - Query: {}
[2026-06-03T10:14:53.343Z] GET /api/v1/leads/47345312 - Query: {}
[2026-06-03T10:14:53.434Z] GET /api/v1/amo-crm/pipelines - Query: {}
[2026-06-03T10:14:53.457Z] GET /api/v1/leads/47345312/notes - Query: {}
[2026-06-03T10:14:53.463Z] GET /api/v1/leads/47345312/history - Query: {}
[2026-06-03T10:15:06.833Z] OPTIONS /api/v1/leads - Query: {}
[2026-06-03T10:15:06.844Z] POST /api/v1/leads - Query: {}
[2026-06-03T10:15:53.910Z] OPTIONS /api/v1/leads/47345656 - Query: {}
[2026-06-03T10:15:53.948Z] GET /api/v1/leads/47345656 - Query: {}
[2026-06-03T10:15:54.121Z] OPTIONS /api/v1/leads/47345656/history - Query: {}
[2026-06-03T10:15:54.122Z] OPTIONS /api/v1/leads/47345656/notes - Query: {}
[2026-06-03T10:15:54.122Z] GET /api/v1/leads/47345656/history - Query: {}
[2026-06-03T10:15:54.123Z] GET /api/v1/leads/47345656/notes - Query: {}
[2026-06-03T10:16:04.781Z] OPTIONS /api/v1/leads/47345656/notes - Query: {}
[2026-06-03T10:16:04.798Z] GET /api/v1/leads/47345656/notes - Query: {}
[2026-06-03T10:16:16.629Z] OPTIONS /api/v1/leads/47345656/notes - Query: {}
[2026-06-03T10:16:16.795Z] GET /api/v1/leads/47345656/notes - Query: {}
[32m[Nest] 94620  - [39m06/03/2026, 12:30:10 PM [32m    LOG[39m [38;5;3m[AmoSyncService] [39m[32mStarting scheduled 30-minute amoCRM sync...[39m
[32m[Nest] 94620  - [39m06/03/2026, 12:30:20 PM [32m    LOG[39m [38;5;3m[AmoService] [39m[32mBackfill page 1: fetched=250 upserted=0 skipped=250[39m
[32m[Nest] 94620  - [39m06/03/2026, 12:30:29 PM [32m    LOG[39m [38;5;3m[AmoService] [39m[32mBackfill page 2: fetched=250 upserted=0 skipped=250[39m
[32m[Nest] 94620  - [39m06/03/2026, 12:30:45 PM [32m    LOG[39m [38;5;3m[AmoService] [39m[32mBackfill page 3: fetched=250 upserted=0 skipped=250[39m
[32m[Nest] 94620  - [39m06/03/2026, 12:30:53 PM [32m    LOG[39m [38;5;3m[AmoService] [39m[32mBackfill page 4: fetched=250 upserted=0 skipped=250[39m
[32m[Nest] 94620  - [39m06/03/2026, 12:31:11 PM [32m    LOG[39m [38;5;3m[AmoService] [39m[32mBackfill page 5: fetched=250 upserted=0 skipped=250[39m
[32m[Nest] 94620  - [39m06/03/2026, 12:31:29 PM [32m    LOG[39m [38;5;3m[AmoService] [39m[32mBackfill page 6: fetched=250 upserted=0 skipped=250[39m
[32m[Nest] 94620  - [39m06/03/2026, 12:31:36 PM [32m    LOG[39m [38;5;3m[AmoService] [39m[32mBackfill page 7: fetched=250 upserted=0 skipped=250[39m
[32m[Nest] 94620  - [39m06/03/2026, 12:31:43 PM [32m    LOG[39m [38;5;3m[AmoService] [39m[32mBackfill page 8: fetched=250 upserted=0 skipped=250[39m
[32m[Nest] 94620  - [39m06/03/2026, 12:31:50 PM [32m    LOG[39m [38;5;3m[AmoService] [39m[32mBackfill page 9: fetched=250 upserted=0 skipped=250[39m
[32m[Nest] 94620  - [39m06/03/2026, 12:31:57 PM [32m    LOG[39m [38;5;3m[AmoService] [39m[32mBackfill page 10: fetched=250 upserted=0 skipped=250[39m
[32m[Nest] 94620  - [39m06/03/2026, 12:32:03 PM [32m    LOG[39m [38;5;3m[AmoService] [39m[32mBackfill page 11: fetched=250 upserted=0 skipped=250[39m
[32m[Nest] 94620  - [39m06/03/2026, 12:32:21 PM [32m    LOG[39m [38;5;3m[AmoService] [39m[32mBackfill page 12: fetched=250 upserted=0 skipped=250[39m
[32m[Nest] 94620  - [39m06/03/2026, 12:32:38 PM [32m    LOG[39m [38;5;3m[AmoService] [39m[32mBackfill page 13: fetched=250 upserted=0 skipped=250[39m
[32m[Nest] 94620  - [39m06/03/2026, 12:32:45 PM [32m    LOG[39m [38;5;3m[AmoService] [39m[32mBackfill page 14: fetched=250 upserted=0 skipped=250[39m
[32m[Nest] 94620  - [39m06/03/2026, 12:33:00 PM [32m    LOG[39m [38;5;3m[AmoService] [39m[32mBackfill page 15: fetched=250 upserted=0 skipped=250[39m
[32m[Nest] 94620  - [39m06/03/2026, 12:33:07 PM [32m    LOG[39m [38;5;3m[AmoService] [39m[32mBackfill page 16: fetched=250 upserted=0 skipped=250[39m
[32m[Nest] 94620  - [39m06/03/2026, 12:33:23 PM [32m    LOG[39m [38;5;3m[AmoService] [39m[32mBackfill page 17: fetched=250 upserted=0 skipped=250[39m
[32m[Nest] 94620  - [39m06/03/2026, 12:33:30 PM [32m    LOG[39m [38;5;3m[AmoService] [39m[32mBackfill page 18: fetched=250 upserted=0 skipped=250[39m
[32m[Nest] 94620  - [39m06/03/2026, 12:33:38 PM [32m    LOG[39m [38;5;3m[AmoService] [39m[32mBackfill page 19: fetched=250 upserted=0 skipped=250[39m
[32m[Nest] 94620  - [39m06/03/2026, 12:33:44 PM [32m    LOG[39m [38;5;3m[AmoService] [39m[32mBackfill page 20: fetched=250 upserted=0 skipped=250[39m
[32m[Nest] 94620  - [39m06/03/2026, 12:34:03 PM [32m    LOG[39m [38;5;3m[AmoService] [39m[32mBackfill page 21: fetched=250 upserted=0 skipped=250[39m
[32m[Nest] 94620  - [39m06/03/2026, 12:34:20 PM [32m    LOG[39m [38;5;3m[AmoService] [39m[32mBackfill page 22: fetched=250 upserted=0 skipped=250[39m
[32m[Nest] 94620  - [39m06/03/2026, 12:34:38 PM [32m    LOG[39m [38;5;3m[AmoService] [39m[32mBackfill page 23: fetched=250 upserted=0 skipped=250[39m
[32m[Nest] 94620  - [39m06/03/2026, 12:34:56 PM [32m    LOG[39m [38;5;3m[AmoService] [39m[32mBackfill page 24: fetched=250 upserted=0 skipped=250[39m
[32m[Nest] 94620  - [39m06/03/2026, 12:35:02 PM [32m    LOG[39m [38;5;3m[AmoService] [39m[32mBackfill page 25: fetched=250 upserted=0 skipped=250[39m
[32m[Nest] 94620  - [39m06/03/2026, 12:35:17 PM [32m    LOG[39m [38;5;3m[AmoService] [39m[32mBackfill page 26: fetched=250 upserted=0 skipped=250[39m
[32m[Nest] 94620  - [39m06/03/2026, 12:35:25 PM [32m    LOG[39m [38;5;3m[AmoService] [39m[32mBackfill page 27: fetched=250 upserted=0 skipped=250[39m
[32m[Nest] 94620  - [39m06/03/2026, 12:35:33 PM [32m    LOG[39m [38;5;3m[AmoService] [39m[32mBackfill page 28: fetched=250 upserted=0 skipped=250[39m
[32m[Nest] 94620  - [39m06/03/2026, 12:35:39 PM [32m    LOG[39m [38;5;3m[AmoService] [39m[32mBackfill page 29: fetched=250 upserted=0 skipped=250[39m
[32m[Nest] 94620  - [39m06/03/2026, 12:35:47 PM [32m    LOG[39m [38;5;3m[AmoService] [39m[32mBackfill page 30: fetched=250 upserted=0 skipped=250[39m
[32m[Nest] 94620  - [39m06/03/2026, 12:36:02 PM [32m    LOG[39m [38;5;3m[AmoService] [39m[32mBackfill page 31: fetched=250 upserted=0 skipped=250[39m
[32m[Nest] 94620  - [39m06/03/2026, 12:36:20 PM [32m    LOG[39m [38;5;3m[AmoService] [39m[32mBackfill page 32: fetched=250 upserted=0 skipped=250[39m
[32m[Nest] 94620  - [39m06/03/2026, 12:36:28 PM [32m    LOG[39m [38;5;3m[AmoService] [39m[32mBackfill page 33: fetched=250 upserted=0 skipped=250[39m
[32m[Nest] 94620  - [39m06/03/2026, 12:36:44 PM [32m    LOG[39m [38;5;3m[AmoService] [39m[32mBackfill page 34: fetched=250 upserted=0 skipped=250[39m
[32m[Nest] 94620  - [39m06/03/2026, 12:36:58 PM [32m    LOG[39m [38;5;3m[AmoService] [39m[32mBackfill page 35: fetched=250 upserted=0 skipped=250[39m
[32m[Nest] 94620  - [39m06/03/2026, 12:37:06 PM [32m    LOG[39m [38;5;3m[AmoService] [39m[32mBackfill page 36: fetched=250 upserted=0 skipped=250[39m
[32m[Nest] 94620  - [39m06/03/2026, 12:37:22 PM [32m    LOG[39m [38;5;3m[AmoService] [39m[32mBackfill page 37: fetched=250 upserted=0 skipped=250[39m
[32m[Nest] 94620  - [39m06/03/2026, 12:37:30 PM [32m    LOG[39m [38;5;3m[AmoService] [39m[32mBackfill page 38: fetched=250 upserted=0 skipped=250[39m
[32m[Nest] 94620  - [39m06/03/2026, 12:37:45 PM [32m    LOG[39m [38;5;3m[AmoService] [39m[32mBackfill page 39: fetched=250 upserted=0 skipped=250[39m
[32m[Nest] 94620  - [39m06/03/2026, 12:37:53 PM [32m    LOG[39m [38;5;3m[AmoService] [39m[32mBackfill page 40: fetched=250 upserted=0 skipped=250[39m
[32m[Nest] 94620  - [39m06/03/2026, 12:38:11 PM [32m    LOG[39m [38;5;3m[AmoService] [39m[32mBackfill page 41: fetched=250 upserted=0 skipped=250[39m
[32m[Nest] 94620  - [39m06/03/2026, 12:38:19 PM [32m    LOG[39m [38;5;3m[AmoService] [39m[32mBackfill page 42: fetched=250 upserted=0 skipped=250[39m
[31m[Nest] 94620  - [39m06/03/2026, 12:54:50 PM [31m  ERROR[39m [38;5;3m[AmoService] [39m[31mBackfill fetch error on page 43: TypeError: fetch failed[39m
[32m[Nest] 94620  - [39m06/03/2026, 12:54:50 PM [32m    LOG[39m [38;5;3m[AmoService] [39m[32mBackfill complete: fetched=10500 upserted=0 skipped=10500 pages=42 duration=1480141ms[39m
[32m[Nest] 94620  - [39m06/03/2026, 12:54:50 PM [32m    LOG[39m [38;5;3m[AmoSyncService] [39m[32mScheduled sync complete: fetched=10500, upserted=0[39m
[32m[Nest] 94620  - [39m06/03/2026, 1:00:00 PM [32m    LOG[39m [38;5;3m[AmoSyncService] [39m[32mStarting scheduled 30-minute amoCRM sync...[39m
[32m[Nest] 94620  - [39m06/03/2026, 1:00:34 PM [32m    LOG[39m [38;5;3m[AmoService] [39m[32mBackfill page 1: fetched=250 upserted=0 skipped=250[39m
[32m[Nest] 94620  - [39m06/03/2026, 1:00:55 PM [32m    LOG[39m [38;5;3m[AmoService] [39m[32mBackfill page 2: fetched=250 upserted=0 skipped=250[39m
[32m[Nest] 94620  - [39m06/03/2026, 1:01:01 PM [32m    LOG[39m [38;5;3m[AmoService] [39m[32mBackfill page 3: fetched=250 upserted=0 skipped=250[39m
[32m[Nest] 94620  - [39m06/03/2026, 1:01:21 PM [32m    LOG[39m [38;5;3m[AmoService] [39m[32mBackfill page 4: fetched=250 upserted=0 skipped=250[39m
[32m[Nest] 94620  - [39m06/03/2026, 1:01:30 PM [32m    LOG[39m [38;5;3m[AmoService] [39m[32mBackfill page 5: fetched=250 upserted=0 skipped=250[39m
[32m[Nest] 94620  - [39m06/03/2026, 1:01:48 PM [32m    LOG[39m [38;5;3m[AmoService] [39m[32mBackfill page 6: fetched=250 upserted=0 skipped=250[39m
[32m[Nest] 94620  - [39m06/03/2026, 1:01:55 PM [32m    LOG[39m [38;5;3m[AmoService] [39m[32mBackfill page 7: fetched=250 upserted=0 skipped=250[39m
[32m[Nest] 94620  - [39m06/03/2026, 1:02:12 PM [32m    LOG[39m [38;5;3m[AmoService] [39m[32mBackfill page 8: fetched=250 upserted=0 skipped=250[39m
[32m[Nest] 94620  - [39m06/03/2026, 1:02:20 PM [32m    LOG[39m [38;5;3m[AmoService] [39m[32mBackfill page 9: fetched=250 upserted=0 skipped=250[39m
[32m[Nest] 94620  - [39m06/03/2026, 1:02:39 PM [32m    LOG[39m [38;5;3m[AmoService] [39m[32mBackfill page 10: fetched=250 upserted=0 skipped=250[39m
[32m[Nest] 94620  - [39m06/03/2026, 1:02:46 PM [32m    LOG[39m [38;5;3m[AmoService] [39m[32mBackfill page 11: fetched=250 upserted=0 skipped=250[39m
[32m[Nest] 94620  - [39m06/03/2026, 1:02:52 PM [32m    LOG[39m [38;5;3m[AmoService] [39m[32mBackfill page 12: fetched=250 upserted=0 skipped=250[39m
[32m[Nest] 94620  - [39m06/03/2026, 1:03:11 PM [32m    LOG[39m [38;5;3m[AmoService] [39m[32mBackfill page 13: fetched=250 upserted=0 skipped=250[39m
[32m[Nest] 94620  - [39m06/03/2026, 1:03:19 PM [32m    LOG[39m [38;5;3m[AmoService] [39m[32mBackfill page 14: fetched=250 upserted=0 skipped=250[39m
[32m[Nest] 94620  - [39m06/03/2026, 1:03:26 PM [32m    LOG[39m [38;5;3m[AmoService] [39m[32mBackfill page 15: fetched=250 upserted=0 skipped=250[39m
[32m[Nest] 94620  - [39m06/03/2026, 1:03:33 PM [32m    LOG[39m [38;5;3m[AmoService] [39m[32mBackfill page 16: fetched=250 upserted=0 skipped=250[39m
[32m[Nest] 94620  - [39m06/03/2026, 1:03:41 PM [32m    LOG[39m [38;5;3m[AmoService] [39m[32mBackfill page 17: fetched=250 upserted=0 skipped=250[39m
[32m[Nest] 94620  - [39m06/03/2026, 1:03:48 PM [32m    LOG[39m [38;5;3m[AmoService] [39m[32mBackfill page 18: fetched=250 upserted=0 skipped=250[39m
[32m[Nest] 94620  - [39m06/03/2026, 1:04:06 PM [32m    LOG[39m [38;5;3m[AmoService] [39m[32mBackfill page 19: fetched=250 upserted=0 skipped=250[39m
[32m[Nest] 94620  - [39m06/03/2026, 1:04:13 PM [32m    LOG[39m [38;5;3m[AmoService] [39m[32mBackfill page 20: fetched=250 upserted=0 skipped=250[39m
[32m[Nest] 94620  - [39m06/03/2026, 1:04:21 PM [32m    LOG[39m [38;5;3m[AmoService] [39m[32mBackfill page 21: fetched=250 upserted=0 skipped=250[39m
[32m[Nest] 94620  - [39m06/03/2026, 1:04:29 PM [32m    LOG[39m [38;5;3m[AmoService] [39m[32mBackfill page 22: fetched=250 upserted=0 skipped=250[39m
[32m[Nest] 94620  - [39m06/03/2026, 1:04:47 PM [32m    LOG[39m [38;5;3m[AmoService] [39m[32mBackfill page 23: fetched=250 upserted=0 skipped=250[39m
[32m[Nest] 94620  - [39m06/03/2026, 1:05:02 PM [32m    LOG[39m [38;5;3m[AmoService] [39m[32mBackfill page 24: fetched=250 upserted=0 skipped=250[39m
[32m[Nest] 94620  - [39m06/03/2026, 1:05:19 PM [32m    LOG[39m [38;5;3m[AmoService] [39m[32mBackfill page 25: fetched=250 upserted=0 skipped=250[39m
[32m[Nest] 94620  - [39m06/03/2026, 1:05:27 PM [32m    LOG[39m [38;5;3m[AmoService] [39m[32mBackfill page 26: fetched=250 upserted=0 skipped=250[39m
[32m[Nest] 94620  - [39m06/03/2026, 1:05:45 PM [32m    LOG[39m [38;5;3m[AmoService] [39m[32mBackfill page 27: fetched=250 upserted=0 skipped=250[39m
[32m[Nest] 94620  - [39m06/03/2026, 1:05:53 PM [32m    LOG[39m [38;5;3m[AmoService] [39m[32mBackfill page 28: fetched=250 upserted=0 skipped=250[39m
[32m[Nest] 94620  - [39m06/03/2026, 1:06:00 PM [32m    LOG[39m [38;5;3m[AmoService] [39m[32mBackfill page 29: fetched=250 upserted=0 skipped=250[39m
[32m[Nest] 94620  - [39m06/03/2026, 1:06:19 PM [32m    LOG[39m [38;5;3m[AmoService] [39m[32mBackfill page 30: fetched=250 upserted=0 skipped=250[39m
[32m[Nest] 94620  - [39m06/03/2026, 1:06:27 PM [32m    LOG[39m [38;5;3m[AmoService] [39m[32mBackfill page 31: fetched=250 upserted=0 skipped=250[39m
[32m[Nest] 94620  - [39m06/03/2026, 1:06:34 PM [32m    LOG[39m [38;5;3m[AmoService] [39m[32mBackfill page 32: fetched=250 upserted=0 skipped=250[39m
[32m[Nest] 94620  - [39m06/03/2026, 1:06:51 PM [32m    LOG[39m [38;5;3m[AmoService] [39m[32mBackfill page 33: fetched=250 upserted=0 skipped=250[39m
[32m[Nest] 94620  - [39m06/03/2026, 1:06:59 PM [32m    LOG[39m [38;5;3m[AmoService] [39m[32mBackfill page 34: fetched=250 upserted=0 skipped=250[39m
[32m[Nest] 94620  - [39m06/03/2026, 1:07:06 PM [32m    LOG[39m [38;5;3m[AmoService] [39m[32mBackfill page 35: fetched=250 upserted=0 skipped=250[39m
[32m[Nest] 94620  - [39m06/03/2026, 1:07:24 PM [32m    LOG[39m [38;5;3m[AmoService] [39m[32mBackfill page 36: fetched=250 upserted=0 skipped=250[39m
[32m[Nest] 94620  - [39m06/03/2026, 1:07:33 PM [32m    LOG[39m [38;5;3m[AmoService] [39m[32mBackfill page 37: fetched=250 upserted=0 skipped=250[39m
[32m[Nest] 94620  - [39m06/03/2026, 1:07:40 PM [32m    LOG[39m [38;5;3m[AmoService] [39m[32mBackfill page 38: fetched=250 upserted=0 skipped=250[39m
[32m[Nest] 94620  - [39m06/03/2026, 1:07:48 PM [32m    LOG[39m [38;5;3m[AmoService] [39m[32mBackfill page 39: fetched=250 upserted=0 skipped=250[39m
[32m[Nest] 94620  - [39m06/03/2026, 1:07:56 PM [32m    LOG[39m [38;5;3m[AmoService] [39m[32mBackfill page 40: fetched=250 upserted=0 skipped=250[39m
[32m[Nest] 94620  - [39m06/03/2026, 1:08:15 PM [32m    LOG[39m [38;5;3m[AmoService] [39m[32mBackfill page 41: fetched=250 upserted=0 skipped=250[39m
[32m[Nest] 94620  - [39m06/03/2026, 1:08:23 PM [32m    LOG[39m [38;5;3m[AmoService] [39m[32mBackfill page 42: fetched=250 upserted=0 skipped=250[39m
[32m[Nest] 94620  - [39m06/03/2026, 1:08:32 PM [32m    LOG[39m [38;5;3m[AmoService] [39m[32mBackfill page 43: fetched=250 upserted=0 skipped=250[39m
[32m[Nest] 94620  - [39m06/03/2026, 1:08:40 PM [32m    LOG[39m [38;5;3m[AmoService] [39m[32mBackfill page 44: fetched=250 upserted=0 skipped=250[39m
[32m[Nest] 94620  - [39m06/03/2026, 1:08:48 PM [32m    LOG[39m [38;5;3m[AmoService] [39m[32mBackfill page 45: fetched=250 upserted=0 skipped=250[39m
[32m[Nest] 94620  - [39m06/03/2026, 1:08:56 PM [32m    LOG[39m [38;5;3m[AmoService] [39m[32mBackfill page 46: fetched=250 upserted=0 skipped=250[39m
[32m[Nest] 94620  - [39m06/03/2026, 1:09:12 PM [32m    LOG[39m [38;5;3m[AmoService] [39m[32mBackfill page 47: fetched=250 upserted=0 skipped=250[39m
[32m[Nest] 94620  - [39m06/03/2026, 1:09:20 PM [32m    LOG[39m [38;5;3m[AmoService] [39m[32mBackfill page 48: fetched=250 upserted=0 skipped=250[39m
[32m[Nest] 94620  - [39m06/03/2026, 1:09:29 PM [32m    LOG[39m [38;5;3m[AmoService] [39m[32mBackfill page 49: fetched=250 upserted=0 skipped=250[39m
[32m[Nest] 94620  - [39m06/03/2026, 1:09:37 PM [32m    LOG[39m [38;5;3m[AmoService] [39m[32mBackfill page 50: fetched=250 upserted=0 skipped=250[39m
[32m[Nest] 94620  - [39m06/03/2026, 1:09:46 PM [32m    LOG[39m [38;5;3m[AmoService] [39m[32mBackfill page 51: fetched=250 upserted=0 skipped=250[39m
[32m[Nest] 94620  - [39m06/03/2026, 1:09:53 PM [32m    LOG[39m [38;5;3m[AmoService] [39m[32mBackfill page 52: fetched=250 upserted=0 skipped=250[39m
[32m[Nest] 94620  - [39m06/03/2026, 1:10:13 PM [32m    LOG[39m [38;5;3m[AmoService] [39m[32mBackfill page 53: fetched=250 upserted=0 skipped=250[39m
[32m[Nest] 94620  - [39m06/03/2026, 1:10:21 PM [32m    LOG[39m [38;5;3m[AmoService] [39m[32mBackfill page 54: fetched=250 upserted=0 skipped=250[39m
[32m[Nest] 94620  - [39m06/03/2026, 1:10:30 PM [32m    LOG[39m [38;5;3m[AmoService] [39m[32mBackfill page 55: fetched=250 upserted=0 skipped=250[39m
[32m[Nest] 94620  - [39m06/03/2026, 1:10:37 PM [32m    LOG[39m [38;5;3m[AmoService] [39m[32mBackfill page 56: fetched=250 upserted=0 skipped=250[39m
[32m[Nest] 94620  - [39m06/03/2026, 1:10:43 PM [32m    LOG[39m [38;5;3m[AmoService] [39m[32mBackfill page 57: fetched=250 upserted=0 skipped=250[39m
[32m[Nest] 94620  - [39m06/03/2026, 1:10:49 PM [32m    LOG[39m [38;5;3m[AmoService] [39m[32mBackfill page 58: fetched=250 upserted=0 skipped=250[39m
[32m[Nest] 94620  - [39m06/03/2026, 1:11:07 PM [32m    LOG[39m [38;5;3m[AmoService] [39m[32mBackfill page 59: fetched=250 upserted=0 skipped=250[39m
[32m[Nest] 94620  - [39m06/03/2026, 1:11:13 PM [32m    LOG[39m [38;5;3m[AmoService] [39m[32mBackfill page 60: fetched=250 upserted=0 skipped=250[39m
[32m[Nest] 94620  - [39m06/03/2026, 1:11:20 PM [32m    LOG[39m [38;5;3m[AmoService] [39m[32mBackfill page 61: fetched=250 upserted=0 skipped=250[39m
[32m[Nest] 94620  - [39m06/03/2026, 1:11:23 PM [32m    LOG[39m [38;5;3m[AmoService] [39m[32mBackfill page 62: fetched=80 upserted=0 skipped=80[39m
[32m[Nest] 94620  - [39m06/03/2026, 1:11:23 PM [32m    LOG[39m [38;5;3m[AmoService] [39m[32mBackfill complete: fetched=15330 upserted=0 skipped=15330 pages=62 duration=683236ms[39m
[32m[Nest] 94620  - [39m06/03/2026, 1:11:23 PM [32m    LOG[39m [38;5;3m[AmoSyncService] [39m[32mScheduled sync complete: fetched=15330, upserted=0[39m
[32m[Nest] 94620  - [39m06/03/2026, 1:44:30 PM [32m    LOG[39m [38;5;3m[AmoSyncService] [39m[32mStarting scheduled 30-minute amoCRM sync...[39m
[32m[Nest] 94620  - [39m06/03/2026, 1:44:47 PM [32m    LOG[39m [38;5;3m[AmoService] [39m[32mBackfill page 1: fetched=250 upserted=0 skipped=250[39m
[32m[Nest] 94620  - [39m06/03/2026, 1:44:54 PM [32m    LOG[39m [38;5;3m[AmoService] [39m[32mBackfill page 2: fetched=250 upserted=0 skipped=250[39m
[32m[Nest] 94620  - [39m06/03/2026, 1:45:00 PM [32m    LOG[39m [38;5;3m[AmoService] [39m[32mBackfill page 3: fetched=250 upserted=0 skipped=250[39m
[32m[Nest] 94620  - [39m06/03/2026, 1:45:08 PM [32m    LOG[39m [38;5;3m[AmoService] [39m[32mBackfill page 4: fetched=250 upserted=0 skipped=250[39m
[32m[Nest] 94620  - [39m06/03/2026, 1:45:18 PM [32m    LOG[39m [38;5;3m[AmoService] [39m[32mBackfill page 5: fetched=250 upserted=0 skipped=250[39m
[32m[Nest] 94620  - [39m06/03/2026, 1:45:35 PM [32m    LOG[39m [38;5;3m[AmoService] [39m[32mBackfill page 6: fetched=250 upserted=0 skipped=250[39m
[32m[Nest] 94620  - [39m06/03/2026, 1:45:52 PM [32m    LOG[39m [38;5;3m[AmoService] [39m[32mBackfill page 7: fetched=250 upserted=0 skipped=250[39m
[32m[Nest] 94620  - [39m06/03/2026, 1:46:00 PM [32m    LOG[39m [38;5;3m[AmoService] [39m[32mBackfill page 8: fetched=250 upserted=0 skipped=250[39m
[32m[Nest] 94620  - [39m06/03/2026, 1:46:20 PM [32m    LOG[39m [38;5;3m[AmoService] [39m[32mBackfill page 9: fetched=250 upserted=0 skipped=250[39m
[32m[Nest] 94620  - [39m06/03/2026, 1:46:40 PM [32m    LOG[39m [38;5;3m[AmoService] [39m[32mBackfill page 10: fetched=250 upserted=0 skipped=250[39m
[32m[Nest] 94620  - [39m06/03/2026, 1:47:00 PM [32m    LOG[39m [38;5;3m[AmoService] [39m[32mBackfill page 11: fetched=250 upserted=0 skipped=250[39m
[32m[Nest] 94620  - [39m06/03/2026, 1:47:06 PM [32m    LOG[39m [38;5;3m[AmoService] [39m[32mBackfill page 12: fetched=250 upserted=0 skipped=250[39m
[32m[Nest] 94620  - [39m06/03/2026, 1:47:22 PM [32m    LOG[39m [38;5;3m[AmoService] [39m[32mBackfill page 13: fetched=250 upserted=0 skipped=250[39m
[32m[Nest] 94620  - [39m06/03/2026, 1:47:30 PM [32m    LOG[39m [38;5;3m[AmoService] [39m[32mBackfill page 14: fetched=250 upserted=0 skipped=250[39m
[32m[Nest] 94620  - [39m06/03/2026, 1:47:48 PM [32m    LOG[39m [38;5;3m[AmoService] [39m[32mBackfill page 15: fetched=250 upserted=0 skipped=250[39m
[32m[Nest] 94620  - [39m06/03/2026, 1:48:05 PM [32m    LOG[39m [38;5;3m[AmoService] [39m[32mBackfill page 16: fetched=250 upserted=0 skipped=250[39m
[32m[Nest] 94620  - [39m06/03/2026, 1:48:13 PM [32m    LOG[39m [38;5;3m[AmoService] [39m[32mBackfill page 17: fetched=250 upserted=0 skipped=250[39m
[32m[Nest] 94620  - [39m06/03/2026, 1:48:29 PM [32m    LOG[39m [38;5;3m[AmoService] [39m[32mBackfill page 18: fetched=250 upserted=0 skipped=250[39m
[32m[Nest] 94620  - [39m06/03/2026, 1:48:37 PM [32m    LOG[39m [38;5;3m[AmoService] [39m[32mBackfill page 19: fetched=250 upserted=0 skipped=250[39m
[32m[Nest] 94620  - [39m06/03/2026, 1:48:43 PM [32m    LOG[39m [38;5;3m[AmoService] [39m[32mBackfill page 20: fetched=250 upserted=0 skipped=250[39m
[32m[Nest] 94620  - [39m06/03/2026, 1:49:00 PM [32m    LOG[39m [38;5;3m[AmoService] [39m[32mBackfill page 21: fetched=250 upserted=0 skipped=250[39m
[32m[Nest] 94620  - [39m06/03/2026, 1:49:17 PM [32m    LOG[39m [38;5;3m[AmoService] [39m[32mBackfill page 22: fetched=250 upserted=0 skipped=250[39m
[32m[Nest] 94620  - [39m06/03/2026, 1:49:35 PM [32m    LOG[39m [38;5;3m[AmoService] [39m[32mBackfill page 23: fetched=250 upserted=0 skipped=250[39m
[32m[Nest] 94620  - [39m06/03/2026, 1:49:42 PM [32m    LOG[39m [38;5;3m[AmoService] [39m[32mBackfill page 24: fetched=250 upserted=0 skipped=250[39m
[32m[Nest] 94620  - [39m06/03/2026, 1:49:58 PM [32m    LOG[39m [38;5;3m[AmoService] [39m[32mBackfill page 25: fetched=250 upserted=0 skipped=250[39m
[32m[Nest] 94620  - [39m06/03/2026, 1:50:17 PM [32m    LOG[39m [38;5;3m[AmoService] [39m[32mBackfill page 26: fetched=250 upserted=0 skipped=250[39m
[32m[Nest] 94620  - [39m06/03/2026, 1:50:25 PM [32m    LOG[39m [38;5;3m[AmoService] [39m[32mBackfill page 27: fetched=250 upserted=0 skipped=250[39m
[32m[Nest] 94620  - [39m06/03/2026, 1:50:45 PM [32m    LOG[39m [38;5;3m[AmoService] [39m[32mBackfill page 28: fetched=250 upserted=0 skipped=250[39m
[32m[Nest] 94620  - [39m06/03/2026, 1:50:53 PM [32m    LOG[39m [38;5;3m[AmoService] [39m[32mBackfill page 29: fetched=250 upserted=0 skipped=250[39m
[32m[Nest] 94620  - [39m06/03/2026, 1:51:13 PM [32m    LOG[39m [38;5;3m[AmoService] [39m[32mBackfill page 30: fetched=250 upserted=0 skipped=250[39m
[32m[Nest] 94620  - [39m06/03/2026, 1:51:30 PM [32m    LOG[39m [38;5;3m[AmoService] [39m[32mBackfill page 31: fetched=250 upserted=0 skipped=250[39m
[32m[Nest] 94620  - [39m06/03/2026, 1:51:47 PM [32m    LOG[39m [38;5;3m[AmoService] [39m[32mBackfill page 32: fetched=250 upserted=0 skipped=250[39m
[32m[Nest] 94620  - [39m06/03/2026, 1:51:59 PM [32m    LOG[39m [38;5;3m[AmoService] [39m[32mBackfill page 33: fetched=250 upserted=0 skipped=250[39m
[32m[Nest] 94620  - [39m06/03/2026, 1:52:07 PM [32m    LOG[39m [38;5;3m[AmoService] [39m[32mBackfill page 34: fetched=250 upserted=0 skipped=250[39m
[32m[Nest] 94620  - [39m06/03/2026, 1:52:28 PM [32m    LOG[39m [38;5;3m[AmoService] [39m[32mBackfill page 35: fetched=250 upserted=0 skipped=250[39m
[32m[Nest] 94620  - [39m06/03/2026, 1:52:33 PM [32m    LOG[39m [38;5;3m[AmoService] [39m[32mBackfill page 36: fetched=250 upserted=0 skipped=250[39m
[32m[Nest] 94620  - [39m06/03/2026, 1:52:39 PM [32m    LOG[39m [38;5;3m[AmoService] [39m[32mBackfill page 37: fetched=250 upserted=0 skipped=250[39m
[32m[Nest] 94620  - [39m06/03/2026, 1:52:45 PM [32m    LOG[39m [38;5;3m[AmoService] [39m[32mBackfill page 38: fetched=250 upserted=0 skipped=250[39m
[32m[Nest] 94620  - [39m06/03/2026, 1:52:51 PM [32m    LOG[39m [38;5;3m[AmoService] [39m[32mBackfill page 39: fetched=250 upserted=0 skipped=250[39m
[32m[Nest] 94620  - [39m06/03/2026, 1:53:08 PM [32m    LOG[39m [38;5;3m[AmoService] [39m[32mBackfill page 40: fetched=250 upserted=0 skipped=250[39m
[32m[Nest] 94620  - [39m06/03/2026, 1:53:15 PM [32m    LOG[39m [38;5;3m[AmoService] [39m[32mBackfill page 41: fetched=250 upserted=0 skipped=250[39m
[32m[Nest] 94620  - [39m06/03/2026, 1:53:22 PM [32m    LOG[39m [38;5;3m[AmoService] [39m[32mBackfill page 42: fetched=250 upserted=0 skipped=250[39m
[32m[Nest] 94620  - [39m06/03/2026, 1:53:40 PM [32m    LOG[39m [38;5;3m[AmoService] [39m[32mBackfill page 43: fetched=250 upserted=0 skipped=250[39m
[32m[Nest] 94620  - [39m06/03/2026, 1:53:47 PM [32m    LOG[39m [38;5;3m[AmoService] [39m[32mBackfill page 44: fetched=250 upserted=0 skipped=250[39m
[32m[Nest] 94620  - [39m06/03/2026, 1:54:06 PM [32m    LOG[39m [38;5;3m[AmoService] [39m[32mBackfill page 45: fetched=250 upserted=0 skipped=250[39m
[32m[Nest] 94620  - [39m06/03/2026, 1:54:24 PM [32m    LOG[39m [38;5;3m[AmoService] [39m[32mBackfill page 46: fetched=250 upserted=0 skipped=250[39m
[32m[Nest] 94620  - [39m06/03/2026, 1:54:42 PM [32m    LOG[39m [38;5;3m[AmoService] [39m[32mBackfill page 47: fetched=250 upserted=0 skipped=250[39m
[32m[Nest] 94620  - [39m06/03/2026, 1:55:00 PM [32m    LOG[39m [38;5;3m[AmoService] [39m[32mBackfill page 48: fetched=250 upserted=0 skipped=250[39m
[32m[Nest] 94620  - [39m06/03/2026, 1:55:20 PM [32m    LOG[39m [38;5;3m[AmoService] [39m[32mBackfill page 49: fetched=250 upserted=0 skipped=250[39m
[32m[Nest] 94620  - [39m06/03/2026, 1:55:39 PM [32m    LOG[39m [38;5;3m[AmoService] [39m[32mBackfill page 50: fetched=250 upserted=0 skipped=250[39m
[33m[Nest] 94620  - [39m06/03/2026, 1:55:43 PM [33m   WARN[39m [38;5;3m[AmoService] [39m[33mContact fetch failed for 80 ids: TypeError: fetch failed[39m
[32m[Nest] 94620  - [39m06/03/2026, 1:55:46 PM [32m    LOG[39m [38;5;3m[AmoService] [39m[32mBackfill page 51: fetched=250 upserted=0 skipped=250[39m
[32m[Nest] 94620  - [39m06/03/2026, 1:55:53 PM [32m    LOG[39m [38;5;3m[AmoService] [39m[32mBackfill page 52: fetched=250 upserted=0 skipped=250[39m
[32m[Nest] 94620  - [39m06/03/2026, 1:56:11 PM [32m    LOG[39m [38;5;3m[AmoService] [39m[32mBackfill page 53: fetched=250 upserted=0 skipped=250[39m
[32m[Nest] 94620  - [39m06/03/2026, 1:56:19 PM [32m    LOG[39m [38;5;3m[AmoService] [39m[32mBackfill page 54: fetched=250 upserted=0 skipped=250[39m
[32m[Nest] 94620  - [39m06/03/2026, 1:56:27 PM [32m    LOG[39m [38;5;3m[AmoService] [39m[32mBackfill page 55: fetched=250 upserted=0 skipped=250[39m
[32m[Nest] 94620  - [39m06/03/2026, 1:56:34 PM [32m    LOG[39m [38;5;3m[AmoService] [39m[32mBackfill page 56: fetched=250 upserted=0 skipped=250[39m
[32m[Nest] 94620  - [39m06/03/2026, 1:56:50 PM [32m    LOG[39m [38;5;3m[AmoService] [39m[32mBackfill page 57: fetched=250 upserted=0 skipped=250[39m
[32m[Nest] 94620  - [39m06/03/2026, 1:57:07 PM [32m    LOG[39m [38;5;3m[AmoService] [39m[32mBackfill page 58: fetched=250 upserted=0 skipped=250[39m
[32m[Nest] 94620  - [39m06/03/2026, 1:57:15 PM [32m    LOG[39m [38;5;3m[AmoService] [39m[32mBackfill page 59: fetched=250 upserted=0 skipped=250[39m
[32m[Nest] 94620  - [39m06/03/2026, 1:57:32 PM [32m    LOG[39m [38;5;3m[AmoService] [39m[32mBackfill page 60: fetched=250 upserted=0 skipped=250[39m
[32m[Nest] 94620  - [39m06/03/2026, 1:57:48 PM [32m    LOG[39m [38;5;3m[AmoService] [39m[32mBackfill page 61: fetched=250 upserted=0 skipped=250[39m
[32m[Nest] 94620  - [39m06/03/2026, 1:57:52 PM [32m    LOG[39m [38;5;3m[AmoService] [39m[32mBackfill page 62: fetched=86 upserted=0 skipped=86[39m
[32m[Nest] 94620  - [39m06/03/2026, 1:57:52 PM [32m    LOG[39m [38;5;3m[AmoService] [39m[32mBackfill complete: fetched=15336 upserted=0 skipped=15336 pages=62 duration=802378ms[39m
[32m[Nest] 94620  - [39m06/03/2026, 1:57:52 PM [32m    LOG[39m [38;5;3m[AmoSyncService] [39m[32mScheduled sync complete: fetched=15336, upserted=0[39m
[32m[Nest] 94620  - [39m06/03/2026, 2:00:00 PM [32m    LOG[39m [38;5;3m[AmoSyncService] [39m[32mStarting scheduled 30-minute amoCRM sync...[39m
[32m[Nest] 94620  - [39m06/03/2026, 2:00:31 PM [32m    LOG[39m [38;5;3m[AmoService] [39m[32mBackfill page 1: fetched=250 upserted=0 skipped=250[39m
[32m[Nest] 94620  - [39m06/03/2026, 2:00:39 PM [32m    LOG[39m [38;5;3m[AmoService] [39m[32mBackfill page 2: fetched=250 upserted=0 skipped=250[39m
[32m[Nest] 94620  - [39m06/03/2026, 2:00:58 PM [32m    LOG[39m [38;5;3m[AmoService] [39m[32mBackfill page 3: fetched=250 upserted=0 skipped=250[39m
[32m[Nest] 94620  - [39m06/03/2026, 2:01:08 PM [32m    LOG[39m [38;5;3m[AmoService] [39m[32mBackfill page 4: fetched=250 upserted=0 skipped=250[39m
[32m[Nest] 94620  - [39m06/03/2026, 2:01:27 PM [32m    LOG[39m [38;5;3m[AmoService] [39m[32mBackfill page 5: fetched=250 upserted=0 skipped=250[39m
[32m[Nest] 94620  - [39m06/03/2026, 2:01:44 PM [32m    LOG[39m [38;5;3m[AmoService] [39m[32mBackfill page 6: fetched=250 upserted=0 skipped=250[39m
[32m[Nest] 94620  - [39m06/03/2026, 2:01:53 PM [32m    LOG[39m [38;5;3m[AmoService] [39m[32mBackfill page 7: fetched=250 upserted=0 skipped=250[39m
[32m[Nest] 94620  - [39m06/03/2026, 2:02:02 PM [32m    LOG[39m [38;5;3m[AmoService] [39m[32mBackfill page 8: fetched=250 upserted=0 skipped=250[39m
[32m[Nest] 94620  - [39m06/03/2026, 2:02:10 PM [32m    LOG[39m [38;5;3m[AmoService] [39m[32mBackfill page 9: fetched=250 upserted=0 skipped=250[39m
[32m[Nest] 94620  - [39m06/03/2026, 2:02:18 PM [32m    LOG[39m [38;5;3m[AmoService] [39m[32mBackfill page 10: fetched=250 upserted=0 skipped=250[39m
[32m[Nest] 94620  - [39m06/03/2026, 2:02:36 PM [32m    LOG[39m [38;5;3m[AmoService] [39m[32mBackfill page 11: fetched=250 upserted=0 skipped=250[39m
[32m[Nest] 94620  - [39m06/03/2026, 2:02:52 PM [32m    LOG[39m [38;5;3m[AmoService] [39m[32mBackfill page 12: fetched=250 upserted=0 skipped=250[39m
[32m[Nest] 94620  - [39m06/03/2026, 2:03:00 PM [32m    LOG[39m [38;5;3m[AmoService] [39m[32mBackfill page 13: fetched=250 upserted=0 skipped=250[39m
[32m[Nest] 94620  - [39m06/03/2026, 2:03:08 PM [32m    LOG[39m [38;5;3m[AmoService] [39m[32mBackfill page 14: fetched=250 upserted=0 skipped=250[39m
[32m[Nest] 94620  - [39m06/03/2026, 2:03:26 PM [32m    LOG[39m [38;5;3m[AmoService] [39m[32mBackfill page 15: fetched=250 upserted=0 skipped=250[39m
[32m[Nest] 94620  - [39m06/03/2026, 2:03:33 PM [32m    LOG[39m [38;5;3m[AmoService] [39m[32mBackfill page 16: fetched=250 upserted=0 skipped=250[39m
[32m[Nest] 94620  - [39m06/03/2026, 2:04:01 PM [32m    LOG[39m [38;5;3m[AmoService] [39m[32mBackfill page 17: fetched=250 upserted=0 skipped=250[39m
[32m[Nest] 94620  - [39m06/03/2026, 2:04:08 PM [32m    LOG[39m [38;5;3m[AmoService] [39m[32mBackfill page 18: fetched=250 upserted=0 skipped=250[39m
[32m[Nest] 94620  - [39m06/03/2026, 2:04:16 PM [32m    LOG[39m [38;5;3m[AmoService] [39m[32mBackfill page 19: fetched=250 upserted=0 skipped=250[39m
[32m[Nest] 94620  - [39m06/03/2026, 2:04:34 PM [32m    LOG[39m [38;5;3m[AmoService] [39m[32mBackfill page 20: fetched=250 upserted=0 skipped=250[39m
[32m[Nest] 94620  - [39m06/03/2026, 2:04:42 PM [32m    LOG[39m [38;5;3m[AmoService] [39m[32mBackfill page 21: fetched=250 upserted=0 skipped=250[39m
[32m[Nest] 94620  - [39m06/03/2026, 2:04:59 PM [32m    LOG[39m [38;5;3m[AmoService] [39m[32mBackfill page 22: fetched=250 upserted=0 skipped=250[39m
[32m[Nest] 94620  - [39m06/03/2026, 2:05:07 PM [32m    LOG[39m [38;5;3m[AmoService] [39m[32mBackfill page 23: fetched=250 upserted=0 skipped=250[39m
[32m[Nest] 94620  - [39m06/03/2026, 2:05:37 PM [32m    LOG[39m [38;5;3m[AmoService] [39m[32mBackfill page 24: fetched=250 upserted=0 skipped=250[39m
[32m[Nest] 94620  - [39m06/03/2026, 2:05:46 PM [32m    LOG[39m [38;5;3m[AmoService] [39m[32mBackfill page 25: fetched=250 upserted=0 skipped=250[39m
[32m[Nest] 94620  - [39m06/03/2026, 2:05:54 PM [32m    LOG[39m [38;5;3m[AmoService] [39m[32mBackfill page 26: fetched=250 upserted=0 skipped=250[39m
[32m[Nest] 94620  - [39m06/03/2026, 2:06:15 PM [32m    LOG[39m [38;5;3m[AmoService] [39m[32mBackfill page 27: fetched=250 upserted=0 skipped=250[39m
[32m[Nest] 94620  - [39m06/03/2026, 2:06:26 PM [32m    LOG[39m [38;5;3m[AmoService] [39m[32mBackfill page 28: fetched=250 upserted=0 skipped=250[39m
[32m[Nest] 94620  - [39m06/03/2026, 2:06:33 PM [32m    LOG[39m [38;5;3m[AmoService] [39m[32mBackfill page 29: fetched=250 upserted=0 skipped=250[39m
[32m[Nest] 94620  - [39m06/03/2026, 2:06:41 PM [32m    LOG[39m [38;5;3m[AmoService] [39m[32mBackfill page 30: fetched=250 upserted=0 skipped=250[39m
[32m[Nest] 94620  - [39m06/03/2026, 2:06:59 PM [32m    LOG[39m [38;5;3m[AmoService] [39m[32mBackfill page 31: fetched=250 upserted=0 skipped=250[39m
[32m[Nest] 94620  - [39m06/03/2026, 2:07:06 PM [32m    LOG[39m [38;5;3m[AmoService] [39m[32mBackfill page 32: fetched=250 upserted=0 skipped=250[39m
[32m[Nest] 94620  - [39m06/03/2026, 2:07:12 PM [32m    LOG[39m [38;5;3m[AmoService] [39m[32mBackfill page 33: fetched=250 upserted=0 skipped=250[39m
[32m[Nest] 94620  - [39m06/03/2026, 2:07:19 PM [32m    LOG[39m [38;5;3m[AmoService] [39m[32mBackfill page 34: fetched=250 upserted=0 skipped=250[39m
[32m[Nest] 94620  - [39m06/03/2026, 2:07:26 PM [32m    LOG[39m [38;5;3m[AmoService] [39m[32mBackfill page 35: fetched=250 upserted=0 skipped=250[39m
[32m[Nest] 94620  - [39m06/03/2026, 2:07:32 PM [32m    LOG[39m [38;5;3m[AmoService] [39m[32mBackfill page 36: fetched=250 upserted=0 skipped=250[39m
[32m[Nest] 94620  - [39m06/03/2026, 2:07:40 PM [32m    LOG[39m [38;5;3m[AmoService] [39m[32mBackfill page 37: fetched=250 upserted=0 skipped=250[39m
[32m[Nest] 94620  - [39m06/03/2026, 2:07:56 PM [32m    LOG[39m [38;5;3m[AmoService] [39m[32mBackfill page 38: fetched=250 upserted=0 skipped=250[39m
[32m[Nest] 94620  - [39m06/03/2026, 2:08:03 PM [32m    LOG[39m [38;5;3m[AmoService] [39m[32mBackfill page 39: fetched=250 upserted=0 skipped=250[39m
[32m[Nest] 94620  - [39m06/03/2026, 2:08:11 PM [32m    LOG[39m [38;5;3m[AmoService] [39m[32mBackfill page 40: fetched=250 upserted=0 skipped=250[39m
[32m[Nest] 94620  - [39m06/03/2026, 2:08:19 PM [32m    LOG[39m [38;5;3m[AmoService] [39m[32mBackfill page 41: fetched=250 upserted=0 skipped=250[39m
[32m[Nest] 94620  - [39m06/03/2026, 2:08:26 PM [32m    LOG[39m [38;5;3m[AmoService] [39m[32mBackfill page 42: fetched=250 upserted=0 skipped=250[39m
[32m[Nest] 94620  - [39m06/03/2026, 2:08:34 PM [32m    LOG[39m [38;5;3m[AmoService] [39m[32mBackfill page 43: fetched=250 upserted=0 skipped=250[39m
[32m[Nest] 94620  - [39m06/03/2026, 2:08:40 PM [32m    LOG[39m [38;5;3m[AmoService] [39m[32mBackfill page 44: fetched=250 upserted=0 skipped=250[39m
[32m[Nest] 94620  - [39m06/03/2026, 2:08:56 PM [32m    LOG[39m [38;5;3m[AmoService] [39m[32mBackfill page 45: fetched=250 upserted=0 skipped=250[39m
[32m[Nest] 94620  - [39m06/03/2026, 2:09:04 PM [32m    LOG[39m [38;5;3m[AmoService] [39m[32mBackfill page 46: fetched=250 upserted=0 skipped=250[39m
[32m[Nest] 94620  - [39m06/03/2026, 2:09:11 PM [32m    LOG[39m [38;5;3m[AmoService] [39m[32mBackfill page 47: fetched=250 upserted=0 skipped=250[39m
[32m[Nest] 94620  - [39m06/03/2026, 2:09:31 PM [32m    LOG[39m [38;5;3m[AmoService] [39m[32mBackfill page 48: fetched=250 upserted=0 skipped=250[39m
[32m[Nest] 94620  - [39m06/03/2026, 2:09:39 PM [32m    LOG[39m [38;5;3m[AmoService] [39m[32mBackfill page 49: fetched=250 upserted=0 skipped=250[39m
[32m[Nest] 94620  - [39m06/03/2026, 2:09:46 PM [32m    LOG[39m [38;5;3m[AmoService] [39m[32mBackfill page 50: fetched=250 upserted=0 skipped=250[39m
[32m[Nest] 94620  - [39m06/03/2026, 2:10:02 PM [32m    LOG[39m [38;5;3m[AmoService] [39m[32mBackfill page 51: fetched=250 upserted=0 skipped=250[39m
[32m[Nest] 94620  - [39m06/03/2026, 2:10:10 PM [32m    LOG[39m [38;5;3m[AmoService] [39m[32mBackfill page 52: fetched=250 upserted=0 skipped=250[39m
[32m[Nest] 94620  - [39m06/03/2026, 2:10:19 PM [32m    LOG[39m [38;5;3m[AmoService] [39m[32mBackfill page 53: fetched=250 upserted=0 skipped=250[39m
[32m[Nest] 94620  - [39m06/03/2026, 2:10:39 PM [32m    LOG[39m [38;5;3m[AmoService] [39m[32mBackfill page 54: fetched=250 upserted=0 skipped=250[39m
[32m[Nest] 94620  - [39m06/03/2026, 2:10:46 PM [32m    LOG[39m [38;5;3m[AmoService] [39m[32mBackfill page 55: fetched=250 upserted=0 skipped=250[39m
[32m[Nest] 94620  - [39m06/03/2026, 2:10:54 PM [32m    LOG[39m [38;5;3m[AmoService] [39m[32mBackfill page 56: fetched=250 upserted=0 skipped=250[39m
[32m[Nest] 94620  - [39m06/03/2026, 2:11:01 PM [32m    LOG[39m [38;5;3m[AmoService] [39m[32mBackfill page 57: fetched=250 upserted=0 skipped=250[39m
[32m[Nest] 94620  - [39m06/03/2026, 2:11:19 PM [32m    LOG[39m [38;5;3m[AmoService] [39m[32mBackfill page 58: fetched=250 upserted=0 skipped=250[39m
[32m[Nest] 94620  - [39m06/03/2026, 2:11:36 PM [32m    [2J[3J[H[[90m7:41:52 PM[0m] File change detected. Starting incremental compilation...

[[90m7:41:53 PM[0m] Found 0 errors. Watching for file changes.

[32m[Nest] 2610  - [39m06/03/2026, 7:41:58 PM [32m    LOG[39m [38;5;3m[NestFactory] [39m[32mStarting Nest application...[39m
[32m[Nest] 2610  - [39m06/03/2026, 7:41:58 PM [32m    LOG[39m [38;5;3m[InstanceLoader] [39m[32mAppModule dependencies initialized[39m[38;5;3m +38ms[39m
[32m[Nest] 2610  - [39m06/03/2026, 7:41:58 PM [32m    LOG[39m [38;5;3m[InstanceLoader] [39m[32mConfigModule dependencies initialized[39m[38;5;3m +1ms[39m
[32m[Nest] 2610  - [39m06/03/2026, 7:41:58 PM [32m    LOG[39m [38;5;3m[InstanceLoader] [39m[32mDatabaseModule dependencies initialized[39m[38;5;3m +49ms[39m
[32m[Nest] 2610  - [39m06/03/2026, 7:41:58 PM [32m    LOG[39m [38;5;3m[InstanceLoader] [39m[32mPassportModule dependencies initialized[39m[38;5;3m +0ms[39m
[32m[Nest] 2610  - [39m06/03/2026, 7:41:58 PM [32m    LOG[39m [38;5;3m[InstanceLoader] [39m[32mThrottlerModule dependencies initialized[39m[38;5;3m +54ms[39m
[32m[Nest] 2610  - [39m06/03/2026, 7:41:58 PM [32m    LOG[39m [38;5;3m[InstanceLoader] [39m[32mJwtModule dependencies initialized[39m[38;5;3m +0ms[39m
[32m[Nest] 2610  - [39m06/03/2026, 7:41:58 PM [32m    LOG[39m [38;5;3m[InstanceLoader] [39m[32mConfigHostModule dependencies initialized[39m[38;5;3m +1ms[39m
[32m[Nest] 2610  - [39m06/03/2026, 7:41:58 PM [32m    LOG[39m [38;5;3m[InstanceLoader] [39m[32mAuditModule dependencies initialized[39m[38;5;3m +1ms[39m
[32m[Nest] 2610  - [39m06/03/2026, 7:41:58 PM [32m    LOG[39m [38;5;3m[InstanceLoader] [39m[32mDiscoveryModule dependencies initialized[39m[38;5;3m +0ms[39m
[32m[Nest] 2610  - [39m06/03/2026, 7:41:58 PM [32m    LOG[39m [38;5;3m[InstanceLoader] [39m[32mTerminusModule dependencies initialized[39m[38;5;3m +1ms[39m
[32m[Nest] 2610  - [39m06/03/2026, 7:41:58 PM [32m    LOG[39m [38;5;3m[InstanceLoader] [39m[32mConfigModule dependencies initialized[39m[38;5;3m +0ms[39m
[32m[Nest] 2610  - [39m06/03/2026, 7:41:58 PM [32m    LOG[39m [38;5;3m[InstanceLoader] [39m[32mScheduleModule dependencies initialized[39m[38;5;3m +4ms[39m
[32m[Nest] 2610  - [39m06/03/2026, 7:41:58 PM [32m    LOG[39m [38;5;3m[InstanceLoader] [39m[32mRedisModule dependencies initialized[39m[38;5;3m +4ms[39m
[32m[Nest] 2610  - [39m06/03/2026, 7:41:58 PM [32m    LOG[39m [38;5;3m[InstanceLoader] [39m[32mEmailModule dependencies initialized[39m[38;5;3m +0ms[39m
[32m[Nest] 2610  - [39m06/03/2026, 7:41:58 PM [32m    LOG[39m [38;5;3m[InstanceLoader] [39m[32mProfileModule dependencies initialized[39m[38;5;3m +5ms[39m
[32m[Nest] 2610  - [39m06/03/2026, 7:41:58 PM [32m    LOG[39m [38;5;3m[InstanceLoader] [39m[32mAnalyticsModule dependencies initialized[39m[38;5;3m +0ms[39m
[32m[Nest] 2610  - [39m06/03/2026, 7:41:58 PM [32m    LOG[39m [38;5;3m[InstanceLoader] [39m[32mPayoutsModule dependencies initialized[39m[38;5;3m +3ms[39m
[32m[Nest] 2610  - [39m06/03/2026, 7:41:58 PM [32m    LOG[39m [38;5;3m[InstanceLoader] [39m[32mReferralsModule dependencies initialized[39m[38;5;3m +0ms[39m
[32m[Nest] 2610  - [39m06/03/2026, 7:41:58 PM [32m    LOG[39m [38;5;3m[InstanceLoader] [39m[32mAuthModule dependencies initialized[39m[38;5;3m +0ms[39m
[32m[Nest] 2610  - [39m06/03/2026, 7:41:58 PM [32m    LOG[39m [38;5;3m[InstanceLoader] [39m[32mHealthModule dependencies initialized[39m[38;5;3m +1ms[39m
[32m[Nest] 2610  - [39m06/03/2026, 7:41:58 PM [32m    LOG[39m [38;5;3m[InstanceLoader] [39m[32mWebhookModule dependencies initialized[39m[38;5;3m +0ms[39m
[32m[Nest] 2610  - [39m06/03/2026, 7:41:58 PM [32m    LOG[39m [38;5;3m[InstanceLoader] [39m[32mAmoModule dependencies initialized[39m[38;5;3m +1ms[39m
[32m[Nest] 2610  - [39m06/03/2026, 7:41:58 PM [32m    LOG[39m [38;5;3m[InstanceLoader] [39m[32mAdminModule dependencies initialized[39m[38;5;3m +1ms[39m
[32m[Nest] 2610  - [39m06/03/2026, 7:41:58 PM [32m    LOG[39m [38;5;3m[InstanceLoader] [39m[32mLeadsModule dependencies initialized[39m[38;5;3m +0ms[39m
[32m[Nest] 2610  - [39m06/03/2026, 7:41:58 PM [32m    LOG[39m [38;5;3m[RoutesResolver] [39m[32mHealthController {/api/v1/health}:[39m[38;5;3m +31ms[39m
[32m[Nest] 2610  - [39m06/03/2026, 7:41:58 PM [32m    LOG[39m [38;5;3m[RouterExplorer] [39m[32mMapped {/api/v1/health, GET} route[39m[38;5;3m +6ms[39m
[32m[Nest] 2610  - [39m06/03/2026, 7:41:58 PM [32m    LOG[39m [38;5;3m[RoutesResolver] [39m[32mAuthController {/api/v1/auth}:[39m[38;5;3m +0ms[39m
[32m[Nest] 2610  - [39m06/03/2026, 7:41:58 PM [32m    LOG[39m [38;5;3m[RouterExplorer] [39m[32mMapped {/api/v1/auth/login, POST} route[39m[38;5;3m +1ms[39m
[32m[Nest] 2610  - [39m06/03/2026, 7:41:58 PM [32m    LOG[39m [38;5;3m[RouterExplorer] [39m[32mMapped {/api/v1/auth/register, POST} route[39m[38;5;3m +0ms[39m
[32m[Nest] 2610  - [39m06/03/2026, 7:41:58 PM [32m    LOG[39m [38;5;3m[RouterExplorer] [39m[32mMapped {/api/v1/auth/refresh, POST} route[39m[38;5;3m +1ms[39m
[32m[Nest] 2610  - [39m06/03/2026, 7:41:58 PM [32m    LOG[39m [38;5;3m[RouterExplorer] [39m[32mMapped {/api/v1/auth/logout, POST} route[39m[38;5;3m +0ms[39m
[32m[Nest] 2610  - [39m06/03/2026, 7:41:58 PM [32m    LOG[39m [38;5;3m[RouterExplorer] [39m[32mMapped {/api/v1/auth/password/forgot, POST} route[39m[38;5;3m +0ms[39m
[32m[Nest] 2610  - [39m06/03/2026, 7:41:58 PM [32m    LOG[39m [38;5;3m[RouterExplorer] [39m[32mMapped {/api/v1/auth/password/reset, POST} route[39m[38;5;3m +0ms[39m
[32m[Nest] 2610  - [39m06/03/2026, 7:41:58 PM [32m    LOG[39m [38;5;3m[RoutesResolver] [39m[32mLeadsController {/api/v1/leads}:[39m[38;5;3m +0ms[39m
[32m[Nest] 2610  - [39m06/03/2026, 7:41:58 PM [32m    LOG[39m [38;5;3m[RouterExplorer] [39m[32mMapped {/api/v1/leads, GET} route[39m[38;5;3m +1ms[39m
[32m[Nest] 2610  - [39m06/03/2026, 7:41:58 PM [32m    LOG[39m [38;5;3m[RouterExplorer] [39m[32mMapped {/api/v1/leads, POST} route[39m[38;5;3m +1ms[39m
[32m[Nest] 2610  - [39m06/03/2026, 7:41:58 PM [32m    LOG[39m [38;5;3m[RouterExplorer] [39m[32mMapped {/api/v1/leads/board, GET} route[39m[38;5;3m +0ms[39m
[32m[Nest] 2610  - [39m06/03/2026, 7:41:58 PM [32m    LOG[39m [38;5;3m[RouterExplorer] [39m[32mMapped {/api/v1/leads/:id, GET} route[39m[38;5;3m +0ms[39m
[32m[Nest] 2610  - [39m06/03/2026, 7:41:58 PM [32m    LOG[39m [38;5;3m[RouterExplorer] [39m[32mMapped {/api/v1/leads/:id/history, GET} route[39m[38;5;3m +0ms[39m
[32m[Nest] 2610  - [39m06/03/2026, 7:41:58 PM [32m    LOG[39m [38;5;3m[RouterExplorer] [39m[32mMapped {/api/v1/leads/:id/notes, GET} route[39m[38;5;3m +0ms[39m
[32m[Nest] 2610  - [39m06/03/2026, 7:41:58 PM [32m    LOG[39m [38;5;3m[RouterExplorer] [39m[32mMapped {/api/v1/leads/:id/notes, POST} route[39m[38;5;3m +1ms[39m
[32m[Nest] 2610  - [39m06/03/2026, 7:41:58 PM [32m    LOG[39m [38;5;3m[RoutesResolver] [39m[32mAmoController {/api/v1/amo-crm}:[39m[38;5;3m +1ms[39m
[32m[Nest] 2610  - [39m06/03/2026, 7:41:58 PM [32m    LOG[39m [38;5;3m[RouterExplorer] [39m[32mMapped {/api/v1/amo-crm/connect, GET} route[39m[38;5;3m +0ms[39m
[32m[Nest] 2610  - [39m06/03/2026, 7:41:58 PM [32m    LOG[39m [38;5;3m[RouterExplorer] [39m[32mMapped {/api/v1/amo-crm/callback, GET} route[39m[38;5;3m +0ms[39m
[32m[Nest] 2610  - [39m06/03/2026, 7:41:58 PM [32m    LOG[39m [38;5;3m[RouterExplorer] [39m[32mMapped {/api/v1/amo-crm/backfill, POST} route[39m[38;5;3m +1ms[39m
[32m[Nest] 2610  - [39m06/03/2026, 7:41:58 PM [32m    LOG[39m [38;5;3m[RouterExplorer] [39m[32mMapped {/api/v1/amo-crm/backfill-history, POST} route[39m[38;5;3m +0ms[39m
[32m[Nest] 2610  - [39m06/03/2026, 7:41:58 PM [32m    LOG[39m [38;5;3m[RouterExplorer] [39m[32mMapped {/api/v1/amo-crm/sources, GET} route[39m[38;5;3m +0ms[39m
[32m[Nest] 2610  - [39m06/03/2026, 7:41:58 PM [32m    LOG[39m [38;5;3m[RouterExplorer] [39m[32mMapped {/api/v1/amo-crm/tags, GET} route[39m[38;5;3m +0ms[39m
[32m[Nest] 2610  - [39m06/03/2026, 7:41:58 PM [32m    LOG[39m [38;5;3m[RouterExplorer] [39m[32mMapped {/api/v1/amo-crm/pipelines, GET} route[39m[38;5;3m +1ms[39m
[32m[Nest] 2610  - [39m06/03/2026, 7:41:58 PM [32m    LOG[39m [38;5;3m[RoutesResolver] [39m[32mAdminController {/api/v1/admin/partners}:[39m[38;5;3m +0ms[39m
[32m[Nest] 2610  - [39m06/03/2026, 7:41:58 PM [32m    LOG[39m [38;5;3m[RouterExplorer] [39m[32mMapped {/api/v1/admin/partners, GET} route[39m[38;5;3m +1ms[39m
[32m[Nest] 2610  - [39m06/03/2026, 7:41:58 PM [32m    LOG[39m [38;5;3m[RouterExplorer] [39m[32mMapped {/api/v1/admin/partners, POST} route[39m[38;5;3m +0ms[39m
[32m[Nest] 2610  - [39m06/03/2026, 7:41:58 PM [32m    LOG[39m [38;5;3m[RouterExplorer] [39m[32mMapped {/api/v1/admin/partners/:id, PUT} route[39m[38;5;3m +0ms[39m
[32m[Nest] 2610  - [39m06/03/2026, 7:41:58 PM [32m    LOG[39m [38;5;3m[RouterExplorer] [39m[32mMapped {/api/v1/admin/partners/:id, DELETE} route[39m[38;5;3m +0ms[39m
[32m[Nest] 2610  - [39m06/03/2026, 7:41:58 PM [32m    LOG[39m [38;5;3m[RouterExplorer] [39m[32mMapped {/api/v1/admin/partners/sync, POST} route[39m[38;5;3m +0ms[39m
[32m[Nest] 2610  - [39m06/03/2026, 7:41:58 PM [32m    LOG[39m [38;5;3m[RoutesResolver] [39m[32mWebhookController {/api/v1/webhook}:[39m[38;5;3m +0ms[39m
[32m[Nest] 2610  - [39m06/03/2026, 7:41:58 PM [32m    LOG[39m [38;5;3m[RouterExplorer] [39m[32mMapped {/api/v1/webhook/amocrm, POST} route[39m[38;5;3m +1ms[39m
[32m[Nest] 2610  - [39m06/03/2026, 7:41:58 PM [32m    LOG[39m [38;5;3m[RoutesResolver] [39m[32mProfileController {/api/v1/profile}:[39m[38;5;3m +0ms[39m
[32m[Nest] 2610  - [39m06/03/2026, 7:41:58 PM [32m    LOG[39m [38;5;3m[RouterExplorer] [39m[32mMapped {/api/v1/profile, GET} route[39m[38;5;3m +0ms[39m
[32m[Nest] 2610  - [39m06/03/2026, 7:41:58 PM [32m    LOG[39m [38;5;3m[RouterExplorer] [39m[32mMapped {/api/v1/profile/notifications, PUT} route[39m[38;5;3m +0ms[39m
[32m[Nest] 2610  - [39m06/03/2026, 7:41:58 PM [32m    LOG[39m [38;5;3m[RouterExplorer] [39m[32mMapped {/api/v1/profile/password, PUT} route[39m[38;5;3m +0ms[39m
[32m[Nest] 2610  - [39m06/03/2026, 7:41:58 PM [32m    LOG[39m [38;5;3m[RoutesResolver] [39m[32mAnalyticsController {/api/v1/analytics}:[39m[38;5;3m +0ms[39m
[32m[Nest] 2610  - [39m06/03/2026, 7:41:58 PM [32m    LOG[39m [38;5;3m[RouterExplorer] [39m[32mMapped {/api/v1/analytics/dashboard, GET} route[39m[38;5;3m +0ms[39m
[32m[Nest] 2610  - [39m06/03/2026, 7:41:58 PM [32m    LOG[39m [38;5;3m[RoutesResolver] [39m[32mPayoutsController {/api/v1/payouts}:[39m[38;5;3m +0ms[39m
[32m[Nest] 2610  - [39m06/03/2026, 7:41:58 PM [32m    LOG[39m [38;5;3m[RouterExplorer] [39m[32mMapped {/api/v1/payouts, GET} route[39m[38;5;3m +1ms[39m
[32m[Nest] 2610  - [39m06/03/2026, 7:41:58 PM [32m    LOG[39m [38;5;3m[RoutesResolver] [39m[32mReferralsController {/api/v1/referrals}:[39m[38;5;3m +0ms[39m
[32m[Nest] 2610  - [39m06/03/2026, 7:41:58 PM [32m    LOG[39m [38;5;3m[RouterExplorer] [39m[32mMapped {/api/v1/referrals, GET} route[39m[38;5;3m +0ms[39m
[32m[Nest] 2610  - [39m06/03/2026, 7:41:58 PM [32m    LOG[39m [38;5;3m[PrismaService] [39m[32mDatabase connected[39m
[32m[Nest] 2610  - [39m06/03/2026, 7:41:58 PM [32m    LOG[39m [38;5;3m[NestApplication] [39m[32mNest application successfully started[39m[38;5;3m +184ms[39m
[31m[Nest] 2610  - [39m06/03/2026, 7:41:58 PM [31m  ERROR[39m [38;5;3m[NestApplication] [39m[31mError: listen EADDRINUSE: address already in use :::3001[39m[38;5;3m +6ms[39m
node:net:1912
    const ex = new UVExceptionWithHostPort(err, 'listen', address, port);
               ^

Error: listen EADDRINUSE: address already in use :::3001
    at Server.setupListenHandle [as _listen2] (node:net:1912:16)
    at listenInCluster (node:net:1969:12)
    at Server.listen (node:net:2074:7)
    at ExpressAdapter.listen (/Users/vytvytskyi/foryou_partners/backend/node_modules/@nestjs/platform-express/adapters/express-adapter.js:95:32)
    at /Users/vytvytskyi/foryou_partners/backend/node_modules/@nestjs/core/nest-application.js:183:30
    at new Promise (<anonymous>)
    at NestApplication.listen (/Users/vytvytskyi/foryou_partners/backend/node_modules/@nestjs/core/nest-application.js:173:16)
    at async bootstrap (/Users/vytvytskyi/foryou_partners/backend/src/main.ts:75:3) {
  code: 'EADDRINUSE',
  errno: -48,
  syscall: 'listen',
  address: '::',
  port: 3001
}

Node.js v22.12.0
[2J[3J[H[[90m7:42:15 PM[0m] File change detected. Starting incremental compilation...

[[90m7:42:17 PM[0m] Found 0 errors. Watching for file changes.

[32m[Nest] 2702  - [39m06/03/2026, 7:42:21 PM [32m    LOG[39m [38;5;3m[NestFactory] [39m[32mStarting Nest application...[39m
[32m[Nest] 2702  - [39m06/03/2026, 7:42:21 PM [32m    LOG[39m [38;5;3m[InstanceLoader] [39m[32mAppModule dependencies initialized[39m[38;5;3m +61ms[39m
[32m[Nest] 2702  - [39m06/03/2026, 7:42:21 PM [32m    LOG[39m [38;5;3m[InstanceLoader] [39m[32mConfigModule dependencies initialized[39m[38;5;3m +0ms[39m
[32m[Nest] 2702  - [39m06/03/2026, 7:42:21 PM [32m    LOG[39m [38;5;3m[InstanceLoader] [39m[32mDatabaseModule dependencies initialized[39m[38;5;3m +7ms[39m
[32m[Nest] 2702  - [39m06/03/2026, 7:42:21 PM [32m    LOG[39m [38;5;3m[InstanceLoader] [39m[32mPassportModule dependencies initialized[39m[38;5;3m +0ms[39m
[32m[Nest] 2702  - [39m06/03/2026, 7:42:21 PM [32m    LOG[39m [38;5;3m[InstanceLoader] [39m[32mThrottlerModule dependencies initialized[39m[38;5;3m +19ms[39m
[32m[Nest] 2702  - [39m06/03/2026, 7:42:21 PM [32m    LOG[39m [38;5;3m[InstanceLoader] [39m[32mJwtModule dependencies initialized[39m[38;5;3m +0ms[39m
[32m[Nest] 2702  - [39m06/03/2026, 7:42:21 PM [32m    LOG[39m [38;5;3m[InstanceLoader] [39m[32mConfigHostModule dependencies initialized[39m[38;5;3m +1ms[39m
[32m[Nest] 2702  - [39m06/03/2026, 7:42:21 PM [32m    LOG[39m [38;5;3m[InstanceLoader] [39m[32mAuditModule dependencies initialized[39m[38;5;3m +0ms[39m
[32m[Nest] 2702  - [39m06/03/2026, 7:42:21 PM [32m    LOG[39m [38;5;3m[InstanceLoader] [39m[32mDiscoveryModule dependencies initialized[39m[38;5;3m +2ms[39m
[32m[Nest] 2702  - [39m06/03/2026, 7:42:21 PM [32m    LOG[39m [38;5;3m[InstanceLoader] [39m[32mTerminusModule dependencies initialized[39m[38;5;3m +1ms[39m
[32m[Nest] 2702  - [39m06/03/2026, 7:42:21 PM [32m    LOG[39m [38;5;3m[InstanceLoader] [39m[32mConfigModule dependencies initialized[39m[38;5;3m +1ms[39m
[32m[Nest] 2702  - [39m06/03/2026, 7:42:21 PM [32m    LOG[39m [38;5;3m[InstanceLoader] [39m[32mScheduleModule dependencies initialized[39m[38;5;3m +2ms[39m
[32m[Nest] 2702  - [39m06/03/2026, 7:42:21 PM [32m    LOG[39m [38;5;3m[InstanceLoader] [39m[32mRedisModule dependencies initialized[39m[38;5;3m +2ms[39m
[32m[Nest] 2702  - [39m06/03/2026, 7:42:21 PM [32m    LOG[39m [38;5;3m[InstanceLoader] [39m[32mEmailModule dependencies initialized[39m[38;5;3m +0ms[39m
[32m[Nest] 2702  - [39m06/03/2026, 7:42:21 PM [32m    LOG[39m [38;5;3m[InstanceLoader] [39m[32mProfileModule dependencies initialized[39m[38;5;3m +0ms[39m
[32m[Nest] 2702  - [39m06/03/2026, 7:42:21 PM [32m    LOG[39m [38;5;3m[InstanceLoader] [39m[32mAnalyticsModule dependencies initialized[39m[38;5;3m +0ms[39m
[32m[Nest] 2702  - [39m06/03/2026, 7:42:21 PM [32m    LOG[39m [38;5;3m[InstanceLoader] [39m[32mPayoutsModule dependencies initialized[39m[38;5;3m +0ms[39m
[32m[Nest] 2702  - [39m06/03/2026, 7:42:21 PM [32m   [32m[Nest] 2684  - [39m06/03/2026, 7:42:21 PM [32m    LOG[39m [38;5;3m[InstanceLoader] [39m[32mRedisModule dependencies initialized[39m[38;5;3m +5ms[39m
[32m[Nest] 2684  - [39m06/03/2026, 7:42:21 PM [32m    LOG[39m [38;5;3m[InstanceLoader] [39m[32mEmailMod[32m[Nest] 2702  - [39m06/03/2026, 7:42:21 PM [32m[32m[Nest] 2684  - [39m06/03/2026, 7:42:21 PM [32m    LOG[39m [38;5;3m[InstanceLoader] [39m[32mProfileModule dependencies initialized[39m[38;5;3m +6ms[39m
[32m[Nest] 2684  - [39m06/03/2026, 7:42:21 PM [32m    LOG[39m [38;5;3m[InstanceLoader] [39m[32mAnalyticsModule dependencies initialized[39m[38;5;3m +0ms[39m
[32m[Nest] 2684  - [39m06/03/2026, 7:42:21 PM [32m    LOG[39m [38;5;3m[InstanceLoader] [39m[32mPayoutsModule dependencies initialized[39m[38;5;3m +0ms[39m
[32m[Nest] 2684  - [39m06/03/2026, 7:42:21 PM [32m    LOG[39m [38;5;3m[InstanceLoader] [39m[32mReferralsModule dependencies initialized[39m[38;5;3m +0ms[39m
[32m[Nest] 2684  - [39m06/03/2026, 7:42:21 PM [32m    LOG[39m [38;5;3m[InstanceLoader] [39m[32mAuthModule dependencies initialized[39m[38;5;3m +7ms[39m
[32m[Nest] 2684  - [39m06/03/2026, 7:42:21 PM [32m    LOG[39m [38;5;3m[InstanceLoader] [39m[32mHealthModule dependencies initialized[39m[38;5;3m +0ms[39m
[32m[Nest] 2684  - [39m06/03/2026, 7:42:21 PM [32m    LOG[39m [38;5;3m[InstanceLoader] [39m[32mWebhookModule dependencies initialized[39m[38;5;3m +0ms[39m
[32m[Nest] 2684  - [39m06/03/2026, 7:42:21 PM [32m    LOG[39m [38;5;3m[InstanceLoader] [39m[32mAmoModule dependencies initialized[39m[38;5;3m +0ms[39m
[32m[Nest] 2684  - [39m06/03/2026, 7:42:21 PM [32m    LOG[39m [38;5;3m[InstanceLoader] [39m[32mAdminModule dependencies initialized[39m[38;5;3m +0ms[39m
[32m[Nest] 2684  - [39m06/03/2026, 7:42:21 PM [32m    LOG[39m [38;5;3m[InstanceLoader] [39m[32mLeadsModule dependencies initialized[39m[38;5;3m +0ms[39m
[32m[Nest] 2684  - [39m06/03/2026, 7:42:21 PM [32m    LOG[39m [38;5;3m[RoutesResolver] [39m[32mHealthController {/api/v1/health}:[39m[38;5;3m +4ms[39m
[32m[Nest] 2684  - [39m06/03/2026, 7:42:21 PM [32m    LOG[39m [38;5;3m[RouterExplorer] [39m[32mMapped {/api/v1/health, GET} route[39m[38;5;3m +1ms[39m
[32m[Nest] 2684  - [39m06/03/2026, 7:42:21 PM [32m    LOG[39m [38;5;3m[RoutesResolver] [39m[32mAuthController {/api/v1/auth}:[39m[38;5;3m +0ms[39m
[32m[Nest] 2684  - [39m06/03/2026, 7:42:21 PM [32m    LOG[39m [38;5;3m[RouterExplorer] [39m[32mMapped {/api/v1/auth/login, POST} route[39m[38;5;3m +0ms[39m
[32m[Nest] 2684  - [39m06/03/2026, 7:42:21 PM [32m    LOG[39m [38;5;3m[RouterExplorer] [39m[32mMapped {/api/v1/auth/register, POST} route[39m[38;5;3m +1ms[39m
[32m[Nest] 2684  - [39m06/03/2026, 7:42:21 PM [32m    LOG[39m [38;5;3m[RouterExplorer] [39m[32mMapped {/api/v1/auth/refresh, POST} route[39m[38;5;3m +0ms[39m
[32m[Nest] 2684  - [39m06/03/2026, 7:42:21 PM [32m    LOG[39m [38;5;3m[RouterExplorer] [39m[32mMapped {/api/v1/auth/logout, POST} route[39m[38;5;3m +0ms[39m
[32m[Nest] 2684  - [39m06/03/2026, 7:42:21 PM [32m    LOG[39m [38;5;3m[RouterExplorer] [39m[32mMapped {/api/v1/auth/password/forgot, POST} route[39m[38;5;3m +0ms[39m
[32m[Nest] 2684  - [39m06/03/2026, 7:42:21 PM [32m    LOG[39m [38;5;3m[RouterExplorer] [39m[32mMapped {/api/v1/auth/password/reset, POST} route[39m[38;5;3m +0ms[39m
[32m[Nest] 2684  - [39m06/03/2026, 7:42:21 PM [32m    LOG[39m [38;5;3m[RoutesResolver] [39m[32mLeadsController {/api/v1/leads}:[39m[38;5;3m +0ms[39m
[32m[Nest] 2684  - [39m06/03/2026, 7:42:21 PM [32m    LOG[39m [38;5;3m[RouterExplorer] [39m[32mMapped {/api/v1/leads, GET} route[39m[38;5;3m +0ms[39m
[32m[Nest] 2684  - [39m06/03/2026, 7:42:21 PM [32m    LOG[39m [38;5;3m[RouterExplorer] [39m[32mMapped {/api/v1/leads, POST} route[39m[38;5;3m +1ms[39m
[32m[Nest] 2684  - [39m06/03/2026, 7:42:21 PM [32m    LOG[39m [38;5;3m[RouterExplorer] [39m[32mMapped {/api/v1/leads/board, GET} route[39m[38;5;3m +0ms[39m
[32m[Nest] 2684  - [39m06/03/2026, 7:42:21 PM [32m    LOG[39m [38;5;3m[RouterExplorer] [39m[32mMapped {/api/v1/leads/:id, GET} route[39m[38;5;3m +0ms[39m
[32m[Nest] 2684  - [39m06/03/2026, 7:42:21 PM [32m    LOG[39m [38;5;3m[RouterExplorer] [39m[32mMapped {/api/v1/leads/:id/history, GET} route[39m[38;5;3m +0ms[39m
[32m[Nest] 2684  - [39m06/03/2026, 7:42:21 PM [32m    LOG[39m [38;5;3m[RouterExplorer] [39m[32mMapped {/api/v1/leads/:id/notes, GET} route[39m[38;5;3m +1ms[39m
[32m[Nest] 2684  - [39m06/03/2026, 7:42:21 PM [32m    LOG[39m [38;5;3m[RouterExplorer] [39m[32mMapped {/api/v1/leads/:id/notes, POST} route[39m[38;5;3m +0ms[39m
[32m[Nest] 2684  - [39m06/03/2026, 7:42:21 PM [32m    LOG[39m [38;5;3m[RoutesResolver] [39m[32mAmoController {/api/v1/amo-crm}:[39m[38;5;3m +0ms[39m
[32m[Nest] 2684  - [39m06/03/2026, 7:42:21 PM [32m    LOG[39m [38;5;3m[RouterExplorer] [39m[32mMapped {/api/v1/amo-crm/connect, GET} route[39m[38;5;3m +0ms[39m
[32m[Nest] 2684  - [39m06/03/2026, 7:42:21 PM [32m    LOG[39m [38;5;3m[RouterExplorer] [39m[32mMapped {/api/v1/amo-crm/callback, GET} route[39m[38;5;3m +0ms[39m
[32m[Nest] 2684  - [39m06/03/2026, 7:42:21 PM [32m    LOG[39m [38;5;3m[RouterExplorer] [39m[32mMapped {/api/v1/amo-crm/backfill, POST} route[39m[38;5;3m +0ms[39m
[32m[Nest] 2684  - [39m06/03/2026, 7:42:21 PM [32m    LOG[39m [38;5;3m[RouterExplorer] [39m[32mMapped {/api/v1/amo-crm/backfill-history, POST} route[39m[38;5;3m +0ms[39m
[32m[Nest] 2684  - [39m06/03/2026, 7:42:21 PM [32m    LOG[39m [38;5;3m[RouterExplorer] [39m[32mMapped {/api/v1/amo-crm/sources, GET} route[39m[38;5;3m +0ms[39m
[32m[Nest] 2684  - [39m06/03/2026, 7:42:21 PM [32m    LOG[39m [38;5;3m[RouterExplorer] [39m[32mMapped {/api/v1/amo-crm/tags, GET} route[39m[38;5;3m +0ms[39m
[32m[Nest] 2684  - [39m06/03/2026, 7:42:21 PM [32m    LOG[39m [38;5;3m[RouterExplorer] [39m[32mMapped {/api/v1/amo-crm/pipelines, GET} route[39m[38;5;3m +1ms[39m
[32m[Nest] 2684  - [39m06/03/2026, 7:42:21 PM [32m    LOG[39m [38;5;3m[RoutesResolver] [39m[32mAdminController {/api/v1/admin/partners}:[39m[38;5;3m +0ms[39m
[32m[Nest] 2684  - [39m06/03/2026, 7:42:21 PM [32m    LOG[39m [38;5;3m[RouterExplorer] [39m[32mMapped {/api/v1/admin/partners, GET} route[39m[38;5;3m +0ms[39m
[32m[Nest] 2684  - [39m06/03/2026, 7:42:21 PM [32m    LOG[39m [38;5;3m[RouterExplorer] [39m[32mMapped {/api/v1/admin/partners, POST} route[39m[38;5;3m +0ms[39m
[32m[Nest] 2684  - [39m06/03/2026, 7:42:21 PM [32m    LOG[39m [38;5;3m[RouterExplorer] [39m[32mMapped {/api/v1/admin/partners/:id, PUT} route[39m[38;5;3m +0ms[39m
[32m[Nest] 2684  - [39m06/03/2026, 7:42:21 PM [32m    LOG[39m [38;5;3m[RouterExplorer] [39m[32mMapped {/api/v1/admin/partners/:id, DELETE} route[39m[38;5;3m +0ms[39m
[32m[Nest] 2684  - [39m06/03/2026, 7:42:21 PM [32m    LOG[39m [38;5;3m[RouterExplorer] [39m[32mMapped {/api/v1/admin/partners/sync, POST} route[39m[38;5;3m +1ms[39m
[32m[Nest] 2684  - [39m06/03/2026, 7:42:21 PM [32m    LOG[39m [38;5;3m[RoutesResolver] [39m[32mWebhookController {/api/v1/webhook}:[39m[38;5;3m +0ms[39m
[32m[Nest] 2684  - [39m06/03/2026, 7:42:21 PM [32m    LOG[39m [38;5;3m[RouterExplorer] [39m[32mMapped {/api/v1/webhook/amocrm, POST} route[39m[38;5;3m +0ms[39m
[32m[Nest] 2684  - [39m06/03/2026, 7:42:21 PM [32m    LOG[39m [38;5;3m[RoutesResolver] [39m[32mProfileController {/api/v1/profile}:[39m[38;5;3m +0ms[39m
[32m[Nest] 2684  - [39m06/03/2026, 7:42:21 PM [32m    LOG[39m [38;5;3m[RouterExplorer] [39m[32mMapped {/api/v1/profile, GET} route[39m[38;5;3m +1ms[39m
[32m[Nest] 2684  - [39m06/03/2026, 7:42:21 PM [32m    LOG[39m [38;5;3m[RouterExplorer] [39m[32mMapped {/api/v1/profile/notifications, PUT} route[39m[38;5;3m +0ms[39m
[32m[Nest] 2684  - [39m06/03/2026, 7:42:21 PM [32m    LOG[39m [38;5;3m[RouterExplorer] [39m[32mMapped {/api/v1/profile/password, PUT} route[39m[38;5;3m +0ms[39m
[32m[Nest] 2684  - [39m06/03/2026, 7:42:21 PM [32m    LOG[39m [38;5;3m[RoutesResolver] [39m[32mAnalyticsControl[32m[Nest] 2702  - [39m06/03/2026, 7:42:21 PM [32m    LOG[39m [38;5;3m[PrismaService] [39m[32mDatabase connected[39m
[32m[Nest] 2702  - [39m06/03/2026, 7:42:21 PM [32m    LOG[39m [38;5;3m[NestApplication] [39m[32mNest application successfully started[39m[38;5;3m +40ms[39m
[31m[Nest] 2702  - [39m06/03/2026, 7:42:21 PM [31m  ERROR[39m [38;5;3m[NestApplication] [39m[31mError: listen EADDRINUSE: address already in use :::3001[39m[38;5;3m +2ms[39m
node:net:1912
    const ex = new UVExceptionWithHostPort(err, 'listen', address, port);
               ^

Error: listen EADDRINUSE: address already in use :::3001
    at Server.setupListenHandle [as _listen2] (node:net:1912:16)
    at listenInCluster (node:net:1969:12)
    at Server.listen (node:net:2074:7)
    at ExpressAdapter.listen (/Users/vytvytskyi/foryou_partners/backend/node_modules/@nestjs/platform-express/adapters/express-adapter.js:95:32)
    at /Users/vytvytskyi/foryou_partners/backend/node_modules/@nestjs/core/[32m[Nest] 2684  - [39m06/03/2026, 7:42:21 PM [32m    LOG[39m [38;5;3m[NestApplication] [39m[32mNest application successfully started[39m[38;5;3m +38ms[39m
[31m[Nest] 2684  - [39m06/03/2026, 7:42:21 PM [31m  ERROR[39m [38;5;3m[NestApplication] [39m[31mError: listen EADDRINUSE: address already in use :::3001[39m[38;5;3m +2ms[39m
node:net:1912
    const ex = n[2J[3J[H[[90m7:42:32 PM[0m] File change detected. Starting incremental compilation...

[[90m7:42:33 PM[0m] Found 0 errors. Watching for file changes.

[32m[Nest] 2736  - [39m06/03/2026, 7:42:39 PM [32m    LOG[39m [38;5;3m[NestFactory] [39m[32mStarting Nest application...[39m
[32m[Nest] 2736  - [39m06/03/2026, 7:42:40 PM [32m    LOG[39m [38;5;3m[InstanceLoader] [39m[32mAppModule dependencies initialized[39m[38;5;3m +344ms[39m
[32m[Nest] 2736  - [39m06/03/2026, 7:42:40 PM [32m    LOG[39m [38;5;3m[InstanceLoader] [39m[32mConfigModule dependencies initialized[39m[38;5;3m +1ms[39m
[32m[Nest] 2736  - [39m06/03/2026, 7:42:40 PM [32m    LOG[39m [38;5;3m[InstanceLoader] [39m[32mDatabaseModule dependencies initialized[39m[38;5;3m +4ms[39m
[32m[Nest] 2736  - [39m06/03/2026, 7:42:40 PM [32m    LOG[39m [38;5;3m[InstanceLoader] [39m[32mPassportModule dependencies initialized[39m[38;5;3m +0ms[39m
[32m[Nest] 2736  - [39m06/03/2026, 7:42:40 PM [32m    LOG[39m [38;5;3m[InstanceLoader] [39m[32mThrottlerModule dependencies initialized[39m[38;5;3m +10ms[39m
[32m[Nest] 2736  - [39m06/03/2026, 7:42:40 PM [32m    LOG[39m [38;5;3m[InstanceLoader] [39m[32mJwtModule dependencies initialized[39m[38;5;3m +0ms[39m
[32m[Nest] 2736  - [39m06/03/2026, 7:42:40 PM [32m    LOG[39m [38;5;3m[InstanceLoader] [39m[32mConfigHostModule dependencies initialized[39m[38;5;3m +1ms[39m
[32m[Nest] 2736  - [39m06/03/2026, 7:42:40 PM [32m    LOG[39m [38;5;3m[InstanceLoader] [39m[32mAuditModule dependencies initialized[39m[38;5;3m +0ms[39m
[32m[Nest] 2736  - [39m06/03/2026, 7:42:40 PM [32m    LOG[39m [38;5;3m[InstanceLoader] [39m[32mDiscoveryModule dependencies initialized[39m[38;5;3m +1ms[39m
[32m[Nest] 2736  - [39m06/03/2026, 7:42:40 PM [32m    LOG[39m [38;5;3m[InstanceLoader] [39m[32mTerminusModule dependencies initialized[39m[38;5;3m +1ms[39m
[32m[Nest] 2736  - [39m06/03/2026, 7:42:40 PM [32m    LOG[39m [38;5;3m[InstanceLoader] [39m[32mConfigModule dependencies initialized[39m[38;5;3m +0ms[39m
[32m[Nest] 2736  - [39m06/03/2026, 7:42:40 PM [32m    LOG[39m [38;5;3m[InstanceLoader] [39m[32mScheduleModule dependencies initialized[39m[38;5;3m +5ms[39m
[32m[Nest] 2736  - [39m06/03/2026, 7:42:40 PM [32m    LOG[39m [38;5;3m[InstanceLoader] [39m[32mRedisModule dependencies initialized[39m[38;5;3m +3ms[39m
[32m[Nest] 2736  - [39m06/03/2026, 7:42:40 PM [32m    LOG[39m [38;5;3m[InstanceLoader] [39m[32mEmailModule dependencies initialized[39m[38;5;3m +0ms[39m
[32m[Nest] 2736  - [39m06/03/2026, 7:42:40 PM [32m    LOG[39m [38;5;3m[InstanceLoader] [39m[32mProfileModule dependencies initialized[39m[38;5;3m +1ms[39m
[32m[Nest] 2736  - [39m06/03/2026, 7:42:40 PM [32m    LOG[39m [38;5;3m[InstanceLoader] [39m[32mAnalyticsModule dependencies initialized[39m[38;5;3m +0ms[39m
[32m[Nest] 2736  - [39m06/03/2026, 7:42:40 PM [32m    LOG[39m [38;5;3m[InstanceLoader] [39m[32mPayoutsModule dependencies initialized[39m[38;5;3m +0ms[39m
[32m[Nest] 2736  - [39m06/03/2026, 7:42:40 PM [32m    LOG[39m [38;5;3m[InstanceLoader] [39m[32mReferralsModule dependencies initialized[39m[38;5;3m +0ms[39m
[32m[Nest] 2736  - [39m06/03/2026, 7:42:40 PM [32m    LOG[39m [38;5;3m[InstanceLoader] [39m[32mAuthModule dependencies initialized[39m[38;5;3m +0ms[39m
[32m[Nest] 2736  - [39m06/03/2026, 7:42:40 PM [32m    LOG[39m [38;5;3m[InstanceLoader] [39m[32mHealthModule dependencies initialized[39m[38;5;3m +1ms[39m
[32m[Nest] 2736  - [39m06/03/2026, 7:42:40 PM [32m    LOG[39m [38;5;3m[InstanceLoader] [39m[32mWebhookModule dependencies initialized[39m[38;5;3m +0ms[39m
[32m[Nest] 2736  - [39m06/03/2026, 7:42:40 PM [32m    LOG[39m [38;5;3m[InstanceLoader] [39m[32mAmoModule dependencies initialized[39m[38;5;3m +0ms[39m
[32m[Nest] 2736  - [39m06/03/2026, 7:42:40 PM [32m    LOG[39m [38;5;3m[InstanceLoader] [39m[32mAdminModule dependencies initialized[39m[38;5;3m +0ms[39m
[32m[Nest] 2736  - [39m06/03/2026, 7:42:40 PM [32m    LOG[39m [38;5;3m[InstanceLoader] [39m[32mLeadsModule dependencies initialized[39m[38;5;3m +1ms[39m
[32m[Nest] 2736  - [39m06/03/2026, 7:42:40 PM [32m    LOG[39m [38;5;3m[RoutesResolver] [39m[32mHealthController {/api/v1/health}:[39m[38;5;3m +17ms[39m
[32m[Nest] 2736  - [39m06/03/2026, 7:42:40 PM [32m    LOG[39m [38;5;3m[RouterExplorer] [39m[32mMapped {/api/v1/health, GET} route[39m[38;5;3m +5ms[39m
[32m[Nest] 2736  - [39m06/03/2026, 7:42:40 PM [32m    LOG[39m [38;5;3m[RoutesResolver] [39m[32mAuthController {/api/v1/auth}:[39m[38;5;3m +0ms[39m
[32m[Nest] 2736  - [39m06/03/2026, 7:42:40 PM [32m    LOG[39m [38;5;3m[RouterExplorer] [39m[32mMapped {/api/v1/auth/login, POST} route[39m[38;5;3m +1ms[39m
[32m[Nest] 2736  - [39m06/03/2026, 7:42:40 PM [32m    LOG[39m [38;5;3m[RouterExplorer] [39m[32mMapped {/api/v1/auth/register, POST} route[39m[38;5;3m +0ms[39m
[32m[Nest] 2736  - [39m06/03/2026, 7:42:40 PM [32m    LOG[39m [38;5;3m[RouterExplorer] [39m[32mMapped {/api/v1/auth/refresh, POST} route[39m[38;5;3m +1ms[39m
[32m[Nest] 2736  - [39m06/03/2026, 7:42:40 PM [32m    LOG[39m [38;5;3m[RouterExplorer] [39m[32mMapped {/api/v1/auth/logout, POST} route[39m[38;5;3m +0ms[39m
[32m[Nest] 2736  - [39m06/03/2026, 7:42:40 PM [32m    LOG[39m [38;5;3m[RouterExplorer] [39m[32mMapped {/api/v1/auth/password/forgot, POST} route[39m[38;5;3m +0ms[39m
[32m[Nest] 2736  - [39m06/03/2026, 7:42:40 PM [32m    LOG[39m [38;5;3m[RouterExplorer] [39m[32mMapped {/api/v1/auth/password/reset, POST} route[39m[38;5;3m +0ms[39m
[32m[Nest] 2736  - [39m06/03/2026, 7:42:40 PM [32m    LOG[39m [38;5;3m[RoutesResolver] [39m[32mLeadsController {/api/v1/leads}:[39m[38;5;3m +0ms[39m
[32m[Nest] 2736  - [39m06/03/2026, 7:42:40 PM [32m    LOG[39m [38;5;3m[RouterExplorer] [39m[32mMapped {/api/v1/leads, GET} route[39m[38;5;3m +1ms[39m
[32m[Nest] 2736  - [39m06/03/2026, 7:42:40 PM [32m    LOG[39m [38;5;3m[RouterExplorer] [39m[32mMapped {/api/v1/leads, POST} route[39m[38;5;3m +0ms[39m
[32m[Nest] 2736  - [39m06/03/2026, 7:42:40 PM [32m    LOG[39m [38;5;3m[RouterExplorer] [39m[32mMapped {/api/v1/leads/board, GET} route[39m[38;5;3m +1ms[39m
[32m[Nest] 2736  - [39m06/03/2026, 7:42:40 PM [32m    LOG[39m [38;5;3m[RouterExplorer] [39m[32mMapped {/api/v1/leads/:id, GET} route[39m[38;5;3m +0ms[39m
[32m[Nest] 2736  - [39m06/03/2026, 7:42:40 PM [32m    LOG[39m [38;5;3m[RouterExplorer] [39m[32mMapped {/api/v1/leads/:id/history, GET} route[39m[38;5;3m +0ms[39m
[32m[Nest] 2736  - [39m06/03/2026, 7:42:40 PM [32m    LOG[39m [38;5;3m[RouterExplorer] [39m[32mMapped {/api/v1/leads/:id/notes, GET} route[39m[38;5;3m +0ms[39m
[32m[Nest] 2736  - [39m06/03/2026, 7:42:40 PM [32m    LOG[39m [38;5;3m[RouterExplorer] [39m[32mMapped {/api/v1/leads/:id/notes, POST} route[39m[38;5;3m +1ms[39m
[32m[Nest] 2736  - [39m06/03/2026, 7:42:40 PM [32m    LOG[39m [38;5;3m[RoutesResolver] [39m[32mAmoController {/api/v1/amo-crm}:[39m[38;5;3m +0ms[39m
[32m[Nest] 2736  - [39m06/03/2026, 7:42:40 PM [32m    LOG[39m [38;5;3m[RouterExplorer] [39m[32mMapped {/api/v1/amo-crm/connect, GET} route[39m[38;5;3m +0ms[39m
[32m[Nest] 2736  - [39m06/03/2026, 7:42:40 PM [32m    LOG[39m [38;5;3m[RouterExplorer] [39m[32mMapped {/api/v1/amo-crm/callback, GET} route[39m[38;5;3m +0ms[39m
[32m[Nest] 2736  - [39m06/03/2026, 7:42:40 PM [32m    LOG[39m [38;5;3m[RouterExplorer] [39m[32mMapped {/api/v1/amo-crm/backfill, POST} route[39m[38;5;3m +1ms[39m
[32m[Nest] 2736  - [39m06/03/2026, 7:42:40 PM [32m    LOG[39m [38;5;3m[RouterExplorer] [39m[32mMapped {/api/v1/amo-crm/backfill-history, POST} route[39m[38;5;3m +0ms[39m
[32m[Nest] 2736  - [39m06/03/2026, 7:42:40 PM [32m    LOG[39m [38;5;3m[RouterExplorer] [39m[32mMapped {/api/v1/amo-crm/sources, GET} route[39m[38;5;3m +0ms[39m
[32m[Nest] 2736  - [39m06/03/2026, 7:42:40 PM [32m    LOG[39m [38;5;3m[RouterExplorer] [39m[32mMapped {/api/v1/amo-crm/tags, GET} route[39m[38;5;3m +0ms[39m
[32m[Nest] 2736  - [39m06/03/2026, 7:42:40 PM [32m    LOG[39m [38;5;3m[RouterExplorer] [39m[32mMapped {/api/v1/amo-crm/pipelines, GET} route[39m[38;5;3m +0ms[39m
[32m[Nest] 2736  - [39m06/03/2026, 7:42:40 PM [32m    LOG[39m [38;5;3m[RoutesResolver] [39m[32mAdminController {/api/v1/admin/partners}:[39m[38;5;3m +1ms[39m
[32m[Nest] 2736  - [39m06/03/2026, 7:42:40 PM [32m    LOG[39m [38;5;3m[RouterExplorer] [39m[32mMapped {/api/v1/admin/partners, GET} route[39m[38;5;3m +0ms[39m
[32m[Nest] 2736  - [39m06/03/202[32m[Nest] 2740  - [39m06/03/2026, 7:42:40 PM [32m    LOG[39m [38;5;3m[RouterExplorer] [39m[32mMapped {/api/v1/amo-crm/sources, G[32m[Nest] 2736  - [39m06/03/2026, 7:42:40 PM [32m    LOG[39m [38;5;3m[RouterExplorer] [39m[32mMapped {/api/v1/admin/partners/:id, PUT} route[39m[38;5;3m +0ms[39m
[32m[Nest] 2736  - [39m06/03/2026, 7:42:40 PM [32m    LOG[39m [38;5;3m[RouterExplorer] [39m[32mMapped {/api/v1/admin/partners/:id, DELETE} route[39m[38;5;3m +1ms[39m
[32m[Nest] 2736  - [39m06/03/2026, 7:42:40 PM [32m    LOG[39m [38;5;3m[RouterExplorer] [39m[32mMapped {/api/v1/admin/partners/sync, POST} route[39m[38;5;3m +0ms[39m
[32m[Nest] 2736  - [39m06/03/2026, 7:42:40 PM [32m    LOG[39m [38;5;3m[RoutesResolver] [39m[32mWebhookController {/api/v1/webhook}:[39m[38;5;3m +0ms[39m
[32m[Nest] 2736  - [39m06/03/2026, 7:42:40 PM [32m    LOG[39m [38;5;3m[RouterExplorer] [39m[32mMapped {/api/v1/webhook/amocrm, POST} route[39m[38;5;3m +1ms[39m
[32m[Nest] 2736  - [39m06/03/2026, 7:42:40 PM [32m    LOG[39m [38;5;3m[RoutesResolver] [39m[32mProfileController {/api/v1/profile}:[39m[38;5;3m +0ms[39m
[32m[Nest] 2736  - [39m06/03/2026, 7:42:40 PM [32m    LOG[39m [38;5;3m[RouterExplorer] [39m[32mMapped {/api/v1/profile, GET} route[39m[38;5;3m +0ms[39m
[32m[Nest] 2736  - [39m06/03/2026, 7:42:40 PM [32m    LOG[39m [38;5;3m[RouterExplorer] [39m[32mMapped {/api/v1/profile/notifications, PUT} route[39m[38;5;3m +0ms[39m
[32m[Nest] 2736  - [39m06/03/2026, 7:42:40 PM [32m    LOG[39m [38;5;3m[RouterExplorer] [39m[32mMapped {/api/v1/profile/password, PUT} route[39m[38;5;3m +0ms[39m
[32m[Nest] 2736  - [39m06/03/2026, 7:42:40 PM [32m    LOG[39m [38;5;3m[RoutesResolver] [39m[32mAnalyticsController {/api/v1/analytics}:[39m[38;5;3m +0ms[39m
[32m[Nest] 2736  - [39m06/03/2026, 7:42:40 PM [32m    LOG[39m [38;5;3m[RouterExplorer] [39m[32mMapped {/api/v1/analytics/dashboard, GET} route[39m[38;5;3m +0ms[39m
[32m[Nest] 2736  - [39m06/03[32m[Nest] 2740  - [39m06/03/2026, 7:42:40 PM [32m    LOG[39m [38;5;3m[RouterExplorer] [39m[32mMapped {/api/v1/profile, GET} r[32m[Nest] 2736  - [39m06/03/2026, 7:42:40 PM [32m    LOG[39m [38;5;3m[RouterExplorer] [39m[32mMapped {/api/v1/payouts, GET} route[39m[38;5;3m +1ms[39m
[32m[Nest] 2736  - [39m06/03/2026, 7:42:40 PM [32m    LOG[39m [38;5;3m[RouterExplorer] [39m[32mMapped {/api/v1/payouts/request, POST} route[39m[38;5;3m +0ms[39m
[32m[Nest] 2736  - [39m06/03/2026, 7:42:40 PM [32m    LOG[39m [38;5;3m[RoutesResolver] [39m[32mReferralsController {/api/v1/referrals}:[39m[38;5;3m +1ms[39m
[32m[Nest] 2736  - [39m06/03/2026, 7:42:40 PM [32m    LOG[39m [38;5;3m[RouterExplorer] [39m[32mMapped {/api/v1/referrals, GET} route[39m[38;5;3m +0ms[39m
[32m[Nest] 2736  - [39m06/03/2026, 7:42:40 PM [32m    LOG[39m [38;5;3m[PrismaService] [39m[32mDatabase connected[39m
[32m[Nest] 2736  - [39m06/03/2026, 7:42:40 PM [32m    LOG[39m [38;5;3m[NestApplication] [39m[32mNest application successfully started[39m[38;5;3m +113ms[39m
[31m[Nest] 2736  - [39m06/03/2026, 7:42:40 PM [31m  ERROR[39m [38;5;3m[NestApplication] [39m[31mError: listen EADDRINUSE: address already in use :::3001[39m[38;5;3m +6ms[39m
node:net:1912
    const ex = new UVExceptionWithHostPort(err, 'listen', address, port);
               ^

Error: listen EADDRINUSE: address already in use :::3001
    at Server.setupListenHandle [as _listen2] (node:net:1912:16)
    at listenInCluster (node:net:1969:12)
    at Server.listen (node:net:2074:7)
    at ExpressAdapter.listen (/Users/vytvytskyi/foryou_partners/backend/node_modules/@nestjs/platform-express/adapters/express-adapter.js:95:32)
    at /Users/vytvytskyi/foryou_partners/backend/node_modules/@nestjs/core/nest-application.js:183:30
    at new Promise (<anonymous>)
    at NestApplication.listen (/Users/vytvytskyi/foryou_partners/backend/node_modules/@nestjs/core/nest-ap[31m[Nest] 2740  - [39m06/03/2026, 7:42:40 PM [31m  ERROR[39m [38;5;3m[NestApplication] [39m[31mError: listen EADDRINUSE: address already in use :::3001[39m[38;5;3m +46ms[39m
node:net:1912
    const ex = [2J[3J[H[[90m8:12:40 PM[0m] File change detected. Starting incremental compilation...

[[90m8:12:45 PM[0m] Found 0 errors. Watching for file changes.

[32m[Nest] 4187  - [39m06/03/2026, 8:12:51 PM [32m    LOG[39m [38;5;3m[NestFactory] [39m[32mStarting Nest application...[39m
[32m[Nest] 4187  - [39m06/03/2026, 8:12:52 PM [32m    LOG[39m [38;5;3m[InstanceLoader] [39m[32mAppModule dependencies initialized[39m[38;5;3m +58ms[39m
[32m[Nest] 4187  - [39m06/03/2026, 8:12:52 PM [32m    LOG[39m [38;5;3m[InstanceLoader] [39m[32mConfigModule dependencies initialized[39m[38;5;3m +0ms[39m
[32m[Nest] 4187  - [39m06/03/2026, 8:12:52 PM [32m    LOG[39m [38;5;3m[InstanceLoader] [39m[32mDatabaseModule dependencies initialized[39m[38;5;3m +80ms[39m
[32m[Nest] 4187  - [39m06/03/2026, 8:12:52 PM [32m    LOG[39m [38;5;3m[InstanceLoader] [39m[32mPassportModule dependencies initialized[39m[38;5;3m +0ms[39m
[32m[Nest] 4187  - [39m06/03/2026, 8:12:52 PM [32m    LOG[39m [38;5;3m[InstanceLoader] [39m[32mThrottlerModule dependencies initialized[39m[38;5;3m +67ms[39m
[32m[Nest] 4187  - [39m06/03/2026, 8:12:52 PM [32m    LOG[39m [38;5;3m[InstanceLoader] [39m[32mJwtModule dependencies initialized[39m[38;5;3m +0ms[39m
[32m[Nest] 4187  - [39m06/03/2026, 8:12:52 PM [32m    LOG[39m [38;5;3m[InstanceLoader] [39m[32mConfigHostModule dependencies initialized[39m[38;5;3m +0ms[39m
[32m[Nest] 4187  - [39m06/03/2026, 8:12:52 PM [32m    LOG[39m [38;5;3m[InstanceLoader] [39m[32mAuditModule dependencies initialized[39m[38;5;3m +0ms[39m
[32m[Nest] 4187  - [39m06/03/2026, 8:12:52 PM [32m    LOG[39m [38;5;3m[InstanceLoader] [39m[32mDiscoveryModule dependencies initialized[39m[38;5;3m +0ms[39m
[32m[Nest] 4187  - [39m06/03/2026, 8:12:52 PM [32m    LOG[39m [38;5;3m[InstanceLoader] [39m[32mTerminusModule dependencies initialized[39m[38;5;3m +2ms[39m
[32m[Nest] 4187  - [39m06/03/2026, 8:12:52 PM [32m    LOG[39m [38;5;3m[InstanceLoader] [39m[32mConfigModule dependencies initialized[39m[38;5;3m +0ms[39m
[32m[Nest] 4187  - [39m06/03/2026, 8:12:52 PM [32m    LOG[39m [38;5;3m[InstanceLoader] [39m[32mScheduleModule dependencies initialized[39m[38;5;3m +2ms[39m
[32m[Nest] 4187  - [39m06/03/2026, 8:12:52 PM [32m    LOG[39m [38;5;3m[InstanceLoader] [39m[32mRedisModule dependencies initialized[39m[38;5;3m +0ms[39m
[32m[Nest] 4187  - [39m06/03/2026, 8:12:52 PM [32m    LOG[39m [38;5;3m[InstanceLoader] [39m[32mEmailModule dependencies initialized[39m[38;5;3m +0ms[39m
[32m[Nest] 4187  - [39m06/03/2026, 8:12:52 PM [32m    LOG[39m [38;5;3m[InstanceLoader] [39m[32mProfileModule dependencies initialized[39m[38;5;3m +1ms[39m
[32m[Nest] 4187  - [39m06/03/2026, 8:12:52 PM [32m    LOG[39m [38;5;3m[InstanceLoader] [39m[32mAnalyticsModule dependencies initialized[39m[38;5;3m +0ms[39m
[32m[Nest] 4187  - [39m06/03/2026, 8:12:52 PM [32m    LOG[39m [38;5;3m[InstanceLoader] [39m[32mPayoutsModule dependencies initialized[39m[38;5;3m +0ms[39m
[32m[Nest] 4187  - [39m06/03/2026, 8:12:52 PM [32m    LOG[39m [38;5;3m[InstanceLoader] [39m[32mReferralsModule dependencies initialized[39m[38;5;3m +0ms[39m
[32m[Nest] 4187  - [39m06/03/2026, 8:12:52 PM [32m    LOG[39m [38;5;3m[InstanceLoader] [39m[32mAuthModule dependencies initialized[39m[38;5;3m +1ms[39m
[32m[Nest] 4187  - [39m06/03/2026, 8:12:52 PM [32m    LOG[39m [38;5;3m[InstanceLoader] [39m[32mHealthModule dependencies initialized[39m[38;5;3m +0ms[39m
[32m[Nest] 4187  - [39m06/03/2026, 8:12:52 PM [32m    LOG[39m [38;5;3m[InstanceLoader] [39m[32mWebhookModule dependencies initialized[39m[38;5;3m +0ms[39m
[32m[Nest] 4187  - [39m06/03/2026, 8:12:52 PM [32m    LOG[39m [38;5;3m[InstanceLoader] [39m[32mAmoModule dependencies initialized[39m[38;5;3m +0ms[39m
[32m[Nest] 4187  - [39m06/03/2026, 8:12:52 PM [32m    LOG[39m [38;5;3m[InstanceLoader] [39m[32mAdminModule dependencies initialized[39m[38;5;3m +0ms[39m
[32m[Nest] 4187  - [39m06/03/2026, 8:12:52 PM [32m    LOG[39m [38;5;3m[InstanceLoader] [39m[32mLeadsModule dependencies initialized[39m[38;5;3m +0ms[39m
[32m[Nest] 4187  - [39m06/03/2026, 8:12:52 PM [32m    LOG[39m [38;5;3m[RoutesResolver] [39m[32mHealthController {/api/v1/health}:[39m[38;5;3m +11ms[39m
[32m[Nest] 4187  - [39m06/03/2026, 8:12:52 PM [32m    LOG[39m [38;5;3m[RouterExplorer] [39m[32mMapped {/api/v1/health, GET} route[39m[38;5;3m +1ms[39m
[32m[Nest] 4187  - [39m06/03/2026, 8:12:52 PM [32m    LOG[39m [38;5;3m[RoutesResolver] [39m[32mAuthController {/api/v1/auth}:[39m[38;5;3m +0ms[39m
[32m[Nest] 4187  - [39m06/03/2026, 8:12:52 PM [32m    LOG[39m [38;5;3m[RouterExplorer] [39m[32mMapped {/api/v1/auth/login, POST} route[39m[38;5;3m +0ms[39m
[32m[Nest] 4187  - [39m06/03/2026, 8:12:52 PM [32m    LOG[39m [38;5;3m[RouterExplorer] [39m[32mMapped {/api/v1/auth/register, POST} route[39m[38;5;3m +0ms[39m
[32m[Nest] 4187  - [39m06/03/2026, 8:12:52 PM [32m    LOG[39m [38;5;3m[RouterExplorer] [39m[32mMapped {/api/v1/auth/refresh, POST} route[39m[38;5;3m +0ms[39m
[32m[Nest] 4187  - [39m06/03/2026, 8:12:52 PM [32m    LOG[39m [38;5;3m[RouterExplorer] [39m[32mMapped {/api/v1/auth/logout, POST} route[39m[38;5;3m +3ms[39m
[32m[Nest] 4187  - [39m06/03/2026, 8:12:52 PM [32m    LOG[39m [38;5;3m[RouterExplorer] [39m[32mMapped {/api/v1/auth/password/forgot, POST} route[39m[38;5;3m +0ms[39m
[32m[Nest] 4187  - [39m06/03/2026, 8:12:52 PM [32m    LOG[39m [38;5;3m[RouterExplorer] [39m[32mMapped {/api/v1/auth/password/reset, POST} route[39m[38;5;3m +0ms[39m
[32m[Nest] 4187  - [39m06/03/2026, 8:12:52 PM [32m    LOG[39m [38;5;3m[RoutesResolver] [39m[32mLeadsController {/api/v1/leads}:[39m[38;5;3m +0ms[39m
[32m[Nest] 4187  - [39m06/03/2026, 8:12:52 PM [32m    LOG[39m [38;5;3m[RouterExplorer] [39m[32mMapped {/api/v1/leads, GET} route[39m[38;5;3m +0ms[39m
[32m[Nest] 4187  - [39m06/03/2026, 8:12:52 PM [32m    LOG[39m [38;5;3m[RouterExplorer] [39m[32mMapped {/api/v1/leads, POST} route[39m[38;5;3m +1ms[39m
[32m[Nest] 4187  - [39m06/03/2026, 8:12:52 PM [32m    LOG[39m [38;5;3m[RouterExplorer] [39m[32mMapped {/api/v1/leads/board, GET} route[39m[38;5;3m +0ms[39m
[32m[Nest] 4187  - [39m06/03/2026, 8:12:52 PM [32m    LOG[39m [38;5;3m[RouterExplorer] [39m[32mMapped {/api/v1/leads/:id, GET} route[39m[38;5;3m +0ms[39m
[32m[Nest] 4187  - [39m06/03/2026, 8:12:52 PM [32m    LOG[39m [38;5;3m[RouterExplorer] [39m[32mMapped {/api/v1/leads/:id/history, GET} route[39m[38;5;3m +0ms[39m
[32m[Nest] 4187  - [39m06/03/2026, 8:12:52 PM [32m    LOG[39m [38;5;3m[RouterExplorer] [39m[32mMapped {/api/v1/leads/:id/notes, GET} route[39m[38;5;3m +0ms[39m
[32m[Nest] 4187  - [39m06/03/2026, 8:12:52 PM[32m[Nest] 4188  - [39m06/03/2026, 8:12:52 PM [32m    LOG[39m [38;5;3m[RouterExplorer] [39m[32mMapped {/api/v1/leads, POST} route[39m[38;5;3m +0ms[39m
[32m[Nest] 4188  - [39m06/03/2026, 8:12:52 PM [32m    LOG[39m [38;5;3m[RouterExplorer] [39m[32mMapped {/api/v1/leads/board, GET} route[39m[38;5;3m +1ms[39m
[32m[Nest] 4188  - [39m06/03/2026, 8:12:52 PM [32m    LOG[39m [38;5;3m[RouterExplorer] [39m[32mMapped {/api/v1/leads/:id, GET} route[39m[38;5;3m +0ms[39m
[32m[Nest] 4188  - [39m06/03/2026, 8:12:52 PM [32m    LOG[39m [38;5;3m[RouterExplorer] [39m[32mMapped {/api/v1/leads/:id/history, GET} route[39m[38;5;3m +0ms[39m
[32m[Nest] 4188  - [39m06/03/2026, 8:12:52 PM [32m    LOG[39m [38;5;3m[RouterExplorer] [39m[32mMapped {/api/v1/leads/:id/notes, GET} route[39m[38;5;3m +0ms[39m
[32m[Nest] 4188  - [39m06/03/2026, 8:12:52 PM [32m    LOG[39m [38;5;3m[RouterExplorer] [39m[32mMapped {/api/v1/leads/:id/notes, POST} route[39m[38;5;3m +0ms[39m
[32m[Nest] 4188  - [39m06/03/2026, 8:12:52 PM [32m    LOG[39m [38;5;3m[RoutesResolver] [39m[32mAmoController {/api/v1/amo-crm}:[39m[38;5;3m +0ms[39m
[32m[Nest] 4188  - [39m06/03/2026, 8:12:52 PM [32m    LOG[39m [38;5;3m[RouterExplorer] [39m[32mMapped {/api/v1/amo-crm/connect, GET} route[39m[38;5;3m +0ms[39m
[32m[Nest] 4188  - [39m06/03/2026, 8:12:52 PM [32m    LOG[39m [38;5;3m[RouterExplorer] [39m[32mMapped {/api/v1/amo-crm/callback, GET} route[39m[38;5;3m +1ms[39m
[32m[Nest] 4188  - [39m06/03/2026, 8:12:52 PM [32m    LOG[39m [38;5;3m[RouterExplorer] [39m[32mMapped {/api/v1/amo-crm/backfill, POST} route[39m[38;5;3m +0ms[39m
[32m[Nest] 4188  - [39m06/03/2026, 8:12:52 PM [32m    LOG[39m [38;5;3m[RouterExplorer] [39m[32mMapped {/api/v1/amo-crm/backfill-history, POST} route[39m[38;5;3m +0ms[39m
[32m[Nest] 4188  - [39m06/03/2026, 8:12:52 PM [32m    LOG[39m [38;5;3m[RouterExplorer] [39m[32mMapped {/api/v1/amo-crm/sources, GET} route[39m[38;5;3m +0ms[39m
[32m[Nest] 4188  - [39m06/03/2026, 8:12:52 PM [32m    LOG[39m [38;5;3m[RouterExplorer] [39m[32mMapped {/api/v1/amo-crm/tags, GET} route[39m[38;5;3m +0ms[39m
[32m[Nest] 4188  - [39m06/03/2026, 8:12:52 PM [32m    LOG[39m [38;5;3m[RouterExplorer] [39m[32mMapped {/api/v1/amo-crm/pipelines, GET} route[39m[38;5;3m +0ms[39m
[32m[Nest] 4188  - [39m06/03/2026, 8:12:52 PM [32m    LOG[39m [38;5;3m[RoutesResolver] [39m[32mAdminController {/api/v1/admin/partners}:[39m[38;5;3m +0ms[39m
[32m[Nest] 4188  - [39m06/03/2026, 8:12:52 PM [32m    LOG[39m [38;5;3m[RouterExplorer] [39m[32mMapped {/api/v1/admin/partners, GET} route[39m[38;5;3m +0ms[39m
[32m[Nest] 4188  - [39m06/03/2026, 8:12:52 PM [32m    LOG[39m [38;5;3m[RouterExplorer] [39m[32mMapped {/api/v1/admin/partners, POST} route[39m[38;5;3m +0ms[39m
[32m[Nest] 4188  - [39m06/03/2026, 8:12:52 PM [32m    LOG[39m [38;5;3m[RouterExplorer] [39m[32mMapped {/api/v1/admin/partners/:id, PUT} route[39m[38;5;3m +0ms[39m
[32m[Nest] 4188  - [39m06/03/2026, 8:12:52 PM [32m    LOG[39m [38;5;3m[RouterExplorer] [39m[32mMapped {/api/v1/admin/partners/:id, DELETE} route[39m[38;5;3m +0ms[39m
[32m[Nest] 4188  - [39m06/03/2026, 8:12:52 PM [32m    LOG[39m [38;5;3m[RouterExplorer] [39m[32mMapped {/api/v1/admin/partners/sync, POST} route[39m[38;5;3m +0ms[39m
[32m[Nest] 4188  - [39m06/03/2026, 8:12:52 PM [32m    LOG[39m [38;5;3m[RoutesResolver] [39m[32mWebhookController {/api/v1/webhook}:[39m[38;5;3m +0ms[39m
[32m[Nest] 4188  - [39m06/03/2026, 8:12:52 PM [32m    LOG[39m [38;5;3m[RouterExplorer] [39m[32mMapped {/api/v1/webhook/amocrm, POST} route[39m[38;5;3m +0ms[39m
[32m[Nest] 4188  - [39m06/03/2026, 8:12:52 PM [32m    LOG[39m [38;5;3m[RoutesResolver] [39m[32mProfileController {/api/v1/profile}:[39m[38;5;3m +0ms[39m
[32m[Nest] 4188  - [39m06/03/2026, 8:12:52 PM [32m    LOG[39m [38;5;3m[RouterExplorer] [39m[32mMapped {/api/v1/profile, GET} route[39m[38;5;3m +0ms[39m
[32m[Nest] 4188  - [39m06/03/2026, 8:12:52 PM [32m    LOG[39m [38;5;3m[RouterExplorer] [39m[32mMapped {/api/v1/profile/notifications, PUT} route[39m[38;5;3m +0ms[39m
[32m[Nest] 4188  - [39m06/03/2026, 8:12:52 PM [32m    LOG[39m [38;5;3m[RouterExplorer] [39m[32mMapped {/api/v1/profile/password, PUT} route[39m[38;5;3m +0ms[39m
[32m[Nest] 4188  - [39m06/03/2026, 8:12:52 PM [32m    LOG[39m [38;5;3m[RoutesResolver] [39m[32mAnalyticsController {/api/v1/analytics}:[39m[38;5;3m +0ms[39m
[32m[Nest] 4188  - [39m06/03/2026, 8:12:52 PM [32m    LOG[39m [38;5;3m[RouterExplorer] [39m[32mMapped {/api/v1/ana[32m[Nest] 4187  - [39m06/03/2026, 8:12:52 PM [32m    LOG[39m [38;5;3m[PrismaService] [39m[32mDatabase connected[39m
[32m[Nest] 4187  - [39m06/03/2026, 8:12:52 PM [32m    LOG[39m [38;5;3m[NestApplication] [39m[32mNest application successfully started[39m[38;5;3m +84ms[39m
[31m[Nest] 4187  - [39m06/03/2026, 8:12:52 PM [31m  ERROR[39m [38;5;3m[NestApplication] [39m[31mError: listen EADDRINUSE: address already in use :::3001[39m[38;5;3m +6ms[39m
node:net:1912
    const ex = new UVExceptionWithHostPort(err, 'listen', address, port);
               ^

Error: listen EADDRINUSE: address already in use :::3001
    at Server.setupListenHandle [as _listen2] (node:net:1912:16)
    at listenInCluster (node:net:1969:12)
    at Server.listen (node:net:2074:7)
    at ExpressAdapter.listen (/Users/vytvytskyi/foryou_partners/backend/node_modules/@nestjs/platform-express/adapters/express-adapter.js:95:32)
    at /Users/vytvytskyi/foryou_partners/backend/node_modules/@nestjs/core/nest-application.js:183:30
    at new Promise (<anonymous>)
    at NestApplication.listen (/Users/vytvytskyi/foryou_partners/backend/node_modules/@nestjs/core/nest-application.js:173:16)
    at async bootstrap (/Users/vytvytskyi/foryou_partners/backend/src/main.ts:75:3) {
  code: 'EADDRINUSE',
  errno: -48,
  syscall: 'listen',
  address: '::',
  ponode:net:1912
    const ex = [2J[3J[H[[90m8:19:14 PM[0m] File change detected. Starting incremental compilation...

[[90m8:19:16 PM[0m] Found 0 errors. Watching for file changes.

[32m[Nest] 4560  - [39m06/03/2026, 8:19:22 PM [32m    LOG[39m [38;5;3m[NestFactory] [39m[32mStarting Nest application...[39m
[32m[Nest] 4560  - [39m06/03/2026, 8:19:22 PM [32m    LOG[39m [38;5;3m[InstanceLoader] [39m[32mAppModule dependencies initialized[39m[38;5;3m +276ms[39m
[32m[Nest] 4560  - [39m06/03/2026, 8:19:22 PM [32m    LOG[39m [38;5;3m[InstanceLoader] [39m[32mConfigModule dependencies initialized[39m[38;5;3m +10ms[39m
[32m[Nest] 4560  - [39m06/03/2026, 8:19:22 PM [32m    LOG[39m [38;5;3m[InstanceLoader] [39m[32mDatabaseModule dependencies initialized[39m[38;5;3m +197ms[39m
[32m[Nest] 4560  - [39m06/03/2026, 8:19:22 PM [32m    LOG[39m [38;5;3m[InstanceLoader] [39m[32mPassportModule dependencies initialized[39m[38;5;3m +10ms[39m
[32m[Nest] 4560  - [39m06/03/2026, 8:19:23 PM [32m    LOG[39m [38;5;3m[InstanceLoader] [39m[32mThrottlerModule dependencies initialized[39m[38;5;3m +310ms[39m
[32m[Nest] 4560  - [39m06/03/2026, 8:19:23 PM [32m    LOG[39m [38;5;3m[InstanceLoader] [39m[32mJwtModule dependencies initialized[39m[38;5;3m +8ms[39m
[32m[Nest] 4560  - [39m06/03/2026, 8:19:23 PM [32m    LOG[39m [38;5;3m[InstanceLoader] [39m[32mConfigHostModule dependencies initialized[39m[38;5;3m +26ms[39m
[32m[Nest] 4560  - [39m06/03/2026, 8:19:23 PM [32m    LOG[39m [38;5;3m[InstanceLoader] [39m[32mAuditModule dependencies initialized[39m[38;5;3m +60ms[39m
[32m[Nest] 4560  - [39m06/03/2026, 8:19:23 PM [32m    LOG[39m [38;5;3m[InstanceLoader] [39m[32mDiscoveryModule dependencies initialized[39m[38;5;3m +14ms[39m
[32m[Nest] 4560  - [39m06/03/2026, 8:19:23 PM [32m    LOG[39m [38;5;3m[InstanceLoader] [39m[32mTerminusModule dependencies initialized[39m[38;5;3m +11ms[39m
[32m[Nest] 4560  - [39m06/03/2026, 8:19:23 PM [32m    LOG[39m [38;5;3m[InstanceLoader] [39m[32mConfigModule dependencies initialized[39m[38;5;3m +1ms[39m
[32m[Nest] 4560  - [39m06/03/2026, 8:19:23 PM [32m    LOG[39m [38;5;3m[InstanceLoader] [39m[32mScheduleModule dependencies initialized[39m[38;5;3m +148ms[39m
[32m[Nest] 4560  - [39m06/03/2026, 8:19:23 PM [32m    LOG[39m [38;5;3m[InstanceLoader] [39m[32mRedisModule dependencies initialized[39m[38;5;3m +14ms[39m
[32m[Nest] 4560  - [39m06/03/2026, 8:19:23 PM [32m    LOG[39m [38;5;3m[InstanceLoader] [39m[32mEmailModule dependencies initialized[39m[38;5;3m +2ms[39m
[32m[Nest] 4560  - [39m06/03/2026, 8:19:23 PM [32m    LOG[39m [38;5;3m[InstanceLoader] [39m[32mProfileModule dependencies initialized[39m[38;5;3m +8ms[39m
[32m[Nest] 4560  - [39m06/03/2026, 8:19:23 PM [32m    LOG[39m [38;5;3m[InstanceLoader] [39m[32mAnalyticsModule dependencies initialized[39m[38;5;3m +0ms[39m
[32m[Nest] 4560  - [39m06/03/2026, 8:19:23 PM [32m    LOG[39m [38;5;3m[InstanceLoader] [39m[32mPayoutsModule dependencies initialized[39m[38;5;3m +0ms[39m
[32m[Nest] 4560  - [39m06/03/2026, 8:19:23 PM [32m    LOG[39m [38;5;3m[InstanceLoader] [39m[32mReferralsModule dependencies initialized[39m[38;5;3m +0ms[39m
[32m[Nest] 4560  - [39m06/03/2026, 8:19:23 PM [32m    LOG[39m [38;5;3m[InstanceLoader] [39m[32mAuthModule dependencies initialized[39m[38;5;3m +0ms[39m
[32m[Nest] 4560  - [39m06/03/2026, 8:19:23 PM [32m    LOG[39m [38;5;3m[InstanceLoader] [39m[32mHealthModule dependencies initialized[39m[38;5;3m +1ms[39m
[32m[Nest] 4560  - [39m06/03/2026, 8:19:23 PM [32m    LOG[39m [38;5;3m[InstanceLoader] [39m[32mWebhookModule dependencies initialized[39m[38;5;3m +1ms[39m
[32m[Nest] 4560  - [39m06/03/2026, 8:19:23 PM [32m    LOG[39m [38;5;3m[InstanceLoader] [39m[32mAmoModule dependencies initialized[39m[38;5;3m +0ms[39m
[32m[Nest] 4560  - [39m06/03/2026, 8:19:23 PM [32m    LOG[39m [38;5;3m[InstanceLoader] [39m[32mAdminModule dependencies initialized[39m[38;5;3m +0ms[39m
[32m[Nest] 4560  - [39m06/03/2026, 8:19:23 PM [32m    LOG[39m [38;5;3m[InstanceLoader] [39m[32mLeadsModule dependencies initialized[39m[38;5;3m +0ms[39m
[32m[Nest] 4560  - [39m06/03/2026, 8:19:23 PM [32m    LOG[39m [38;5;3m[RoutesResolver] [39m[32mHealthController {/api/v1/health}:[39m[38;5;3m +144ms[39m
[32m[Nest] 4560  - [39m06/03/2026, 8:19:23 PM [32m    LOG[39m [38;5;3m[RouterExplorer] [39m[32mMapped {/api/v1/health, GET} route[39m[38;5;3m +20ms[39m
[32m[Nest] 4560  - [39m06/03/2026, 8:19:23 PM [32m    LOG[39m [38;5;3m[RoutesResolver] [39m[32mAuthController {/api/v1/auth}:[39m[38;5;3m +1ms[39m
[32m[Nest] 4560  - [39m06/03/2026, 8:19:23 PM [32m    LOG[39m [38;5;3m[RouterExplorer] [39m[32mMapped {/api/v1/auth/login, POST} route[39m[38;5;3m +4ms[39m
[32m[Nest] 4560  - [39m06/03/2026, 8:19:23 PM [32m    LOG[39m [38;5;3m[RouterExplorer] [39m[32mMapped {/api/v1/auth/register, POST} route[39m[38;5;3m +1ms[39m
[32m[Nest] 4560  - [39m06/03/2026, 8:19:23 PM [32m    LOG[39m [38;5;3m[RouterExplorer] [39m[32mMapped {/api/v1/auth/refresh, POST} route[39m[38;5;3m +1ms[39m
[32m[Nest] 4560  - [39m06/03/2026, 8:19:23 PM [32m    LOG[39m [38;5;3m[RouterExplorer] [39m[32mMapped {/api/v1/auth/logout, POST} route[39m[38;5;3m +0ms[39m
[32m[Nest] 4560  - [39m06/03/2026, 8:19:23 PM [32m    LOG[39m [38;5;3m[RouterExplorer] [39m[32mMapped {/api/v1/auth/password/forgot, POST} route[39m[38;5;3m +1ms[39m
[32m[Nest] 4560  - [39m06/03[32m[Nest] 4558  - [39m06/03/2026, 8:19:23 PM [32m    LOG[39m [38;5;3m[RouterExplorer] [39m[32mMapped {/api/v1/auth/login, POST} route[39[32m[Nest] 4560  - [39m06/03/2026, 8:19:23 PM [32m    LOG[39m [38;5;3m[RoutesResolver] [39m[32mLeadsController {/api/v1/leads}:[39m[38;5;3m +2ms[39m
[32m[Nest] 4560  - [39m06/03/2026, 8:19:23 PM [32m    LOG[39m [38;5;3m[RouterExplorer] [39m[32mMapped {/api/v1/leads, GET} route[39m[38;5;3m +2ms[39m
[32m[Nest] 4560  - [39m06/03/2026, 8:19:23 PM [32m    LOG[39m [38;5;3m[RouterExplorer] [39m[32mMapped {/api/v1/leads, POST} route[39m[38;5;3m +3ms[39m
[32m[Nest] 4560  - [39m06/03/2026, 8:19:23 PM [32m    LOG[39m [38;5;3m[RouterExplorer] [39m[32mMapped {/api/v1/leads/board, GET} route[39m[38;5;3m +0ms[39m
[32m[Nest] 4560  - [39m06/03/2026, 8:19:23 PM [32m    LOG[39m [38;5;3m[RouterExplorer] [39m[32mMapped {/api/v1/leads/:id, GET} route[39m[38;5;3m +0ms[39m
[32m[Nest] 4560  - [39m06/03/2026, 8:19:23 PM [32m    LOG[39m [38;5;3m[RouterExplorer] [39m[32mMapped {/api/v1/leads/:id/history, GET} route[39m[38;5;3m +1ms[39m
[32m[Nest] 4560  - [39m06/03/2026, 8:19:23 PM [32m    LOG[39m [38;5;3m[RouterExplorer] [39m[32mMapped {/api/v1/leads/:id/notes, GET} route[39m[38;5;3m +0ms[39m
[32m[Nest] 4560  - [39m06/03/2026, 8:19:23 PM [32m    LOG[39m [38;5;3m[RouterExplorer] [39m[32mMapped {/api/v1/leads/:id/notes, POST} route[39m[38;5;3m +0ms[39m
[32m[Nest] 4560  - [39m06/03/20[32m[Nest] 4558  - [39m06/03/2026, 8:19:23 PM [32m    LOG[39m [38;5;3m[RouterExplorer] [39m[32mMapped {/api/v1/leads/bo[32m[Nest] 4560  - [39m06/03/2026, 8:19:23 PM [32m    LOG[39m [38;5;3m[RouterExplorer] [39m[32mMapped {/api/v1/amo-crm/connect, GET} route[39m[38;5;3m +5ms[39m
[32m[Nest] 4560  - [39m06/03/2026, 8:19:23 PM [32m    LOG[39m [38;5;3m[RouterExplorer] [39m[32mMapped {/api/v1/amo-crm/callback, GET} route[39m[38;5;3m +0ms[39m
[32m[Nest] 4560  - [39m06/03/2026, 8:19:23 PM [32m    LOG[39m [38;5;3m[RouterExplorer] [39m[32mMapped {/api/v1/amo-crm/backfill, POST} route[39m[38;5;3m +0ms[39m
[32m[Nest] 4560  - [39m06/03/2026, 8:19:23 PM [32m    LOG[39m [38;5;3m[RouterExplorer] [39m[32mMapped {/api/v1/amo-crm/backfill-history, POST} route[39m[38;5;3m +0ms[39m
[32m[Nest] 4560  - [39m06/03/2026, 8:19:23 PM [32m    LOG[39m [38;5;3m[RouterExplorer] [39m[32mMapped {/api/v1/amo-crm/sources, GET} route[39m[38;5;3m +4ms[39m
[32m[Nest] 4560  - [39m06/03/2026, 8:19:23 PM [32m    LOG[39m [38;5;3m[RouterExplorer] [39m[32mMapped {/api/v1/amo-crm/tags, GET} route[39m[38;5;3m +0ms[39m
[32m[Nest] 4560  - [39m06/03/2026, 8:19:23 PM [32m    LOG[39m [38;5;3m[RouterExplorer] [39m[32mMapped {/api/v1/amo-crm/pipelines, GET} route[39m[38;5;3m +1ms[39m
[32m[Nest] 4560  - [39m06/03/2026, 8:19:23 PM [32m    LOG[39m [38;5;3m[RoutesResolver] [39m[32mAdminController {/api/v1/admin/partners}:[39m[38;5;3m +0ms[39m
[32m[Nest] 4560  - [39m06/03/2026, 8:19:23 PM [32m    LOG[39m [38;5;3m[RouterExplorer] [39m[32mMapped {/api/v1/admin/partners, GET} route[39m[38;5;3m +0ms[39m
[32m[Nest] 4560  - [39m06/03/2026, 8:19:23 PM [32m    LOG[39m [38;5;3m[RouterExplorer] [39m[32mMapped {/api/v1/admin/partners, POST} route[39m[38;5;3m +0ms[39m
[32m[Nest] 4560  - [39m06/03/2026, 8:19:23 PM [32m    LOG[39m [38;5;3m[RouterExplorer] [39m[32mMapped {/api/v1/admin/partners/:id, PUT} route[39m[38;5;3m +1ms[39m
[32m[Nest] 4560  - [39m06/03/2026, 8:19:23 PM [32m    LOG[39m [38;5;3m[RouterExplorer] [39m[32mMapped {/api/v1/admin/partners/:id, DELETE} route[39m[38;5;3m +0ms[39m
[32m[Nest] 4560  - [39m06/03/2026, 8:19:23 PM [32m    LOG[39m [38;5;3m[RouterExplorer] [39m[32mMapped {/api/v1/admin/partners/sync, POST} route[39m[38;5;3m +0ms[39m
[32m[Nest] 4560  - [39m06/03/2026, 8:19:23 PM [32m    LOG[39m [38;5;3m[RoutesResolver] [39m[32mWebhookController {/api/v1/webhook}:[39m[38;5;3m +0ms[39m
[32m[Nest] 4560  - [39m06/03/2026, 8:19:23 PM [32m    LOG[39m [38;5;3m[RouterExplorer] [39m[32mMapped {/api/v1/webhook/amocrm, POST} route[39m[38;5;3m +1ms[39m
[32m[Nest] 4560  - [39m06/03/2026, 8:19:23 PM [32m    LOG[39m [38;5;3m[RoutesResolver] [39m[32mProfileController {/api/v1/profile}:[39m[38;5;3m +0ms[39m
[32m[Nest] 4560  - [39m06/03/2026, 8:19:23 PM [32m    LOG[39m [38;5;3m[RouterExplorer] [39m[32mMapped {/api/v1/profile, GET} route[39m[38;5;3m +1ms[39m
[32m[Nest] 4560  - [39m06/03/2026, 8:19:23 PM [32m    LOG[39m [38;5;3m[RouterExplorer] [39m[32mMapped {/api/v1/profile/notifications, PUT} route[39m[38;5;3m +0ms[39m
[32m[Nest] 4560  - [39m06/03/2026, 8:19:23 PM [32m    LOG[39m [38;5;3m[RouterExplorer] [39m[32mMapped {/api/v1/profile/password, PUT} route[39m[38;5;3m +0ms[39m
[32m[Nest] 4560  - [39m06/03/2026, 8:19:23 PM [32m    LOG[39m [38;5;3m[RoutesResolver] [39m[32mAnalyticsController {/api/v1/analytics}:[39m[38;5;3m +0ms[39m
[32m[Nest] 4560  - [39m06/03/2026, 8:19:23 PM [32m    LOG[39m [38;5;3m[RouterExplorer] [39m[32mMapped {/api/v1/analytics/dashboard, GET} route[39m[38;5;3m +1ms[39m
[32m[Nest] 4560  - [39m06/03/2026, 8:19:23 PM [32m    LOG[39m [38;5;3m[RoutesResolver] [39m[32mPayoutsController {/api/v1/payouts}:[39m[38;5;3m +0ms[39m
[32m[Nest] 4560  - [39m06/03/2026, 8:19:23 PM [32m    LOG[39m [38;5;3m[RouterExplorer] [39m[32mMapped {/api/v1/payouts, GET} route[39m[38;5;3m +1ms[39m
[32m[Nest] 4560  - [39m06/03/2026, 8:19:23 PM [32m    LOG[39m [38;5;3m[RouterExplorer] [39m[32mMapped {/api/v1/payouts/request, POST} route[39m[38;5;3m +0ms[39m
[32m[Nest] 4560  - [39m06/03/2026, 8:19:23 PM [32m    LOG[39m [38;5;3m[RoutesResolver] [39m[32mReferralsController {/api/v1/referrals}:[39m[38;5;3m +1ms[39m
[32m[Nest] 4560  - [39m06/03/2026, 8:19:23 PM [32m    LOG[39m [38;5;3m[RouterExplorer] [39m[32mMapped {/api/v1/referrals, GET} route[39m[38;5;3m +0ms[39m
[32m[Nest] 4560  - [39m06/03/2026, 8:19:24 PM [32m    LOG[39m [38;5;3m[PrismaService] [39m[32mDatabase connected[39m
[32m[Nest] 4560  - [39m06/03/2026, 8:19:24 PM [32m    LOG[39m [38;5;3m[NestApplication] [39m[32mNest application successfully started[39m[38;5;3m +149ms[39m
[31m[Nest] 4560  - [39m06/03/2026, 8:19:24 PM [31m  ERROR[39m [38;5;3m[NestApplication] [39m[31mError: listen EADDRINUSE: address already in use :::3001[39m[38;5;3m +13ms[39m
node:net:1912
    const ex = new UVExceptionWithHostPort(err, 'listen', address, port);
               ^

Error: listen EADDRINUSE: address already in use :::3001
    at Server.setupListenHandle [as _listen2] (node:net:1912:16)
    at listenInCluster (node:net:1969:12)
    at Server.listen (node:net:2074:7)
    at ExpressAdapter.listen (/Users/vytvytskyi/foryou_partners/backend/node_modules/@nestjs/platform-express/adapters/express-adapter.js:95:32)
    at /Users/vytvytskyi/foryou_partners/backend/node_modules/@nestjs/core/nest-application.js:183:30
    at new Promise (<anonymous>)
    at NestApplication.listen (/Users/vytvytskyi/foryou_partners/backend/node_modules/@nestjs/core/nest-application.js:173:16)
    at async bootstrap [2J[3J[H[[90m8:24:02 PM[0m] File change detected. Starting incremental compilation...

[[90m8:24:09 PM[0m] Found 0 errors. Watching for file changes.

[32m[Nest] 4930  - [39m06/03/2026, 8:24:26 PM [32m    LOG[39m [38;5;3m[NestFactory] [39m[32mStarting Nest application...[39m
[32m[Nest] 4930  - [39m06/03/2026, 8:24:27 PM [32m    LOG[39m [38;5;3m[InstanceLoader] [39m[32mAppModule dependencies initialized[39m[38;5;3m +241ms[39m
[32m[N[32m[Nest] 4916  - [39m06/03/2026, 8:24:27 PM [32m    LOG[39m [38;5;3m[InstanceLoader] [39m[32mAppModule dependencies initialized[39m[38;5;3m +255ms[32m[Nest] 4930  - [39m06/03/2026, 8:24:27 PM [32m    LOG[39m [38;5;3m[InstanceLoader] [39m[32mDatabaseModule dependencies initialized[39m[38;5;3m +163ms[39m
[[32m[Nest] 4916  - [39m06/03/2026, 8:24:27 PM [32m    LOG[39m [38;5;3m[InstanceLoader] [39m[32mDatabaseModule dependencies initialized[39m[38;5;3m +150ms[3[32m[Nest] 4930  - [39m06/03/2026, 8:24:28 PM [32m    LOG[39m [38;5;3m[InstanceLoader] [39m[32mThrottlerModule dependencies initialized[39m[38;5;3m +696ms[39m
[32m[Nest] 4930  - [39m06/03/2026, 8:24:28 PM [32m    LOG[39m [38;5;3m[InstanceLoader] [39m[32mJwtModule dependencies initialized[39m[38;5;3m +700ms[39m
[32m[Nest] 4930  - [39m06/03/2026, 8:24:28 PM [32m    LOG[39m [38;5;3m[InstanceLoader] [39m[32mConfigHostModule dependencies initialized[39m[38;5;3m +1ms[39m
[32m[Nest] 4930  - [39m06/03/2026, 8:24:28 PM [32m    LOG[39m [38;5;3m[InstanceLoader] [39m[32mAuditModule dependencies initialized[39m[38;5;3m +2ms[39m
[32m[Nest] 4930  - [39m06/03/2026, 8:24:28 PM [32m    LOG[39m [38;5;3m[InstanceLoader] [39m[32mDiscoveryModule dependencies initialized[39m[38;5;3m +1ms[39m
[32m[Nest] 4930  - [39m06/03/2026, 8:24:28 PM [32m    LOG[39m [38;5;3m[InstanceLoader] [39m[32mTerminusModule dependencies initialized[39m[38;5;3m +4ms[39m
[32m[Nest] 4930  - [39m06/03/2026, 8:24:28 PM [32m    LOG[39m [38;5;3m[InstanceLoader] [39m[32mConfigModule dependencies initialized[39m[38;5;3m +0ms[39m
[32m[Nest] 4930  - [39m06/03/2026, 8:24:28 PM [32m    LOG[39m [38;5;3m[InstanceLoader] [39m[32mScheduleModule dependencies initialized[39m[38;5;3m +10ms[39m
[32[32m[Nest] 4916  - [39m06/03/2026, 8:24:28 PM [32m    LOG[39m [38;5;3m[InstanceLoader] [39m[32mScheduleModule dependencies initialized[39m[38;5;3m +16ms[39m
[32m[Nest] 4916  - [39m06/03/2026, 8:24:28 PM [32m    LOG[39m [38;5;3m[InstanceLoader] [39m[32mRedisModule dependencies initialized[39m[38;5;3m +2ms[39m
[32m[Nest] 4916  - [39m06/03/2026, 8:24:28 PM [32m    LOG[39m [38;5;3m[InstanceLoader] [39m[32mEmailModule dependencies initialized[39m[38;5;3m +0ms[39m
[32m[Nest] 4916  - [39m06/03/2026, 8:24:28 PM [32m    LOG[39m [38;5;3m[InstanceLoader] [39m[32mProfileModule dependencies initialized[39m[38;5;3m +0ms[39m
[32m[Nest] 4916  - [39m06/03/2026, 8:24:28 PM [32m    LOG[39m [38;5;3m[InstanceLoader] [39m[32mAnalyticsModule dependencies initialized[39m[38;5;3m +0ms[39m
[32m[Nest] 4916  - [39m06/03/2026, 8:24:28 PM [32m    LOG[39m [38;5;3m[InstanceLoader] [39m[32mPayoutsModule dependencies initialized[39m[38;5;3m +0ms[39m
[32m[Nest] 4916  - [39m06/03/2026, 8:24:28 PM [32m    LOG[39m [38;5;3m[InstanceLoader] [39m[32mReferralsModule dependencies initialized[39m[38;5;3m +0ms[39m
[32m[Nest] 4916  - [39m06/03/2026, 8:24:28 PM [32m    LOG[39m [38;5;3m[InstanceLoader] [39m[32mAuthModule dependencies initialized[39m[38;5;3m +0ms[39m
[32m[Nest] 4916  - [39m06/03/2026, 8:24:28 PM [32m    LOG[39m [38;5;3m[InstanceLoader] [39m[32mHealthModule dependencies initialized[39m[38;5;3m +2ms[39m
[32m[Nest] 4916  - [39m06/03/2026, 8:24:28 PM [32m    LOG[39m [38;5;3m[InstanceLoader] [39m[32mWebhookModule dependencies initialized[39m[38;5;3m +0ms[39m
[32m[Nest] 4916  - [39m06/03/2026, 8:24:28 PM [32m    LOG[39m [38;5;3m[InstanceLoader] [39m[32mAmoModule dependencies initialized[39m[38;5;3m +0ms[39m
[32m[Nest] 4916  - [39m06/03/2026, 8:24:28 PM [32m    LOG[39m [38;5;3m[InstanceLoader] [39m[32mAdminModule dependencies initialized[39m[38;5;3m +0[32m[Nest] 4930  - [39m06/03/2026, 8:24:28 PM [32m    LOG[39m [38;5;3m[RoutesResolver] [39m[32mHealthController {/api/v1/health}:[39m[38;5;3m +65ms[39m
[32m[Nest] 4930  - [39m06/03/2026, 8:24:28 PM [32m    LOG[39m [38;5;3m[RouterExplorer] [39m[32mMapped {/api/v1/health, GET} route[39m[38;5;3m +4ms[39m
[32m[Nest[32m[Nest] 4916  - [39m06/03/2026, 8:24:28 PM [32m    LOG[39m [38;5;3m[RouterExplorer] [39m[32mMapped {/api/v1/health, GET} route[39m[38;5;3m +10ms[39m
[32m[Nest] 4916  - [39m06/03/2026, 8:24:28 PM [32m    LOG[39m [38;5;3m[RoutesResolver] [39m[32mAuthController {/api/v1/auth}:[39m[38;5;3m +10ms[39m
[32m[Nest] 4916  - [39m06/03/2026, 8:24:28 PM [32m    LOG[39m [38;5;3m[RouterExplorer] [39m[32mMapped {/api/v1/auth/login, POST} route[39m[38;5;3m +0ms[39m
[32m[Nest] 4916  - [39m06/03/2026, 8:24:28 PM [32m    LOG[39m [38;5;3m[RouterExplorer] [39m[32mMapped {/api/v1/auth/register, POST} route[39m[38;5;3m +1ms[39m
[32m[Nest] 4916  - [39m06/03/2026, 8:24:28 PM [32m    LOG[39m [38;5;3m[RouterExplorer] [39m[32mMapped {/api/v1/auth/refresh, POST} route[39m[38;5;3m +0ms[39m
[32m[Nest] 4916  - [39m06/03/2026, 8:24:28 PM [32m    LOG[39m [38;5;3m[RouterExplorer] [39m[32mMapped {/api/v1/auth/logout, POST} route[39m[38;5;3m +0ms[39m
[32m[Nest] 4916  - [39m06/03/2026, 8:24:28 PM [32m    LOG[39m [38;5;3m[RouterExplorer] [39m[32mMapped {/api/v1/auth/password/forgot, POST} route[39m[38;5;3m +0ms[39m
[32m[Nest] 4916  - [39m06/03/2026, 8:24:28 PM [32m    LOG[39m [38;5;3m[RouterExplorer] [39m[32mMapped {/api/v1/auth/password/reset, POST} route[39m[38;5;3m +0ms[39m
[32m[Nest] 4916  - [39m06/03/2026, 8:24:28 PM [32m    LOG[39m [38;5;3m[RoutesResolver] [39m[32mLeadsController {/api/v1/leads}:[39m[38;5;3[32m[Nest] 4930  - [39m06/03/2026, 8:24:28 PM [32m    LOG[39m [38;5;3m[RouterExplorer] [39m[32mMapped {/api/v1/leads, POST} route[39m[38;5;3m +10ms[39m
[32m[Nest] 4930  - [39m06/03/2026, 8:24:28 PM [32m    LOG[39m [38;5;3m[RouterExplorer] [39m[32mMapped {/api/v1/leads/board, GET} route[39m[38;5;3m +0ms[39m
[32m[Nest] 4930  - [39m06/03/2026, 8:24:28 PM [32m    LOG[39m [38;5;3m[RouterExplorer] [39m[32mMapped {/api/v1/leads/:id, GET} route[39m[38;5;3m +0ms[39m
[32m[Nest] 4930  - [39m06/03/2026, 8:24:28 PM [32m    LOG[39m [38;5;3m[RouterExplorer] [39m[32mMapped {/api/v1/leads/:id/history, GET} route[39m[38;5;3m +0ms[39m
[32m[Nest] 4930  - [39m06/03/2026, 8:24:28 PM [32m    LOG[39m [38;5;3m[RouterExplorer] [39m[32mMapped {/api/v1/leads/:id/notes, GET} route[39m[38;5;3m +0ms[39m
[32m[Nest] 4930  - [39m06/03/2026, 8:24:28 PM [32m    LOG[39m [38;5;3m[RouterExplorer] [39m[32mMapped {/api/v1/leads/:id/notes, POST} route[39m[38;5;3m +0ms[39m
[32m[Nest] 4930  - [39m06/03/2026, 8:24:28 PM [32m    LOG[39m [38;5;3m[RoutesResolver] [39m[32mAmoController {/api/v1/amo-crm}:[39m[38;5;3m +0ms[39m
[32m[Nest] 4930  - [39m06/03/2026, 8:24:28 PM [32m    LOG[39m [38;5;3m[RouterExplorer] [39m[32mMapped {/api/v1/amo-crm/connect, GET} route[39m[38;5;3m +0ms[39m
[32m[Nest] 4930  - [39m06/03/2026, 8:24:28 PM [32m    LOG[39m [38;5;3m[RouterExplorer] [39m[32mMapped {/api/v1/amo-crm/callback, GET} route[39m[38;5;3m +0ms[39m
[32m[Nest] 4930  - [39m06/03/2026, 8:24:28 PM [32m    LOG[39m [38;5;3m[RouterExplorer] [39m[32mMapped {/api/v1/amo-crm/backfill, POST} route[39m[38;5;3m +0ms[39m
[32m[Nest] 4930  - [39m06/03/2026, 8:24:28 PM [32m    LOG[39m [38;5;3m[RouterExplorer] [39m[32mMapped {/api/v1/amo-crm/backfill-history, POST} route[39m[38;5;3m +1ms[39m
[32m[Nest] 4930  - [39m06/03/2026, 8:24:28 PM [32m    LOG[39m [38;5;3m[RouterExplorer] [39m[32mMapped {/api/v1/amo-crm/sources, GET} route[39m[38;5;3m +0ms[39m
[32m[Nest] 4930  - [39m06/03/2026, 8:24:28 PM [32m    LOG[39m [38;5;3m[RouterExplorer] [39m[32mMapped {/api/v1/amo-crm/tags, GET} route[39m[38;5;3m +0ms[39m
[32m[Nest] 4930  - [39m06/03/2026, 8:24:28 PM [32m    LOG[39m [38;5;3m[RouterExplorer] [39m[32mMapped {/api/v1/amo-crm/pipelines, GET} route[39m[38;5;3m +0ms[39m
[32m[Nest] 4930  - [39m06/03/2026, 8:24:28 PM [32m    LOG[39m [38;5;3m[RoutesResolver] [39m[32mAdminController {/api/v1/admin/partners}:[39m[38;5;3m +0ms[39m
[32m[Nest] 4930  - [39m06/03/2026, 8:24:28 PM [32m    LOG[39m [38;5;3m[RouterExplorer] [39m[32mMapped {/api/v1/admin/partners, GET} route[39m[38;5;3m +0ms[39m
[32m[Nest] 4930  - [39m06/03/2026, 8:24:28 PM [32m    LOG[39m [38;5;3m[RouterExplorer] [39m[32mMapped {/api/v1/admin/partners, POST} route[39m[38;5;3m +0ms[39m
[32m[Nest] 4930  - [39m06/03/2026, 8:24:28 PM [32m    LOG[39m [38;5;3m[RouterExplorer] [39m[32mMapped {/api/v1/admin/partners/:id, PUT} route[39m[38;5;3m +1ms[39m
[32m[Nest] 4930  - [39m06/03/2026, 8:24:28 PM [32m    LOG[39m [38;5;3m[RouterExplorer] [39m[32mMapped {/api/v1/admin/partners/:id, DELETE} route[39m[38;5;3m +0ms[39m
[32m[Nest] 4930  - [39m06/03/2026, 8:24:28 PM [32m    LOG[39m [38;5;3m[RouterExplorer] [39m[32mMapped {/api/v1/admin/partners/sync, POST} route[39m[38;5;3m +0ms[39m
[32m[Nest] 4930  - [39m06/03/2026, 8:24:28 PM [32m    LOG[39m [38;5;3m[RoutesResolver] [39m[32mWebhookController {/api/v1/webhook}:[39m[38;5;3m +0ms[39m
[32m[Nest] 4930  - [39m06/03/2026, 8:24:28 PM [32m    LOG[39m [38;5;3m[RouterExplorer] [39m[32mMapped {/api/v1/webhook/amocrm, POST} route[39m[38;5;3m +0ms[39m
[32m[Nest] 4930  - [39m06/03/2026, 8:24:28 PM [32m    LOG[39m [38;5;3m[RoutesResolver] [39m[32mProfileController {/api/v1/profile}:[39m[38;5;3m +1ms[39m
[32m[Nest] 4930  - [39m06/03/2026, 8:24:28 PM [32m    LOG[39m [38;5;3m[RouterExplorer] [39m[32mMapped {/api/v1/profile, GET} route[39m[38;5;3m +0ms[39m
[32m[Nest] 4930  - [39m06/03/2026, 8:24:28 PM [32m    LOG[39m [38;5;3m[RouterExplorer] [39m[32mMapped {/api/v1/profile/notifications, PUT} route[39m[38;5;3m +0ms[39m
[32m[Nest] 4930  - [39m06/03/2026, 8:24:28 PM [32m    LOG[39m [38;5;3m[RouterExplorer] [39m[32mMapped {/api/v1/profile/password, PUT} route[39m[38;5;3m +0ms[39m
[32m[Nest] 4930  - [39m06/03/2026, 8:24:28 PM [32m    LOG[39m [38;5;3m[RoutesResolver] [39m[32mAnalyticsController {/api/v1/analytics}:[39m[38;5;3m +0ms[39m
[32m[Nest] 4930  - [39m06/03/2026, 8:24:28 PM [32m    LOG[39m [38;5;3m[RouterExplorer] [39m[32mMapped {/api/v1/analytics/dashboard, GET} route[39m[38;5;3m +0ms[39m
[32m[Nest] 4930  - [39m06/03/2026, 8:24:28 PM [32m    LOG[39m [38;5;3m[RoutesResolver] [39m[32mPayoutsController {/api/v1/payouts}:[39m[38;5;3m +0ms[39m
[32m[Nest] 4930  - [39m06/03/2026, 8:24:28 PM [32m    LOG[39m [38;5;3m[RouterExplorer] [39m[32mMapped {/api/v1/payouts, GET} route[39m[38;5;3m +0ms[39m
[32m[Nest] 4930  - [39m06/03/2026, 8:24:28 PM [32m    LOG[39m [38;5;3m[RouterExplorer] [39m[32mMapped {/api/v1/payouts/request, POST} route[39m[38;5;3m +0ms[39m
[32m[Nest] 4930  - [39m06/03/2026, 8:24:28 PM [32m    LOG[39m [38;5;3m[RoutesResolver] [39m[32mReferralsController {/api/v1/referrals}:[39m[38;5;3m +0ms[39m
[32m[Nest] 4930  - [39m06/03/2026, 8:24:28 PM [32m    LOG[39m [38;5;3m[RouterExplorer] [39m[32mMapped {/api/v1/referrals, GET} route[39m[38;5;3m +0ms[39m
[32m[Nest] 4930  - [39m06/03/2026, 8:24:29 PM [32m    LOG[39m [38;5;3m[PrismaService] [39m[32mDatabase connected[39m
[32m[Nest] 4930  - [39m06/03/2026, 8:24:29 PM [32m    LOG[39m [38;5;3m[NestApplication] [39m[32mNest application successfully started[39m[38;5;3m +39ms[39m
[31m[Nest] 4930  - [39m06/03/2026, 8:24:29 PM [31m  ERROR[39m [38;5;3m[NestApplication] [39m[31mError: listen EADDRINUSE: address already in use :::3001[39m[38;5;3m +1ms[39m
node:net:1912
    const ex = new UVExceptionWithHostPort(err, 'listen', address, port);
               ^

Error: listen EADDRINUSE: address already in use :::3001
    at Server.setupListenHandle [as _listen2] (node:net:1912:16)
    at listenInCluster (node:net:1969:12)
    at Server.listen (node:net:2074:7)
    at ExpressAdapter.listen (/Users/vytvytskyi/foryou_partners/backend/node_modules/@nestjs/platform-express/adapters/express-adapter.js:95:32)
    at /Users/vytvytskyi/foryou_partners/backend/node_modules/@nestjs/core/nest-application.js:183:30
    at new Promise (<anonymous>)
    at NestApplication.listen (/Users/vytvytskyi/foryou_partners/backend/node_modules/@nestjs/core/nest-application.js:173:16)
    at async bootstrap (/Users/vytvytskyi/foryou_partners/backend/src/main.ts:75:3) {
  code: 'EADDRINUSE',
  errno: -48,
  syscall: 'listen',
  address: '::',
  port: 3001
}

Node.js v22.12.0
[2J[3J[H[[90m8:34:27 PM[0m] File change detected. Starting incremental compilation...

[[90m8:34:36 PM[0m] Found 0 errors. Watching for file changes.

[32m[Nest] 5694  - [39m06/03/2026, 8:34:54 PM [32m    LOG[39m [38;5;3m[NestFactory] [39m[32mStarting Nest application...[39m
[32m[Nest] 5694  - [39m06/03/2026, 8:34:55 PM [32m    LOG[39m [38;5;3m[InstanceLoader] [39m[32mAppModule dependencies initialized[39m[38;5;3m +125ms[39m
[32m[Nest] 5694  - [39m06/03/2026, 8:34:55 PM [32m    LOG[39m [38;5;3m[InstanceLoader] [39m[32mConfigModule dependencies initialized[39m[38;5;3m +1ms[39m
[32m[Nest] 5694  - [39m06/03/2026, 8:34:55 PM [32m    LOG[39m [38;5;3m[InstanceLoader] [39m[32mDatabaseModule dependencies initialized[39m[38;5;3m +38ms[39m
[32[32m[Nest] 5723  - [39m06/03/2026, 8:34:55 PM [32m    LOG[39m [38;5;3m[InstanceLoader] [39m[32mDatabaseModule dependencies initialized[39m[38;5;3m +45ms[32m[Nest] 5694  - [39m06/03/2026, 8:34:55 PM [32m    LOG[39m [38;5;3m[InstanceLoader] [39m[32mThrottlerModule dependencies initialized[39m[38;5;3m +55ms[39m
[32m[Nest] 5694  - [39m06/03/2026, 8:34:55 PM [32m    LOG[39m [38;5;3m[InstanceLoader] [39m[32mJwtModule dependencies initialized[39m[38;5;3m +0ms[39m
[32m[Nest] 5694  - [39m06/03/2026, 8:34:55 PM [32m    LOG[39m [38;5;3m[InstanceLoader] [39m[32mConfigHostModule dependencies initialized[39m[38;5;3m +0ms[39m
[32m[Nest] 5694  - [39m06/03/2026, 8:34:55 PM [32m    LOG[39m [38;5;3m[InstanceLoader] [39m[32mAuditModule dependencies initialized[39m[38;5;3m +0ms[39m
[32m[Nest] 5694  - [39m06/03/2026, 8:34:55 PM [32m    LOG[39m [38;5;3m[InstanceLoader] [39m[32mDiscoveryModule dependencies initialized[39m[38;5;3m +3ms[39m
[32m[Nest] 5694  - [39m06/03/2026, 8:34:55 PM [32m    LOG[39m [38;5;3m[InstanceLoader] [39m[32mTerminusModule dependencies initialized[39m[38;5;3m +1ms[39m
[32m[Nest] 5694  - [39m06/03/2026, 8:34:55 PM [32m    LOG[39m [38;5;3m[InstanceLoader] [39m[32mConfigModule dependencies initialized[39m[38;5;3m +0ms[39m
[32m[Nest] 5694  - [39m06/03/2026, 8:34:55 PM [32m    LOG[39m [38;5;3m[InstanceLoader] [39m[32mScheduleModule dependencies initialized[39m[38;5;3m +4ms[39m
[32m[Nest] 5694  - [39m06/03/2026, 8:34:55 PM [32m    LOG[39m [38;5;3m[InstanceLoader] [39m[32mRedisModule dependencies initialized[39m[38;5;3m +1ms[39m
[32m[Nest] 5694  - [39m06/03/2026, 8:34:55 PM [32m    LOG[39m [38;5;3m[InstanceLoader] [39m[32mEmailModule dependencies initialized[39m[38;5;3m +0ms[39m
[32m[Nest] 5694  - [39m06/03/2026, 8:34:55 PM [32m    LOG[39m [38;5;3m[InstanceLoader] [39m[32mProfileModule dependencies initialized[39m[38;5;3m +1ms[39m
[32m[Nest] 5694  - [39m06/03/2026, 8:34:55 PM [32m    LOG[39m [38;5;3m[InstanceLoader] [39m[32mAnalyticsModule dependencies initialized[39m[38;5;3m +0ms[39m
[32m[Nest] 5694  - [39m06/03/2026, 8:34:55 PM [32m    LOG[39m [38;5;3m[InstanceLoader] [39m[32mPayoutsModule dependencies initialized[39m[38;5;3m +0ms[39m
[32m[Nest] 5694  - [39m06/03/2026, 8:34:55 PM [32m    LOG[39m [38;5;3m[InstanceLoader] [39m[32mReferralsModule dependencies initialized[39m[38;5;3m +0ms[39m
[32m[Nest] 5694  - [39m06/03/2026, 8:34:55 PM [32m    LOG[39m [38;5;3m[InstanceLoader] [39m[32mAuthModule dependencies initialized[39m[38;5;3m +0ms[39m
[32m[Nest] 5694  - [39m06/03/2026, 8:34:55 PM [32m    LOG[39m [38;5;3m[InstanceLoader] [39m[32mHealthModule dependencies initialized[39m[38;5;3m +0ms[39m
[32m[Nest] 5694  - [39m06/03/2026, 8:34:55 PM [32m    LOG[39m [38;5;3m[InstanceLoader] [39m[32mWebhookModule dependencies initialized[39m[38;5;3m +0ms[39m
[32m[Nest] 5694  - [39m06/03/2026, 8:34:55 PM [32m    LOG[39m [38;5;3m[InstanceLoader] [39m[32mAmoModule dependencies initialized[39m[38;5;3m +4ms[39m
[32m[Nest] 5694  - [39m06/03/2026, 8:34:55 PM [32m    LOG[39m [38;5;3m[InstanceLoader] [39m[32mAdminModule dependencies initialized[39m[38;5;3m +1ms[39m
[32m[Nest] 5694  - [39m06/03/2026, 8:34:55 PM [32m    LOG[39m [38;5;3m[InstanceLoader] [39m[32mLeadsModule dependencies initialized[39m[38;5;3m +0ms[39m
[32m[Nest] 5694  - [39m06/03/2026, 8:34:55 PM [32m    LOG[39m [38;5;3m[RoutesResolver] [39m[32mHealthController {/api/v1/health}:[39m[38;5;3m +12ms[39m
[32m[Nest] 5694  - [39m06/03/2026, 8:34:55 PM [32m    LOG[39m [38;5;3m[RouterExplorer] [39m[32mMapped {/api/v1/health, GET} route[39m[38;5;3m +2ms[39m
[32m[Nest] 5694  - [39m06/03/2026, 8:34:55 PM [32m    LOG[39m [38;5;3m[RoutesResolver] [39m[32mAuthController {/api/v1/auth}:[39m[38;5;3m +0ms[39m
[32m[Nest] 5694  - [39m06/03/2026, 8:34:55 PM [32m    LOG[39m [38;5;3m[RouterExplorer] [39m[32mMapped {/api/v1/auth/login, POST} route[39m[38;5;3m +0ms[39m
[32m[Nest] 5694  - [39m06/03/2026, 8:34:55 PM [32m    LOG[39m [38;5;3m[RouterExplorer] [39m[32mMapped {/api/v1/auth/register, POST} route[39m[38;5;3m +0ms[39m
[32m[Nest] 5694  - [39m06/03/2026, 8:34:55 PM [32m    LOG[39m [38;5;3m[RouterExplorer] [39m[32mMapped {/api/v1/auth/refresh, POST} route[39m[38;5;3m +0ms[39m
[32m[Nest] 5694  - [39m06/03/2026, 8:34:55 PM [32m    LOG[39m [38;5;3m[RouterExplorer] [39m[32mMapped {/api/v1/auth/logout, POST} route[39m[38;5;3m +0ms[39m
[32m[Nest] 5694  - [39m06/03/2026, 8:34:55 PM [32m    LOG[39m [38;5;3m[RouterExplorer] [39m[32mMapped {/api/v1/auth/password/forgot, POST} route[39m[38;5;3m +0ms[39m
[32m[Nest] 5694  - [39m06/03/2026, 8:34:55 PM [32m    LOG[39m [38;5;3m[RouterExplorer] [39m[32mMapped {/api/v1/auth/password/reset, POST} route[39m[38;5;3m +0ms[39m
[32m[Nest] 5694  - [39m06/03/2026, 8:34:55 PM [32m    LOG[39m [38;5;3m[RoutesResolver] [39m[32mLeadsController {/api/v1/leads}:[39m[38;5;3m +0ms[39m
[32m[Nest] 5694  - [39m06/03/2026, 8:34:55 PM [32m    LOG[39m [38;5;3m[RouterExplorer] [39m[32mMapped {/api/v1/leads, GET} route[39m[38;5;3m +0ms[39m
[32m[Nest] 5694  - [39m06/03/2026, 8:34:55 PM [32m    LOG[39m [38;5;3m[RouterExplorer] [39m[32mMapped {/api/v1/leads, POST} route[39m[38;5;3m +1ms[39m
[32m[Nest] 5694  - [39m06/03/2026, 8:34:55 PM [32m    LOG[39m [38;5;3m[RouterExplorer] [39m[32mMapped {/api/v1/leads/board, GET} route[39m[38;5;3m +0ms[39m
[32m[Nest] 5694  - [39m06/03/2026, 8:34:55 PM [32m    LOG[39m [38;5;3m[RouterExplorer] [39m[32mMapped {/api/v1/leads/:id, GET} route[39m[38;5;3m +0ms[39m
[32m[Nest] 5694  - [39m06/03/2026, 8:34:55 PM [32m    LOG[39m [38;5;3m[RouterExplorer] [39m[32mMapped {/api/v1/leads/:id/history, GET} route[39m[38;5;3m +0ms[39m
[32m[Nest] 5694  - [39m06/03/2026, 8:34:55 PM [32m    LOG[39m [38;5;3m[RouterExplorer] [39m[32mMapped {/api/v1/leads/:id/notes, GET} route[39m[38;5;3m +0ms[39m
[32m[Nest] 5694  - [39m06/03/2026, 8:34:55 PM [32m    LOG[39m [38;5;3m[RouterExplorer] [39m[32mMapped {/api/v1/leads/:id/notes, POST} route[39m[38;5;3m +0ms[39m
[32m[Nest] 5694  - [39m06/03/2026, 8:34:55 PM [32m    LOG[39m [38;5;3m[RoutesResolver] [39m[32mAmoController {/api/v1/amo-crm}:[39m[38;5;3m +0ms[39m
[32m[Nest] 5694  - [39m06/03/2026, 8:34:55 PM [32m    LOG[39m [38;5;3m[RouterExplorer] [39m[32mMapped {/api/v1/amo-crm/connect, GET} route[39m[38;5;3m +0ms[39m
[32m[Nest] 5694  - [39m06/03/2026, 8:34:55 PM [32m    LOG[39m [38;5;3m[RouterExplorer] [39m[32mMapped {/api/v1/amo-crm/callback, GET} route[39m[38;5;3m +0ms[39m
[32m[Nest] 5694  - [39m06/03/2026, 8:34:55 PM [32m    LOG[39m [38;5;3m[RouterExplorer] [39m[32mMapped {/api/v1/amo-crm/backfill, POST} route[39m[38;5;3m +0ms[39m
[32m[Nest] 5694  - [39m06/03/2026, 8:34:55 PM [32m    LOG[39m [38;5;3m[RouterExplorer] [39m[32mMapped {/api/v1/amo-crm/backfill-history, POST} route[39m[38;5;3m +0ms[39m
[32m[Nest] 5694  - [39m06/03/2026, 8:34:55 PM [32m    LOG[39m [38;5;3m[RouterExplorer] [39m[32mMapped {/api/v1/amo-crm/sources, GET} route[39m[38;5;3m +0ms[39m
[32m[Nest] 5694  - [39m06/03/2026, 8:34:55 PM [32m    LOG[39m [38;5;3m[RouterExplorer] [39m[32mMapped {/api/v1/amo-crm/tags, GET} route[39m[38;5;3m +0ms[39m
[32m[Nest] 5694  - [39m06/03/2026, 8:34:55 PM [32m    LOG[39m [38;5;3m[RouterExplorer] [39m[32mMapped {/api/v1/amo-crm/pipelines, GET} route[39m[38;5;3m +0ms[39m
[32m[Nest] 5694  - [39m06/03/2026, 8:34:55 PM [32m    LOG[39m [38;5;3m[RoutesResolver] [39m[32mAdminController {/api/v1/admin/partners}:[39m[38;5;3m +1ms[39m
[32m[Nest] 5694  - [39m06/03/2026, 8:34:55 PM [32m    LOG[39m [38;5;3m[RouterExplorer] [39m[32mMapped {/api/v1/admin/partners, GET} route[39m[38;5;3m +0ms[39m
[32m[Nest] 5694  - [39m06/03/2026, 8:34:55 PM [32m    LOG[39m [38;5;3m[RouterExplorer] [39m[32mMapped {/api/v1/admin/partners, POST} route[39m[38;5;3m +0ms[39m
[32m[Nest] 5694  - [39m06/03/2026, 8:34:55 PM [32m    LOG[39m [38;5;3m[RouterExplorer] [39m[32mMapped {/api/v1/admin/partners/:id, PUT} route[39m[38;5;3m +0ms[39m
[32m[Nest] 5694  - [39m06/03/2026, 8:34:55 PM [32m    LOG[39m [38;5;3m[RouterExplorer] [39m[32mMapped {/api/v1/admin/partners/:id, DELETE} route[39m[38;5;3m +0ms[32m[32m[Nest] 5694  - [39m06/03/2026, 8:34:55 PM [32m    LOG[39m [38;5;3m[RouterExplorer] [39m[32mMapped {/api/v1/admin/partners/sync, POST} route[39m[38;5;3m +0ms[[32m[Nest] 5723  - [39m06/03/2026, 8:34:55 PM [32m    LOG[39m [38;5;3m[RouterExplorer] [39m[32mMapped {/api/v1/admin/partners/sync, POST} route[39m[38;5;3m +1[32m[Nest] 5694  - [39m06/03/2026, 8:34:55 PM [32m    LOG[39m [38;5;3m[RouterExplorer] [39m[32mMapped {/api/v1/webhook/amocrm, POST} route[39m[38;5;3m +0ms[39m
[32m[Nest] 5723  - [39m06/03/2026, 8:34:55 PM [32m    LOG[39m [38;5;3m[RouterExplorer] [39m[32mMapped {/api/v1/webhook/amocrm, POST} route[39m[38;5;3m +0ms[39m
[32m[Nest] 5723  - [39m06/03/2026, 8:34:55 PM [32m    LOG[39m [38;5;3m[RoutesResolver] [39m[32mProfileController {/api/v1/profile}:[39m[38;5;3m +0ms[39m
[32m[Nest] 5723  - [39m06/03/2026, 8:34:55 PM [32m    LOG[39m [38;5;3m[RouterExplorer] [39m[32mMapped {/api/v1/profile, GET} route[39m[38;5;3m +0ms[39m
[32m[Nest] 5723  - [39m06/03/2026, 8:34:55 PM [32m    LOG[39m [38;5;3m[RouterExplorer] [39m[32mMapped {/api/v1/profile/notifications, PUT} route[39m[38;5;3m +1ms[39m
[32m[Nest] 5723  - [39m06/03/2026, 8:34:55 PM [32m    LOG[39m [38;5;3m[RouterExplorer] [39m[32mMapped {/api/v1/profile/password, PUT} route[39m[38;5;3m +0ms[39m
[32m[Nest] 5723  - [39m06/03/2026, 8:34:55 PM [32m    LOG[39m [38;5;3m[RoutesResolver] [39m[32mAnalyticsController {/api/v1/analytics}:[39m[38;5;3m +0ms[39m
[32m[Nest] 5723  - [39m06/03/2026, 8:34:55 PM [32m    LOG[39m [38;5;3m[RouterExplorer] [39m[32mMapped {/api/v1/analytics/dashboard, GET} route[39m[38;5;3m +0ms[39m
[32m[Nest] 5723  - [39m06/03/2026, 8:34:55 PM [32m    LOG[39m [38;5;3m[RoutesResolver] [39m[32mPayoutsController {/api/v1/payouts}:[39m[38;5;3m +0ms[39m
[32m[Nest] 5723  - [39m06/03/2026, 8:34:55 PM [32m    LOG[39m [38;5;3m[RouterExplorer] [39m[32mMapped {/api/v1/payouts, GET} route[39m[38;5;3m +0ms[39m
[32m[Nest] 5723  - [39m06/03/2026, 8:34:55 PM [32m    LOG[39m [38;5;3m[RouterExplorer] [39m[32mMapped {/api/v1/payouts/request, POST} route[39m[38;5;3m +0ms[39m
[32m[Nest] 5723  - [39m06/03/2026, 8:34:55 PM [32m    LOG[39m [38;5;3m[RoutesResolver] [39m[32mReferralsController {/api/v1/referrals}:[39m[38;5;3m +0m[32m[Nest] 5694  - [39m06/03/2026, 8:34:55 PM [32m    LOG[39m [38;5;3m[PrismaService] [39m[32mDatabase connected[39m
[32m[Nest] 5694  - [39m06/03/2026, 8:34:55 PM [32m    LOG[39m [38;5;3m[NestApplication] [39m[32mNest application successfully started[39m[38;5;3m +135ms[39m
[31m[Nest] 5694  - [39m06/03/2026, 8:34:55 PM [31m  ERROR[39m [38;5;3m[NestApplication] [39m[31mError: listen EADDRINUSE: address already in use :::3001[39m[38;5;3m +3ms[39m
node:net:1912
    const ex = new UV[2026-06-03T18:35:04.002Z] OPTIONS /api/v1/leads/47363406/notes - Query: {}
[2026-06-03T18:35:04.031Z] GET /api/v1/leads/47363406/notes - Query: {}
[2026-06-03T18:35:15.198Z] OPTIONS /api/v1/leads/47363406/notes - Query: {}
[2026-06-03T18:35:15.202Z] GET /api/v1/leads/47363406/notes - Query: {}
[2026-06-03T18:35:25.603Z] OPTIONS /api/v1/leads/47363406/notes - Query: {}
[2026-06-03T18:35:25.607Z] GET /api/v1/leads/47363406/notes - Query: {}
[2026-06-03T18:35:36.193Z] OPTIONS /api/v1/leads/47363406/notes - Query: {}
[2026-06-03T18:35:36.197Z] GET /api/v1/leads/47363406/notes - Query: {}
[2026-06-03T18:35:46.672Z] OPTIONS /api/v1/leads/47363406/notes - Query: {}
[2026-06-03T18:35:46.677Z] GET /api/v1/leads/47363406/notes - Query: {}
[2026-06-03T18:35:57.175Z] OPTIONS /api/v1/leads/47363406/notes - Query: {}
[2026-06-03T18:35:57.180Z] GET /api/v1/leads/47363406/note[2J[3J[H[[90m8:48:02 PM[0m] File change detected. Starting incremental compilation...

[[90m8:48:23 PM[0m] Found 0 errors. Watching for file changes.

[32m[Nest] 6723  - [39m06/03/2026, 8:48:35 PM [32m    LOG[39m [38;5;3m[NestFactory] [39m[32mStarting Nest application...[39m
[32m[Nest] 6723  - [39m06/03/2026, 8:48:36 PM [32m    LOG[39m [38;5;3m[InstanceLoader] [39m[32mAppModule dependencies initialized[39m[38;5;3m +157ms[39m
[32m[Nest] 6723  - [39m06/03/2026, 8:48:36 PM [32m    LOG[39m [38;5;3m[InstanceLoader] [39m[32mConfigModule dependencies initialized[39m[38;5;3m +0ms[39m
[32m[Nest] 6723  - [39m06/03/2026, 8:48:36 PM [32m    LOG[39m [38;5;3m[InstanceLoader] [39m[32mDatabaseModule dependencies initialized[39m[38;5;3m +77ms[39m
[32m[Nest] 6723  - [39m06/03/2026, 8:48:36 PM [32m    LOG[39m [38;5;3m[InstanceLoader] [39m[32mPassportModule dependencies initialized[39m[38;5;3m +1ms[39m
[32m[Nest] 6723  - [39m06/03/2026, 8:48:36 PM [32m    LOG[39m [38;5;3m[InstanceLoader] [39m[32mThrottlerModule dependencies initialized[39m[38;5;3m +201ms[39m
[32m[Nest] 6723  - [39m06/03/2026, 8:48:36 PM [32m    LOG[39m [38;5;3m[InstanceLoader] [39m[32mJwtModule dependencies initialized[39m[38;5;3m +0ms[39m
[32m[Nest] 6723  - [39m06/03/2026, 8:48:36 PM [32m    LOG[39m [38;5;3m[InstanceLoader] [39m[32mConfigHostModule dependencies initialized[39m[38;5;3m +1ms[39m
[32m[Nest] 6723  - [39m06/03/2026, 8:48:36 PM [32m    LOG[39m [38;5;3m[InstanceLoader] [39m[32mAuditModule dependencies initialized[39m[38;5;3m +0ms[39m
[32m[Nest] 6723  - [39m06/03/2026, 8:48:36 PM [32m    LOG[39m [38;5;3m[InstanceLoader] [39m[32mDiscoveryModule dependencies initialized[39m[38;5;3m +0ms[39m
[32m[Nest] 6723  - [39m06/03/2026, 8:48:36 PM [32m    LOG[39m [38;5;3m[InstanceLoader] [39m[32mTerminusModule dependencies initialized[39m[38;5;3m +1ms[39m
[32m[Nest] 6723  - [39m06/03/2026, 8:48:36 PM [32m    LOG[39m [38;5;3m[InstanceLoader] [39m[32mConfigModule dependencies initialized[39m[38;5;3m +0ms[39m
[32m[Nest] 6723  - [39m06/03/2026, 8:48:36 PM [32m    LOG[39m [38;5;3m[InstanceLoader] [39m[32mScheduleModule dependencies initialized[39m[38;5;3m +6ms[39m
[32m[Nest] 6723  - [39m06/03/2026, 8:48:36 PM [32m    LOG[39m [38;5;3m[InstanceLoader] [39m[32mRedisModule dependencies initialized[39m[38;5;3m +0ms[39m
[32m[Nest] 6723  - [39m06/03/2026, 8:48:36 PM [32m    LOG[39m [38;5;3m[InstanceLoader] [39m[32mEmailModule dependencies initialized[39m[38;5;3m +0ms[39m
[32m[Nest] 6723  - [39m06/03/2026, 8:48:36 PM [32m    LOG[39m [38;5;3m[InstanceLoader] [39m[32mProfileModule dependencies initialized[39m[38;5;3m +1ms[39m
[32m[Nest] 6723  - [39m06/03/2026, 8:48:36 PM [32m    LOG[39m [38;5;3m[InstanceLoader] [39m[32mAnalyticsModule dependencies initialized[39m[38;5;3m +0ms[39m
[32m[Nest] 6723  - [39m06/03/2026, 8:48:36 PM [32m    LOG[39m [38;5;3m[InstanceLoader] [39m[32mPayoutsModule dependencies initialized[39m[38;5;3m +0ms[39m
[32m[Nest] 6723  - [39m06/03/2026, 8:48:36 PM [32m    LOG[39m [38;5;3m[InstanceLoader] [39m[32mReferralsModule dependencies initialized[39m[38;5;3m +0ms[39m
[32m[Nest] 6723  - [39m06/03/2026, 8:48:36 PM [32m    LOG[39m [38;5;3m[InstanceLoader] [39m[32mAuthModule dependencies initialized[39m[38;5;3m +0ms[39m
[32m[Nest] 6723  - [39m06/03/2026, 8:48:36 PM [32m    LOG[39m [38;5;3m[InstanceLoader] [39m[32mHealthModule dependencies initialized[39m[38;5;3m +0ms[39m
[32m[Nest] 6723  - [39m06/03/2026, 8:48:36 PM [32m    LOG[39m [38;5;3m[InstanceLoader] [39m[32mWebhookModule dependencies initialized[39m[38;5;3m +0ms[39m
[32m[Nest] 6723  - [39m06/03/2026, 8:48:36 PM [32m    LOG[39m [38;5;3m[InstanceLoader] [39m[32mAmoModule dependencies initialized[39m[38;5;3m +0ms[39m
[32m[Nest] 6723  - [39m06/03/2026, 8:48:36 PM [32m    LOG[39m [38;5;3m[InstanceLoader] [39m[32mAdminModule dependencies initialized[39m[38;5;3m +0ms[39m
[32m[Nest] 6723  - [39m06/03/2026, 8:48:36 PM [32m    LOG[39m [38;5;3m[InstanceLoader] [39m[32mLeadsModule dependencies initialized[39m[38;5;3m +0ms[39m
[32m[Nest] 6723  - [39m06/03/2026, 8:48:36 PM [32m    LOG[39m [38;5;3m[RoutesResolver] [39m[32mHealthController {/api/v1/health}:[39m[38;5;3m +36ms[39m
[32m[Nest] 6723  - [39m06/03/2026, 8:48:36 PM [32m    LOG[39m [38;5;3m[RouterExplorer] [39m[32mMapped {/api/v1/health, GET} route[39m[38;5;3m +2ms[39m
[32m[Nest] 6723  - [39m06/03/2026, 8:48:36 PM [32m    LOG[39m [38;5;3m[RoutesResolver] [39m[32mAuthController {/api/v1/auth}:[39m[38;5;3m +0ms[39m
[32m[Nest] 6723  - [39m06/03/2026, 8:48:36 PM [32m    LOG[39m [38;5;3m[RouterExplorer] [39m[32mMapped {/api/v1/auth/login, POST} route[39m[38;5;3m +0ms[39m
[32m[Nest] 6723  - [39m06/03/2026, 8:48:36 PM [32m    LOG[39m [38;5;3m[RouterExplorer] [39m[32mMapped {/api/v1/auth/register, POST} route[39m[38;5;3m +1ms[39m
[32m[Nest] 6723  - [39m06/03/2026, 8:48:36 PM [32m    LOG[39m [38;5;3m[RouterExplorer] [39m[32mMapped {/api/v1/auth/refresh, POST} route[39m[38;5;3m +0ms[39m
[32m[Nest] 6723  - [39m06/03/2026, 8:48:36 PM [32m    LOG[39m [38;5;3m[RouterExplorer] [39m[32mMapped {/api/v1/auth/logout, POST} route[39m[38;5;3m +0ms[39m
[32m[Nest] 6723  - [39m06/03/2026, 8:48:36 PM [32m    LOG[39m [38;5;3m[RouterExplorer] [39m[32mMapped {/api/v1/auth/password/forgot, POST} route[39m[38;5;3m +9ms[39m
[32m[Nest] 6723  - [39m06/03/2026, 8:48:36 PM [32m    LOG[39m [38;5;3m[RouterExplorer] [39m[32mMapped {/api/v1/auth/password/reset, POST} route[39m[38;5;3m +0ms[39m
[32m[Nest] 6723  - [39m06/03/2026, 8:48:36 PM [32m    LOG[39m [38;5;3m[RoutesResolver] [39m[32mLeadsController {/api/v1/leads}:[39m[38;5;3m +1ms[39m
[32m[Nest] 6723  - [39m06/03/2026, 8:48:36 PM [32m    LOG[39m [38;5;3m[RouterExplorer] [39m[32mMapped {/api/v1/leads, GET} route[39m[38;5;3m +0ms[39m
[32m[Nest] 6723  - [39m06/03/2026, 8:48:36 PM [32m    LOG[39m [38;5;3m[RouterExplorer] [39m[32mMapped {/api/v1/leads, POST} route[39m[38;5;3m +1ms[39m
[32m[Nest] 6723  - [39m06/03/2026, 8:48:36 PM [32m    LOG[39m [38;5;3m[RouterExplorer] [39m[32mMapped {/api/v1/leads/board, GET} route[39m[38;5;3m +0ms[39m
[32m[Nest] 6723  - [39m06/03/2026, 8:48:36 PM [32m    LOG[39m [38;5;3m[RouterExplorer] [39m[32mMapped {/api/v1/leads/:id, GET} route[39m[38;5;3m +0ms[39m
[32m[Nest] 6723  - [39m06/03/2026, 8:48:36 PM [32m    LOG[39m [38;5;3m[RouterExplorer] [39m[32mMapped {/api/v1/leads/:id/history, GET} route[39m[38;5;3m +0ms[39m
[32m[Nest] 6723  - [39m06/03/2026, 8:48:36 PM [32m    LOG[39m [38;5;3m[RouterExplorer] [39m[32mMapped {/api/v1/leads/:id/notes, GET} route[39m[38;5;3m +0ms[39m
[32m[Nest] 6723  - [39m06/03/2026, 8:48:36 PM [32m    LOG[39m [38;5;3m[RouterExplorer] [39m[32mMapped {/api/v1/leads/:id/notes, POST} route[39m[38;5;3m +1ms[39m
[32m[Nest] 6723  - [39m06/03/2026, 8:48:36 PM [32m    LOG[39m [38;5;3m[RoutesResolver] [39m[32mAmoController {/api/v1/amo-crm}:[39m[38;5;3m +0ms[39m
[32m[Nest] 6723  - [39m06/03/2026, 8:48:36 PM [32m    LOG[39m [38;5;3m[RouterExplorer] [39m[32mMapped {/api/v1/amo-crm/connect, GET} route[39m[38;5;3m +0ms[39m
[32m[Nest] 6723  - [39m06/03/2026, 8:48:36 PM [32m    LOG[39m [38;5;3m[RouterExplorer] [39m[32mMapped {/api/v1/amo-crm/callback, GET} route[39m[38;5;3m +1ms[39m
[32m[Nest] 6723  - [39m06/03/2026, 8:48:36 PM [32m    LOG[39m [38;5;3m[RouterExplorer] [39m[32mMapped {/api/v1/amo-crm/backfill, POST} route[39m[38;5;3m +0ms[39m
[32m[Nest] 6723  - [39m06/03/2026, 8:48:36 PM [32m    LOG[39m [38;5;3m[RouterExplorer] [39m[32mMapped {/api/v1/amo-crm/backfill-history, POST} route[39m[38;5;3m +0ms[39m
[32m[Nest] 6723  - [39m06/03/2026, 8:48:36 PM [32m    LOG[39m [38;5;3m[RouterExplorer] [39m[32mMapped {/api/v1/amo-crm/sources, GET} route[39m[38;5;3m +0ms[39m
[32m[Nest] 6723  - [39m06/03/2026, 8:48:36 PM [32m    LOG[39m [38;5;3m[RouterExplorer] [39m[32mMapped {/api/v1/amo-crm/tags, GET} route[39m[38;5;3m +0ms[39m
[32m[Nest] 6723  - [39m06/03/2026, 8:48:36 PM [32m    LOG[39m [38;5;3m[RouterExplorer] [39m[32mMapped {/api/v1/amo-crm/pipelines, GET} route[39m[38;5;3m +0ms[39m
[32m[Nest] 6723  - [39m06/03/2026, 8:48:36 PM [32m    LOG[39m [38;5;3m[RoutesResolver] [39m[32mAdminController {/api/v1/admin/partners}:[39m[38;5;3m +0ms[39m
[32m[Nest] 6723  - [39m06/03/2026, 8:48:36 PM [32m    LOG[39m [38;5;3m[RouterExplorer] [39m[32mMapped {/api/v1/admin/partners, GET} route[39m[38;5;3m +0ms[39m
[32m[Nest] 6723  - [39m06/03/2026, 8:48:36 PM [32m    LOG[39m [38;5;3m[RouterExplorer] [39m[32mMapped {/api/v1/admin/partners, POST} route[39m[38;5;3m +0ms[39m
[32m[Nest] 6723  - [39m06/03/2026, 8:48:36 PM [32m    LOG[39m [38;5;3m[RouterExplorer] [39m[32mMapped {/api/v1/admin/partners/:id, PUT} route[39m[38;5;3m +0ms[39m
[32m[Nest] 6723  - [39m06/03/2026, 8:48:36 PM [32m    LOG[39m [38;5;3m[RouterExplorer] [39m[32mMapped {/api/v1/admin/partners/:id, DELETE} route[39m[38;5;3m +1ms[39m
[32m[Nest] 6723  - [39m06/03/2026, 8:48:36 PM [32m    LOG[39m [38;5;3m[RouterExplorer] [39m[32mMapped {/api/v1/admin/partners/sync, POST} route[39m[38;5;3m +0ms[39m
[32m[Nest] 6723  - [39m06/03/2026, 8:48:36 PM [32m    LOG[39m [38;5;3m[RoutesResolver] [39m[32mWebhookController {/api/v1/webhook}:[39m[38;5;3m +0ms[39m
[32m[Nest] 6723  - [39m06/03/2026, 8:48:36 PM [32m    LOG[39m [38;5;3m[RouterExplorer] [39m[32mMapped {/api/v1/webhook/amocrm, POST} route[39m[38;5;3m +0ms[39m
[32m[Nest] 6723  - [39m06/03/2026, 8:48:36 PM [32m    LOG[39m [38;5;3m[RoutesResolver] [39m[32mProfileController {/api/v1/profile}:[39m[38;5;3m +0ms[39m
[32m[Nest] 6723  - [39m06/03/2026, 8:48:36 PM [32m    LOG[39m [38;5;3m[RouterExplorer] [39m[32mMapped {/api/v1/profile, GET} route[39m[38;5;3m +0ms[39m
[32m[Nest] 6723  - [39m06/03/2026, 8:48:36 PM [32m    LOG[39m [38;5;3m[RouterExplorer] [39m[32mMapped {/api/v1/profile/notifications, PUT} route[39m[38;5;3m +0ms[39m
[32m[Nest] 6723  - [39m06/03/2026, 8:48:36 PM [32m    LOG[39m [38;5;3m[RouterExplorer] [39m[32mMapped {/api/v1/profile/password, PUT} route[39m[38;5;3m +0ms[39m
[32m[Nest] 6723  - [39m06/03/2026, 8:48:36 PM [32m    LOG[39m [38;5;3m[RoutesResolver] [39m[32mAnalyticsController {/api/v1/analytics}:[39m[38;5;3m +0ms[39m
[32m[Nest] 6723  - [39m06/03/2026, 8:48:36 PM [32m    LOG[39m [38;5;3m[RouterExplorer] [39m[32mMapped {/api/v1/analytics/dashboard, GET} route[39m[38;5;3m +0ms[39m
[32m[Nest] 6723  - [39m06/03/2026, 8:48:36 PM [32m    LOG[39m [38;5;3m[RoutesResolver] [39m[32mPayoutsController {/api/v1/payouts}:[39m[38;5;3m +0ms[39m
[32m[Nest] 6723  - [39m06/03/2026, 8:48:36 PM [32m    LOG[39m [38;5;3m[RouterExplorer] [39m[32mMapped {/api/v1/payouts, GET} route[39m[38;5;3m[32m[Nest] 6712  - [39m06/03/2026, 8:48:36 PM [32m    LOG[39m [38;5;3m[RoutesResolver] [39m[32mHealthController {/api/v1/health}:[39m[38;5;3m +64ms[39m
[32m[Nest] 6712  - [39m06/03/2026, 8:48:36 PM [32m    LOG[39m [38;5;3m[RouterExplorer] [39m[32mMapped {/api/v1/health, GET} route[39m[38;5;3m +2ms[39m
[32m[Nest] 6712  - [39m06/03/2026, 8:48:36 PM [32m    LOG[39m [38;5;3m[RoutesResolver] [39m[32mAuthController {/api/v1/auth}:[39m[38;5;3m +0ms[39m
[32m[Nest] 6712  - [39m06/03/20[32m[Nest] 6723  - [39m06/03/2026, 8:48:36 PM [32m    LOG[39m [38;5;3m[PrismaService] [39m[32mDatabase connected[39m
[32m[Nest] 6723  - [39m06/03/2026, 8:48:36 PM [32m    LOG[39m [38;5;3m[NestApplication] [39m[32mNest application successfully started[39m[38;5;3m +65ms[39m
[31m[Nest] 6723  - [39m06/03/2026, 8:48:36 PM [31m  ERROR[39m [38;5;3m[NestApplication] [39m[31mError: listen EADDRINUSE: address already in use :::3001[39m[38;5;3m +7ms[39m
node:net:1912
    const ex = new UVExceptionWithHostPort(err, 'listen', address, port);
               ^

Error: listen EADDRINUSE: address already in use :::3001
    at Server.setupListenHandle [as _listen2] (node:net:1912:16)
    at listenInCluster (node:net:1969:12)
    at Server.listen (node:net:2074:7)
    at ExpressAdapter.listen (/Users/vytvytskyi/foryou_partners/backend/node_modules/@nestjs/platform-express/adapters/express-adapter.js:95:32)
    at /Users/vytvytskyi/foryou_partners/backend/node_modules/@nestjs/core/nest-application.js:183:30
    at new Promise (<anonymous>)
    at NestApplication.listen (/Users/vytvytskyi/foryou_partners/backend/node_modules/@nestjs/core/nest-application.js:173:16)
    at async bootstrap (/Users/vytvytskyi/foryou_partners/backend/src/main.ts:75:3) {
  code: 'EADDRINUSE',
  errno: -48,
  syscall: 'listen',
  address: '::',
  port: 3001
}

Node.js v22.12.0
[2J[3J[H[[90m8:48:50 PM[0m] File change detected. Starting incremental compilation...

[96msrc/payouts/payouts.service.ts[0m:[93m84[0m:[93m9[0m - [91merror[0m[90m TS2322: [0mType 'string | null' is not assignable to type 'string | undefined'.
  Type 'null' is not assignable to type 'string | undefined'.

[7m84[0m         partnerId: user.partnerId,
[7m  [0m [91m        ~~~~~~~~~[0m

  [96mnode_modules/.prisma/client/index.d.ts[0m:[93m17709[0m:[93m5[0m
    [7m17709[0m     partnerId: string
    [7m     [0m [96m    ~~~~~~~~~[0m
    The expected type comes from property 'partnerId' which is declared here on type '(Without<PayoutCreateInput, PayoutUncheckedCreateInput> & PayoutUncheckedCreateInput) | (Without<...> & PayoutCreateInput)'

[[90m8:48:56 PM[0m] Found 1 error. Watching for file changes.

[2J[3J[H[[90m8:49:12 PM[0m] File change detected. Starting incremental compilation...

[[90m8:49:19 PM[0m] Found 0 errors. Watching for file changes.

[32m[Nest] 6769  - [39m06/03/2026, 8:49:38 PM [32m    LOG[39m [38;5;3m[NestFactory] [39m[32mStarting Nest application...[39m
[32m[Nest] 6769  - [39m06/03/2026, 8:49:39 PM [32m    LOG[39m [38;5;3m[InstanceLoader] [39m[32mAppModule dependencies initialized[39m[38;5;3m +261ms[39m
[32m[Nest] 6769  - [39m06/03/2026, 8:49:39 PM [32m    LOG[39m [38;5;3m[InstanceLoader] [39m[32mConfigModule dependencies initialized[39m[38;5;3m +0ms[39m
[32m[Nest] 6769  - [39m06/03/2026, 8:49:39 PM [32m    LOG[39m [38;5;3m[InstanceLoader] [39m[32mDatabaseModule dependencies initialized[39m[38;5;3m +185ms[39m
[32m[Nest] 6769  - [39m06/03/2026, 8:49:39 PM [32m    LOG[39m [38;5;3m[InstanceLoader] [39m[32mPassportModule dependencies initialized[39m[38;5;3m +1ms[39m
[32m[Nest] 6769  - [39m06/03/2026, 8:49:39 PM [32m    LOG[39m [38;5;3m[InstanceLoader] [39m[32mThrottlerModule dependencies initialized[39m[38;5;3m +143ms[39m
[32m[Nest] 6769  - [39m06/03/2026, 8:49:39 PM [32m    LOG[39m [38;5;3m[InstanceLoader] [39m[32mJwtModule dependencies initialized[39m[38;5;3m +1ms[39m
[32m[Nest] 6769  - [39m06/03/2026, 8:49:39 PM [32m    LOG[39m [38;5;3m[InstanceLoader] [39m[32mConfigHostModule dependencies initialized[39m[38;5;3m +6ms[39m
[32m[Nest] 6769  - [39m06/03/2026, 8:49:39 PM [32m    LOG[39m [38;5;3m[InstanceLoader] [39m[32mAuditModule dependencies initialized[39m[38;5;3m +0ms[39m
[32m[Nest] 6769  - [39m06/03/2026, 8:49:39 PM [32m    LOG[39m [38;5;3m[InstanceLoader] [39m[32mDiscoveryModule dependencies initialized[39m[38;5;3m +1ms[39m
[32m[Nest] 6769  - [39m06/03/2026, 8:49:39 PM [32m    LOG[39m [38;5;3m[InstanceLoader] [39m[32mTerminusModule dependencies initialized[39m[38;5;3m +4ms[39m
[32m[Nest] 6769  - [39m06/03/2026, 8:49:39 PM [32m    LOG[39m [38;5;3m[InstanceLoader] [39m[32mConfigModule dependencies initialized[39m[38;5;3m +1ms[39m
[32m[Nest] 6769  - [39m06/03/2026, 8:49:39 PM [32m    LOG[39m [38;5;3m[InstanceLoader] [39m[32mScheduleModule dependencies initialized[39m[38;5;3m +30ms[39m
[32m[Nest] 6769  - [39m06/03/2026, 8:49:39 PM [32m    LOG[39m [38;5;3m[InstanceLoader] [39m[32mRedisModule dependencies initialized[39m[38;5;3m +9ms[39m
[32m[Nest] 6769  - [39m06/03/2026, 8:49:39 PM [32m    LOG[39m [38;5;3m[InstanceLoader] [39m[32mEmailModule dependencies initialized[39m[38;5;3m +0ms[39m
[32m[Nest] 6769  - [39m06/03/2026, 8:49:39 PM [32m    LOG[39m [38;5;3m[InstanceLoader] [39m[32mProfileModule dependencies initialized[39m[38;5;3m +1ms[39m
[32m[Nest] 6769  - [39m06/03/2026, 8:49:39 PM [32m    LOG[39m [38;5;3m[InstanceLoader] [39m[32mAnalyticsModule dependencies initialized[39m[38;5;3m +0ms[39m
[32m[Nest] 6769  - [39m06/03/2026, 8:49:39 PM [32m    LOG[39m [38;5;3m[InstanceLoader] [39m[32mPayoutsModule dependencies initialized[39m[38;5;3m +0ms[39m
[32m[Nest] 6769  - [39m06/03/2026, 8:49:39 PM [32m    LOG[39m [38;5;3m[InstanceLoader] [39m[32mReferralsModule dependencies initialized[39m[38;5;3m +0ms[39m
[32m[Nest] 6769  - [39m06/03/2026, 8:49:39 PM [32m    LOG[39m [38;5;3m[InstanceLoader] [39m[32mAuthModule dependencies initialized[39m[38;5;3m +0ms[39m
[32m[Nest] 6769  - [39m06/03/2026, 8:49:39 PM [32m    LOG[39m [38;5;3m[InstanceLoader] [39m[32mHealthModule dependencies initialized[39m[38;5;3m +1ms[39m
[32m[Nest] 6769  - [39m06/03/2026, 8:49:39 PM [32m    LOG[39m [38;5;3m[InstanceLoader] [39m[32mWebhookModule dependencies initialized[39m[38;5;3m +0ms[39m
[32m[Nest] 6769  - [39m06/03/2026, 8:49:39 PM [32m    LOG[39m [38;5;3m[InstanceLoader] [39m[32mAmoModule dependencies initialized[39m[38;5;3m +2ms[39m
[32m[Nest] 6769  - [39m06/03/2026, 8:49:39 PM [32m    LOG[39m [38;5;3m[InstanceLoader] [39m[32mAdminModule dependencies initialized[39m[38;5;3m +0ms[39m
[32m[Nest] 6769  - [39m06/03/2026, 8:49:39 PM [32m    LOG[39m [38;5;3m[InstanceLoader] [39m[32mLeadsModule dependencies initialized[39m[38;5;3m +0ms[39m
[32m[Nest] 6769  - [39m06/03/2026, 8:49:39 PM [32m    LOG[39m [38;5;3m[RoutesResolver] [39m[32mHealthController {/api/v1/health}:[39m[38;5;3m +97ms[39m
[32m[Nest] 6769  - [39m06/03/2026, 8:49:39 PM [32m    LOG[39m [38;5;3m[RouterExplorer] [39m[32mMapped {/api/v1/health, GET} route[39m[38;5;3m +58ms[39m
[32m[Nest] 6769  - [39m06/03/2026, 8:49:39 PM [32m    LOG[39m [38;5;3m[RoutesResolver] [39m[32mAuthController {/api/v1/auth}:[39m[38;5;3m +2ms[39m
[32m[Nest] 6769  - [39m06/03/2026, 8:49:39 PM [32m    LOG[39m [38;5;3m[RouterExplorer] [39m[32mMapped {/api/v1/auth/login, POST} route[39m[38;5;3m +9ms[39m
[32m[Nest] 6769  - [39m06/03/2026, 8:49:39 PM [32m    LOG[39m [38;5;3m[RouterExplorer] [39m[32mMapped {/api/v1/auth/register, POST} route[39m[38;5;3m +0ms[39m
[32m[Nest] 6769  - [39m06/03/2026, 8:49:39 PM [32m    LOG[39m [38;5;3m[RouterExplorer] [39m[32mMapped {/api/v1/auth/refresh, POST} route[39m[38;5;3m +1ms[39m
[32m[Nest] 6769  - [39m06/03/2026, 8:49:39 PM [32m    LOG[39m [38;5;3m[RouterExplorer] [39m[32mMapped {/api/v1/auth/logout, POST} route[39m[38;5;3m +1ms[39m
[32m[Nest] 6769  - [39m06/03/2026, 8:49:39 PM [32m    LOG[39m [38;5;3m[RouterExplorer] [39m[32mMapped {/api/v1/auth/password/forgot, POST} route[39m[38;5;3m +1ms[39m
[32m[Nest] 6769  - [39m06/03/2026, 8:49:39 PM [32m    LOG[39m [38;5;3m[RouterExplorer] [39m[32mMapped {/api/v1/auth/password/reset, POST} route[39m[38;5;3m +1ms[39m
[32m[Nest] 6769  - [39m06/03/2026, 8:49:39 PM [32m    LOG[39m [38;5;3m[RoutesResolver] [39m[32mLeadsController {/api/v1/leads}:[39m[38;5;3m +0ms[39m
[32m[Nest] 6769  - [39m06/03/2026, 8:49:39 PM [32m    LOG[39m [38;5;3m[RouterExplorer] [39m[32mMapped {/api/v1/leads, GET} route[39m[38;5;3m +2ms[39m
[32m[Nest] 6769  - [39m06/03/2026, 8:49:39 PM [32m    LOG[39m [38;5;3m[RouterExplorer] [39m[32mMapped {/api/v1/leads, POST} route[39m[38;5;3m +1ms[39m
[32m[Nest] 6769  - [39m06/03/2026, 8:49:39 PM [32m    LOG[39m [38;5;3m[RouterExplorer] [39m[32mMapped {/api/v1/leads/board, GET} route[39m[38;5;3m +0ms[39m
[32m[Nest] 6769  - [39m06/03/2026, 8:49:39 PM [32m    LOG[39m [38;5;3m[RouterExplorer] [39m[32mMapped {/api/v1/leads/:id, GET} route[39m[38;5;3m +0ms[39m
[32m[Nest] 6769  - [39m06/03/2026, 8:49:39 PM [32m    LOG[39m [38;5;3m[RouterExplorer] [39m[32mMapped {/api/v1/leads/:id/history, GET} route[39m[38;5;3m +0ms[39m
[32m[Nest] 6769  - [39m06/03/2026, 8:49:39 PM [32m    LOG[39m [38;5;3m[RouterExplorer] [39m[32mMapped {/api/v1/leads/:id/notes, GET} route[39m[38;5;3m +0ms[39m
[32m[Nest] 6769  - [39m06/03/2026, 8:49:39 PM [32m    LOG[39m [38;5;3m[RouterExplorer] [39m[32mMapped {/api/v1/leads/:id/notes, POST} route[39m[38;5;3m +0ms[39m
[32m[Nest] 6769  - [39m06/03/2026, 8:49:39 PM [32m    LOG[39m [38;5;3m[RoutesResolver] [39m[32mAmoController {/api/v1/amo-crm}:[39m[38;5;3m +0ms[39m
[32m[Nest] 6769  - [39m06/03/2026, 8:49:39 PM [32m    LOG[39m [38;5;3m[RouterExplorer] [39m[32mMapped {/api/v1/amo-crm/connect, GET} route[39m[38;5;3m +1ms[39m
[32m[Nest] 6769  - [39m06/03/2026, 8:49:39 PM [32m    LOG[39m [38;5;3m[RouterExplorer] [39m[32mMapped {/api/v1/amo-crm/callback, GET} route[39m[38;5;3m +1ms[39m
[32m[Nest] 6769  - [39m06/03/2026, 8:49:39 PM [32m    LOG[39m [38;5;3m[RouterExplorer] [39m[32mMapped {/api/v1/amo-crm/backfill, POST} route[39m[38;5;3m +0ms[39m
[32m[Nest] 6769  - [39m06/03/2026, 8:49:39 PM [32m    LOG[39m [38;5;3m[RouterExplorer] [39m[32mMapped {/api/v1/amo-crm/backfill-history, POST} route[39m[38;5;3m +0ms[39m
[32m[Nest] 6769  - [39m06/03/2026, 8:49:39 PM [32m    LOG[39m [38;5;3m[RouterExplorer] [39m[32mMapped {/api/v1/amo-crm/sources, GET} route[39m[38;5;3m +11ms[39m
[32m[Nest] 6769  - [39m06/03/2026, 8:49:39 PM [32m    LOG[39m [38;5;3m[RouterExplorer] [39m[32mMapped {/api/v1/amo-crm/tags, GET} route[39m[38;5;3m +0ms[39m
[32m[Nest] 6769  - [39m06/03/2026, 8:49:39 PM [32m    LOG[39m [38;5;3m[RouterExplorer] [39m[32mMapped {/api/v1/amo-crm/pipelines, GET} route[39m[38;5;3m +1ms[39m
[32m[Nest] 6769  - [39m06/03/2026, 8:49:39 PM [32m    LOG[39m [38;5;3m[RoutesResolver] [39m[32mAdminController {/api/v1/admin/partners}:[39m[38;5;3m +0ms[39m
[32m[Nest] 6769  - [39m06/03/2026, 8:49:39 PM [32m    LOG[39m [38;5;3m[RouterExplorer] [39m[32mMapped {/api/v1/admin/partners, GET} route[39m[38;5;3m +0ms[39m
[32m[Nest] 6769  - [39m06/03/2026, 8:49:39 PM [32m    LOG[39m [38;5;3m[RouterExplorer] [39m[32mMapped {/api/v1/admin/partners, POST} route[39m[38;5;3m +0ms[39m
[32m[Nest] 6769  - [39m06/03/2026, 8:49:39 PM [32m    LOG[39m [38;5;3m[RouterExplorer] [39m[32mMapped {/api/v1/admin/partners/:id, PUT} route[39m[38;5;3m +0ms[39m
[32m[Nest] 6769  - [39m06/03/2026, 8:49:39 PM [32m    LOG[39m [38;5;3m[RouterExplorer] [39m[32mMapped {/api/v1/admin/partners/:id, DELETE} route[39m[38;5;3m +1ms[39m
[32m[Nest] 6769  - [39m06/03/2026, 8:49:39 PM [32m    LOG[39m [38;5;3m[RouterExplorer] [39m[32mMapped {/api/v1/admin/partners/sync, POST} route[39m[38;5;3m +0ms[39m
[32m[Nest] 6769  - [39m06/03/2026, 8:49:39 PM [32m    LOG[39m [38;5;3m[RoutesResolver] [39m[32mWebhookController {/api/v1/webhook}:[39m[38;5;3m +0ms[39m
[32m[Nest] 6769  - [39m06/03/2026, 8:49:39 PM [32m    LOG[39m [38;5;3m[RouterExplorer] [39m[32mMapped {/api/v1/webhook/amocrm, POST} route[39m[38;5;3m +0ms[39m
[32m[Nest] 6769  - [39m06/03/2026, 8:49:39 PM [32m    LOG[39m [38;5;3m[RoutesResolver] [39m[32mProfileController {/api/v1/profile}:[39m[38;5;3m +0ms[39m
[32m[Nest] 6769  - [39m06/03/2026, 8:49:39 PM [32m    LOG[39m [38;5;3m[RouterExplorer] [39m[32mMapped {/api/v1/profile, GET} route[39m[38;5;3m +1ms[39m
[32m[Nest] 6769  - [39m06/03/2026, 8:49:39 PM [32m    LOG[39m [38;5;3m[RouterExplorer] [39m[32mMapped {/api/v1/profile/notifications, PUT} route[39m[38;5;3m +0ms[39m
[32m[Nest] 6769  - [39m06/03/2026, 8:49:39 PM [32m    LOG[39m [38;5;3m[RouterExplorer] [39m[32mMapped {/api/v1/profile/password, PUT} route[39m[38;5;3m +1ms[39m
[32m[Nest] 6769  - [39m06/03/2026, 8:49:39 PM [32m    LOG[39m [38;5;3m[RoutesResolver] [39m[32mAnalyticsController {/api/v1/analytics}:[39m[38;5;3m +0ms[39m
[32m[Nest] 6769  - [39m06/03/2026, 8:49:39 PM [32m    LOG[39m [38;5;3m[RouterExplorer] [39m[32mMapped {/api/v1/analytics/dashboard, GET} route[39m[38;5;3m +0ms[39m
[32m[Nest] 6769  - [39m06/03/2026, 8:49:39 PM [32m    LOG[39m [38;5;3m[RoutesResolver] [39m[32mPayoutsController {/api/v1/payouts}:[39m[38;5;3m +0ms[39m
[32m[Nest] 6769  - [39m06/03/2026, 8:49:39 PM [32m    LOG[39m [38;5;3m[RouterExplorer] [39m[32mMapped {/api/v1/payouts, GET} route[39m[38;5;3m +0ms[39m
[32m[Nest] 6769  - [39m06/03/2026, 8:49:39 PM [32m    LOG[39m [38;5;3m[RouterExplorer] [39m[32mMapped {/api/v1/payouts/request, POST} route[39m[38;5;3m +1ms[39m
[32m[Nest] 6769  - [39m06/03/2026, 8:49:39 PM [32m    LOG[39m [38;5;3m[RoutesResolver] [39m[32mReferralsController {/api/v1/referrals}:[39m[38;5;3m +0ms[39m
[32m[Nest] 6769  - [39m06/03/2026, 8:49:39 PM [32m    LOG[39m [38;5;3m[RouterExplorer] [39m[32mMapped {/api/v1/referrals, GET} route[39m[38;5;3m +0ms[39m
/Users/vytvytskyi/foryou_partners/backend/node_modules/@prisma/client/runtime/library.js:112
You may have to run ${qe("prisma generate")} for your changes to take effect.`,this.config.clientVersion);return t}}parseEngineResponse(t){if(!t)throw new B("Response from the Engine was empty",{clientVersion:this.config.clientVersion});try{return JSON.parse(t)}catch{throw new B("Unable to JSON.parse response from engine",{clientVersion:this.config.clientVersion})}}async loadEngine(){if(!this.engine){this.QueryEngineConstructor||(this.library=await this.libraryLoader.loadLibrary(this.config),this.QueryEngineConstructor=this.library.QueryEngine);try{let t=new WeakRef(this),{adapter:r}=this.config;r&&Ae("Using driver adapter: %O",r),this.engine=new this.QueryEngineConstructor({datamodel:this.datamodel,env:process.env,logQueries:this.config.logQueries??!1,ignoreEnvVarErrors:!0,datasourceOverrides:this.datasourceOverrides??{},logLevel:this.logLevel,configDir:this.config.cwd,engineProtocol:"json"},n=>{t.deref()?.logger(n)},r)}catch(t){let r=t,n=this.parseInitError(r.message);throw typeof n=="string"?r:new R(n.message,this.config.clientVersion,n.error_code)}}}logger(t){let r=this.parseEngineResponse(t);if(r){if("span"in r){this.config.tracingHelper.createEngineSpan(r);return}r.level=r?.level.toLowerCase()??"unknown",fm(r)?this.logEmitter.emit("query",{timestamp:new Date,query:r.query,params:r.params,duration:Number(r.duration_ms),target:r.module_path}):gm(r)?this.loggerRustPanic=new le(lo(this,`${r.message}: ${r.reason} in ${r.file}:${r.line}:${r.column}`),this.config.clientVersion):this.logEmitter.emit(r.level,{timestamp:new Date,message:r.message,target:r.module_path})}}parseInitError(t){try{return JSON.parse(t)}catch{}return t}parseRequestError(t){try{return JSON.parse(t)}catch{}return t}onBeforeExit(){throw new Error('"beforeExit" hook is not applicable to the library engine since Prisma 5.0.0, it is only relevant and implemented for the binary engine. Please add your event listener to the `process` object directly instead.')}async start(){if(await this.libraryInstantiationPromise,await this.libraryStoppingPromise,this.libraryStartingPromise)return Ae(`library already starting, this.libraryStarted: ${this.libraryStarted}`),this.libraryStartingPromise;if(this.libraryStarted)return;let t=async()=>{Ae("library starting");try{let r={traceparent:this.config.tracingHelper.getTraceParent()};await this.engine?.connect(JSON.stringify(r)),this.libraryStarted=!0,Ae("library started")}catch(r){let n=this.parseInitError(r.message);throw typeof n=="string"?r:new R(n.message,this.config.clientVersion,n.error_code)}finally{this.libraryStartingPromise=void 0}};return this.libraryStartingPromise=this.config.tracingHelper.runInChildSpan("connect",t),this.libraryStartingPromise}async stop(){if(await this.libraryStartingPromise,await this.executingQueryPromise,this.libraryStoppingPromise)return Ae("library is already stopping"),this.libraryStoppingPromise;if(!this.libraryStarted)return;let t=async()=>{await new Promise(n=>setTimeout(n,5)),Ae("library stopping");let r={traceparent:this.config.tracingHelper.getTraceParent()};await this.engine?.disconnect(JSON.stringify(r)),this.libraryStarted=!1,this.libraryStoppingPromise=void 0,Ae("library stopped")};return this.libraryStoppingPromise=this.config.tracingHelper.runInChildSpan("disconnect",t),this.libraryStoppingPromise}version(){return this.versionInfo=this.library?.version(),this.versionInfo?.version??"unknown"}debugPanic(t){return this.library?.debugPanic(t)}async request(t,{traceparent:r,interactiveTransaction:n}){Ae(`sending request, this.libraryStarted: ${this.libraryStarted}`);let i=JSON.stringify({traceparent:r}),o=JSON.stringify(t);try{await this.start(),this.executingQueryPromise=this.engine?.query(o,i,n?.id),this.lastQuery=o;let s=this.parseEngineResponse(await this.executingQueryPromise);if(s.errors)throw s.errors.length===1?this.buildQueryError(s.errors[0]):new B(JSON.stringify(s.errors),{clientVersion:this.config.clientVersion});if(this.loggerRustPanic)throw this.loggerRustPanic;return{data:s,elapsed:0}}catch(s){if(s instanceof R)throw s;if(s.code==="GenericFailure"&&s.message?.startsWith("PANIC:"))throw new le(lo(this,s.message),this.config.clientVersion);let a=this.parseRequestError(s.message);throw typeof a=="string"?s:new B(`${a.message}
                                                                                                                                                                                                                                                                                                                                                                                                                                                                                                                                                                                                                                                                                                                                                                                                                                                                                                                                                                                                                                                            

PrismaClientInitializationError: Can't reach database server at `localhost:5433`

Please make sure your database server is running at `localhost:5433`.
    at t (/Users/vytvytskyi/foryou_partners/backend/node_modules/@prisma/client/runtime/library.js:112:2488)
    at async Proxy.onModuleInit (/Users/vytvytskyi/foryou_partners/backend/src/database/prisma.service.ts:19:5)
    at async Promise.all (index 0)
    at async callModuleInitHook (/Users/vytvytskyi/foryou_partners/backend/node_modules/@nestjs/core/hooks/on-module-init.hook.js:43:5)
    at async NestApplication.callInitHook (/Users/vytvytskyi/foryou_partners/backend/node_modules/@nestjs/core/nest-application-context.js:234:13)
    at async NestApplication.init (/Users/vytvytskyi/foryou_partners/backend/node_modules/@nestjs/core/nest-application.js:100:9)
    at async NestApplication.listen (/Users/vytvytskyi/foryou_partners/backend/node_modules/@nestjs/core/nest-application.js:170:13)
    at async bootstrap (/Users/vytvytskyi/foryou_partners/backend/src/main.ts:75:3) {
  clientVersion: '5.22.0',
  errorCode: 'P1001'
}

Node.js v22.12.0
[2J[3J[H[[90m8:55:50 PM[0m] File change detected. Starting incremental compilation...

[[90m8:55:58 PM[0m] Found 0 errors. Watching for file changes.

[32m[Nest] 7222  - [39m06/03/2026, 8:56:23 PM [32m    LOG[39m [38;5;3m[NestFactory] [39m[32mStarting Nest application...[39m
[32m[Nest] 7222  - [39m06/03/2026, 8:56:23 PM [32m    LOG[39m [38;5;3m[InstanceLoader] [39m[32mAppModule dependencies initialized[39m[38;5;3m +154ms[39m
[32m[Nest] 7222  - [39m06/03/2026, 8:56:23 PM [32m    LOG[39m [38;5;3m[InstanceLoader] [39m[32mConfigModule dependencies initialized[39m[38;5;3m +0ms[39m
[32m[Nest] 7222  - [39m06/03/2026, 8:56:24 PM [32m    LOG[39m [38;5;3m[InstanceLoader] [39m[32mDatabaseModule dependencies initialized[39m[38;5;3m +116ms[39m
[32m[Nest] 7222  - [39m06/03/2026, 8:56:24 PM [32m    LOG[39m [38;5;3m[InstanceLoader] [39m[32mPassportModule dependencies initialized[39m[38;5;3m +1ms[39m
[32m[Nest] 7222  - [39m06/03/2026, 8:56:24 PM [32m    LOG[39m [38;5;3m[InstanceLoader] [39m[32mThrottlerModule dependencies initialized[39m[38;5;3m +104ms[39m
[32m[Nest] 7222  - [39m06/03/2026, 8:56:24 PM [32m    LOG[39m [38;5;3m[InstanceLoader] [39m[32mJwtModule dependencies initialized[39m[38;5;3m +0ms[39m
[32m[Nest] 7222  - [39m06/03/2026, 8:56:24 PM [32m    LOG[39m [38;5;3m[InstanceLoader] [39m[32mConfigHostModule dependencies initialized[39m[38;5;3m +0ms[39m
[32m[Nest] 7222  - [39m06/03/2026, 8:56:24 PM [32m    LOG[39m [38;5;3m[InstanceLoader] [39m[32mAuditModule dependencies initialized[39m[38;5;3m +0ms[39m
[32m[Nest] 7222  - [39m06/03/2026, 8:56:24 PM [32m    LOG[39m [38;5;3m[InstanceLoader] [39m[32mDiscoveryModule dependencies initialized[39m[38;5;3m +1ms[39m
[32m[Nest] 7222  - [39m06/03/2026, 8:56:24 PM [32m    LOG[39m [38;5;3m[InstanceLoader] [39m[32mTerminusModule dependencies initialized[39m[38;5;3m +1ms[39m
[32m[Nest] 7222  - [39m06/03/2026, 8:56:24 PM [32m    LOG[39m [38;5;3m[InstanceLoader] [39m[32mConfigModule dependencies initialized[39m[38;5;3m +0ms[39m
[32m[Nest] 7222  - [39m06/03/2026, 8:56:24 PM [32m    LOG[39m [38;5;3m[InstanceLoader] [39m[32mScheduleModule dependencies initialized[39m[38;5;3m +10ms[39m
[32m[Nest] 7222  - [39m06/03/2026, 8:56:24 PM [32m    LOG[39m [38;5;3m[InstanceLoader] [39m[32mRedisModule dependencies initialized[39m[38;5;3m +3ms[39m
[32m[Nest] 7222  - [39m06/03/2026, 8:56:24 PM [32m    LOG[39m [38;5;3m[InstanceLoader] [39m[32mEmailModule dependencies initialized[39m[38;5;3m +0ms[39m
[32m[Nest] 7222  - [39m06/03/2026, 8:56:24 PM [32m    LOG[39m [38;5;3m[InstanceLoader] [39m[32mProfileModule dependencies initialized[39m[38;5;3m +2ms[39m
[32m[Nest] 7222  - [39m06/03/2026, 8:56:24 PM [32m    LOG[39m [38;5;3m[InstanceLoader] [39m[32mAnalyticsModule dependencies initialized[39m[38;5;3m +0ms[39m
[32m[Nest] 7222  - [39m06/03/2026, 8:56:24 PM [32m    LOG[39m [38;5;3m[InstanceLoader] [39m[32mPayoutsModule dependencies initialized[39m[38;5;3m +0ms[39m
[32m[Nest] 7222  - [39m06/03/2026, 8:56:24 PM [32m    LOG[39m [38;5;3m[InstanceLoader] [39m[32mReferralsModule dependencies initialized[39m[38;5;3m +0ms[39m
[32m[Nest] 7222  - [39m06/03/2026, 8:56:24 PM [32m    LOG[39m [38;5;3m[InstanceLoader] [39m[32mAuthModule dependencies initialized[39m[38;5;3m +0ms[39m
[32m[Nest] 7222  - [39m06/03/2026, 8:56:24 PM [32m    LOG[39m [38;5;3m[InstanceLoader] [39m[32mHealthModule dependencies initialized[39m[38;5;3m +0ms[39m
[32m[Nest] 7222  - [39m06/03/2026, 8:56:24 PM [32m    LOG[39m [38;5;3m[InstanceLoader] [39m[32mWebhookModule dependencies initialized[39m[38;5;3m +0ms[39m
[32m[Nest] 7222  - [39m06/03/2026, 8:56:24 PM [32m    LOG[39m [38;5;3m[InstanceLoader] [39m[32mAmoModule dependencies initialized[39m[38;5;3m +1ms[39m
[32m[Nest] 7222  - [39m06/03/2026, 8:56:24 PM [32m    LOG[39m [38;5;3m[InstanceLoader] [39m[32mAdminModule dependencies initialized[39m[38;5;3m +0ms[39m
[32m[Nest] 7222  - [39m06/03/2026, 8:56:24 PM [32m    LOG[39m [38;5;3m[InstanceLoader] [39m[32mLeadsModule dependencies initialized[39m[38;5;3m +0ms[39m
[32m[Nest] 7222  - [39m06/03/2026, 8:56:24 PM [32m    LOG[39m [38;5;3m[RoutesResolver] [39m[32mHealthController {/api/v1/health}:[39m[38;5;3m +32ms[39m
[32m[Nest] 7222  - [39m06/03/2026, 8:56:24 PM [32m    LOG[39m [38;5;3m[RouterExplorer] [39m[32mMapped {/api/v1/health, GET} route[39m[38;5;3m +14ms[39m
[32m[Nest] 7222  - [39m06/03/2026, 8:56:24 PM [32m    LOG[39m [38;5;3m[RoutesResolver] [39m[32mAuthController {/api/v1/auth}:[39m[38;5;3m +0ms[39m
[32m[Nest] 7222  - [39m06/03/2026, 8:56:24 PM [32m    LOG[39m [38;5;3m[RouterExplorer] [39m[32mMapped {/api/v1/auth/login, POST} route[39m[38;5;3m +1ms[39m
[32m[Nest] 7222  - [39m06/03/2026, 8:56:24 PM [32m    LOG[39m [38;5;3m[RouterExplorer] [39m[32mMapped {/api/v1/auth/register, POST} route[39m[38;5;3m +0ms[39m
[32m[Nest] 7222  - [39m06/03/2026, 8:56:24 PM [32m    LOG[39m [38;5;3m[RouterExplorer] [39m[32mMapped {/api/v1/auth/refresh, POST} route[39m[38;5;3m +1ms[39m
[32m[Nest] 7222  - [39m06/03/2026, 8:56:24 PM [32m    LOG[39m [38;5;3m[RouterExplorer] [39m[32mMapped {/api/v1/auth/logout, POST} route[39m[38;5;3m +1ms[39m
[32m[Nest] 7222  - [39m06/03/2026, 8:56:24 PM [32m    LOG[39m [38;5;3m[RouterExplorer] [39m[32mMapped {/api/v1/auth/password/forgot, POST} route[39m[38;5;3m +0ms[39m
[32m[Nest] 7222  - [39m06/03/2026, 8:56:24 PM [32m    LOG[39m [38;5;3m[RouterExplorer] [39m[32mMapped {/api/v1/auth/password/reset, POST} route[39m[38;5;3m +0ms[39m
[32m[Nest] 7222  - [39m06/03/2026, 8:56:24 PM [32m    LOG[39m [38;5;3m[RoutesResolver] [39m[32mLeadsController {/api/v1/leads}:[39m[38;5;3m +0ms[39m
[32m[Nest] 7222  - [39m06/03/2026, 8:56:24 PM [32m    LOG[39m [38;5;3m[RouterExplorer] [39m[32mMapped {/api/v1/leads, GET} route[39m[38;5;3m +0ms[39m
[32m[Nest] 7222  - [39m06/03/2026, 8:56:24 PM [32m    LOG[39m [38;5;3m[RouterExplorer] [39m[32mMapped {/api/v1/leads, POST} route[39m[38;5;3m +0ms[39m
[32m[Nest] 7222  - [39m06/03/2026, 8:56:24 PM [32m    LOG[39m [38;5;3m[RouterExplorer] [39m[32mMapped {/api/v1/leads/board, GET} route[39m[38;5;3m +0ms[39m
[32m[Nest] 7222  - [39m06/03/2026, 8:56:24 PM [32m    LOG[39m [38;5;3m[RouterExplorer] [39m[32mMapped {/api/v1/leads/:id, GET} route[39m[38;5;3m +1ms[39m
[32m[Nest] 7222  - [39m06/03/2026, 8:56:24 PM [32m    LOG[39m [38;5;3m[RouterExplorer] [39m[32mMapped {/api/v1/leads/:id/history, GET} route[39m[38;5;3m +0ms[39m
[32m[Nest] 7222  - [39m06/03/2026, 8:56:24 PM [32m    LOG[39m [38;5;3m[RouterExplorer] [39m[32mMapped {/api/v1/leads/:id/notes, GET} route[39m[38;5;3m +0ms[39m
[32m[Nest] 7222  - [39m06/03/2026, 8:56:24 PM [32m    LOG[39m [38;5;3m[RouterExplorer] [39m[32mMapped {/api/v1/leads/:id/notes, P[32m[Nest] 7258  - [39m06/03/2026, 8:56:26 PM [32m    LOG[39m [38;5;3m[NestFactory] [39m[32mStarting Nest application...[39m
[32m[Nest] 7258  - [39m06/03/2026, 8:56:26 PM [32m    LOG[39m [38;5;3m[InstanceLoader] [39m[32mAppModule dependencies initialized[39m[38;5;3m +17ms[39m
[32m[Nest] 7258  - [39m06/03/2026, 8:56:26 PM [32m    LOG[39m [38;5;3m[InstanceLoader] [39m[32mConfigModule dependencies initialized[39m[38;5;3m +0ms[39m
[32m[Nest] 7258  - [39m06/03/2026, 8:56:26 PM [32m    LOG[39m [38;5;3m[InstanceLoader] [39m[32mDatabaseModule dependencies initialized[39m[38;5;3m +4ms[39m
[32m[Nest] 7258  - [39m06/03/2026, 8:56:26 PM [32m    LOG[39m [38;5;3m[InstanceLoader] [39m[32mPassportModule dependencies initialized[39m[38;5;3m +0ms[39m
[32m[Nest] 7258  - [39m06/03/2026, 8:56:26 PM [32m    LOG[39m [38;5;3m[InstanceLoader] [39m[32mThrottlerModule dependencies initialized[39m[38;5;3m +1ms[39m
[32m[Nest] 7258  - [39m06/03/2026, 8:56:26 PM [32m    LOG[39m [38;5;3m[InstanceLoader] [39m[32mJwtModule dependencies initialized[39m[38;5;3m +0ms[39m
[32m[Nest] 7258  - [39m06/03/2026, 8:56:26 PM [32m    LOG[39m [38;5;3m[InstanceLoader] [39m[32mConfigHostModule dependencies initialized[39m[38;5;3m +1ms[39m
[32m[Nest] 7258  - [39m06/03/2026, 8:56:26 PM [32m    LOG[39m [38;5;3m[InstanceLoader] [39m[32mAuditModule dependencies initialized[39m[38;5;3m +0ms[39m
[32m[Nest] 7258  - [39m06/03/2026, 8:56:26 PM [32m    LOG[39m [38;5;3m[InstanceLoader] [39m[32mDiscoveryModule dependencies initialized[39m[38;5;3m +0ms[39m
[32m[Nest] 7258  - [39m06/03/2026, 8:56:26 PM [32m    LOG[39m [38;5;3m[InstanceLoader] [39m[32mTerminusModule dependencies initialized[39m[38;5;3m +0ms[39m
[32m[Nest] 7258  - [39m06/03/2026, 8:56:26 PM [32m    LOG[39m [38;5;3m[InstanceLoader] [39m[32mConfigModule dependencies initialized[39m[38;5;3m +0ms[39m
[32m[Nest] 7258  - [39m06/03/2026, 8:56:26 PM [32m    LOG[39m [38;5;3m[InstanceLoader] [39m[32mScheduleModule dependencies initialized[39m[38;5;3m +1ms[39m
[32m[Nest] 7258  - [39m06/03/2026, 8:56:26 PM [32m    LOG[39m [38;5;3m[InstanceLoader] [39m[32mRedisModule dependencies initialized[39m[38;5;3m +0ms[39m
[32m[Nest] 7258  - [39m06/03/2026, 8:56:26 PM [32m    LOG[39m [38;5;3m[InstanceLoader] [39m[32mEmailModule dependencies initialized[39m[38;5;3m +0ms[39m
[32m[Nest] 7258  - [39m06/03/2026, 8:56:26 PM [32m    LOG[39m [38;5;3m[InstanceLoader] [39m[32mProfileModule dependencies initialized[39m[38;5;3m +0ms[39m
[32m[Nest] 7258  - [39m06/03/2026, 8:56:26 PM [32m    LOG[39m [38;5;3m[InstanceLoader] [39m[32mAnalyticsModule dependencies initialized[39m[38;5;3m +0ms[39m
[32m[Nest] 7258  - [39m06/03/2026, 8:56:26 PM [32m    LOG[39m [38;5;3m[InstanceLoader] [39m[32mPayoutsModule dependencies initialized[39m[38;5;3m +0ms[39m
[32m[Nest] 7258  - [39m06/03/2026, 8:56:26 PM [32m    LOG[39m [38;5;3m[InstanceLoader] [39m[32mReferralsModule dependencies initialized[39m[38;5;3m +0ms[39m
[32m[Nest] 7258  - [39m06/03/2026, 8:56:26 PM [32m    LOG[39m [38;5;3m[InstanceLoader] [39m[32mAuthModule dependencies initialized[39m[38;5;3m +1ms[39m
[32m[Nest] 7258  - [39m06/03/2026, 8:56:26 PM [32m    LOG[39m [38;5;3m[InstanceLoader] [39m[32mHealthModule dependencies initialized[39m[38;5;3m +0ms[39m
[32m[Nest] 7258  - [39m06/03/2026, 8:56:26 PM [32m    LOG[39m [38;5;3m[InstanceLoader] [39m[32mWebhookModule dependencies initialized[39m[38;5;3m +0ms[39m
[32m[Nest] 7258  - [39m06/03/2026, 8:56:26 PM [32m    LOG[39m [38;5;3m[InstanceLoader] [39m[32mAmoModule dependencies initialized[39m[38;5;3m +0ms[39m
[32m[Nest] 7258  - [39m06/03/2026, 8:56:26 PM [32m    LOG[39m [38;5;3m[InstanceLoader] [39m[32mAdminModule dependencies initialized[39m[38;5;3m +0ms[39m
[32m[Nest] 7258  - [39m06/03/2026, 8:56:26 PM [32m    LOG[39m [38;5;3m[InstanceLoader] [39m[32mLeadsModule dependencies initialized[39m[38;5;3m +0ms[39m
[32m[Nest] 7258  - [39m06/03/2026, 8:56:26 PM [32m    LOG[39m [38;5;3m[RoutesResolver] [39m[32mHealthController {/api/v1/health}:[39m[38;5;3m +3ms[39m
[32m[Nest] 7258  - [39m06/03/2026, 8:56:26 PM [32m    LOG[39m [38;5;3m[RouterExplorer] [39m[32mMapped {/api/v1/health, GET} route[39m[38;5;3m +0ms[39m
[32m[Nest] 7258  - [39m06/03/2026, 8:56:26 PM [32m    LOG[39m [38;5;3m[RoutesResolver] [39m[32mAuthController {/api/v1/auth}:[39m[38;5;3m +0ms[39m
[32m[Nest] 7258  - [39m06/03/2026, 8:56:26 PM [32m    LOG[39m [38;5;3m[RouterExplorer] [39m[32mMapped {/api/v1/auth/login, POST} route[39m[38;5;3m +1ms[39m
[32m[Nest] 7258  - [39m06/03/2026, 8:56:26 PM [32m    LOG[39m [38;5;3m[RouterExplorer] [39m[32mMapped {/api/v1/auth/register, POST} route[39m[38;5;3m +0ms[39m
[32m[Nest] 7258  - [39m06/03/2026, 8:56:26 PM [32m    LOG[39m [38;5;3m[RouterExplorer] [39m[32mMapped {/api/v1/auth/refresh, POST} route[39m[38;5;3m +0ms[39m
[32m[Nest] 7258  - [39m06/03/2026, 8:56:26 PM [32m    LOG[39m [38;5;3m[RouterExplorer] [39m[32mMapped {/api/v1/auth/logout, POST} route[39m[38;5;3m +0ms[39m
[32m[Nest] 7258  - [39m06/03/2026, 8:56:26 PM [32m    LOG[39m [38;5;3m[RouterExplorer] [39m[32mMapped {/api/v1/auth/password/forgot, POST} route[39m[38;5;3m +0ms[39m
[32m[Nest] 7258  - [39m06/03/2026, 8:56:26 PM [32m    LOG[39m [38;5;3m[RouterExplorer] [39m[32mMapped {/api/v1/auth/password/reset, POST} route[39m[38;5;3m +0ms[39m
[32m[Nest] 7258  - [39m06/03/2026, 8:56:26 PM [32m    LOG[39m [38;5;3m[RoutesResolver] [39m[32mLeadsController {/api/v1/leads}:[39m[38;5;3m +0ms[39m
[32m[Nest] 7258  - [39m06/03/2026, 8:56:26 PM [32m    LOG[39m [38;5;3m[RouterExplorer] [39m[32mMapped {/api/v1/leads, GET} route[39m[38;5;3m +0ms[39m
[32m[Nest] 7258  - [39m06/03/2026, 8:56:26 PM [32m    LOG[39m [38;5;3m[RouterExplorer] [39m[32mMapped {/api/v1/leads, POST} route[39m[38;5;3m +1ms[39m
[32m[Nest] 7258  - [39m06/03/2026, 8:56:26 PM [32m    LOG[39m [38;5;3m[RouterExplorer] [39m[32mMapped {/api/v1/leads/board, GET} route[39m[38;5;3m +0ms[39m
[32m[Nest] 7258  - [39m06/03/2026, 8:56:26 PM [32m    LOG[39m [38;5;3m[RouterExplorer] [39m[32mMapped {/api/v1/leads/:id, GET} route[39m[38;5;3m +0ms[39m
[32m[Nest] 7258  - [39m06/03/2026, 8:56:26 PM [32m    LOG[39m [38;5;3m[RouterExplorer] [39m[32mMapped {/api/v1/leads/:id/history, GET} route[39m[38;5;3m +0ms[39m
[32m[Nest] 7258  - [39m06/03/2026, 8:56:26 PM [32m    LOG[39m [38;5;3m[RouterExplorer] [39m[32mMapped {/api/v1/leads/:id/notes, GET} route[39m[38;5;3m +0ms[39m
[32m[Nest] 7258  - [39m06/03/2026, 8:56:26 PM [32m    LOG[39m [38;5;3m[RouterExplorer] [39m[32mMapped {/api/v1/leads/:id/notes, POST} route[39m[38;5;3m +0ms[39m
[32m[Nest] 7258  - [39m06/03/2026, 8:56:26 PM [32m    LOG[39m [38;5;3m[RoutesResolver] [39m[32mAmoController {/api/v1/amo-crm}:[39m[38;5;3m +0ms[39m
[32m[Nest] 7258  - [39m06/03/2026, 8:56:26 PM [32m    LOG[39m [38;5;3m[RouterExplorer] [39m[32mMapped {/api/v1/amo-crm/connect, GET} route[39m[38;5;3m +0ms[39m
[32m[Nest] 7258  - [39m06/03/2026, 8:56:26 PM [32m    LOG[39m [38;5;3m[RouterExplorer] [39m[32mMapped {/api/v1/amo-crm/callback, GET} route[39m[38;5;3m +0ms[39m
[32m[Nest] 7258  - [39m06/03/2026, 8:56:26 PM [32m    LOG[39m [38;5;3m[RouterExplorer] [39m[32mMapped {/api/v1/amo-crm/backfill, POST} route[39m[38;5;3m +0ms[39m
[32m[Nest] 7258  - [39m06/03/2026, 8:56:26 PM [32m    LOG[39m [38;5;3m[RouterExplorer] [39m[32mMapped {/api/v1/amo-crm/backfill-history, POST} route[39m[38;5;3m +0ms[39m
[32m[Nest] 7258  - [39m06/03/2026, 8:56:26 PM [32m    LOG[39m [38;5;3m[RouterExplorer] [39m[32mMapped {/api/v1/amo-crm/sources, GET} route[39m[38;5;3m +0ms[39m
[32m[Nest] 7258  - [39m06/03/2026, 8:56:26 PM [32m    LOG[39m [38;5;3m[RouterExplorer] [39m[32mMapped {/api/v1/amo-crm/tags, GET} route[39m[38;5;3m +0ms[39m
[32m[Nest] 7258  - [39m06/03/2026, 8:56:26 PM [32m    LOG[39m [38;5;3m[RouterExplorer] [39m[32mMapped {/api/v1/amo-crm/pipelines, GET} route[39m[38;5;3m +0ms[39m
[32m[Nest] 7258  - [39m06/03/2026, 8:56:26 PM [32m    LOG[39m [38;5;3m[RoutesResolver] [39m[32mAdminController {/api/v1/admin/partners}:[39m[38;5;3m +0ms[39m
[32m[Nest] 7258  - [39m06/03/2026, 8:56:26 PM [32m    LOG[39m [38;5;3m[RouterExplorer] [39m[32mMapped {/api/v1/admin/partners, GET} route[39m[38;5;3m +0ms[39m
[32m[Nest] 7258  - [39m06/03/2026, 8:56:26 PM [32m    LOG[39m [38;5;3m[RouterExplorer] [39m[32mMapped {/api/v1/admin/partners, POST} route[39m[38;5;3m +1ms[39m
[32m[Nest] 7258  - [39m06/03/2026, 8:56:26 PM [32m    LOG[39m [38;5;3m[RouterExplorer] [39m[32mMapped {/api/v1/admin/partners/:id, PUT} route[39m[38;5;3m +0ms[39m
[32m[Nest] 7258  - [39m06/03/2026, 8:56:26 PM [32m    LOG[39m [38;5;3m[RouterExplorer] [39m[32mMapped {/api/v1/admin/partners/:id, DELETE} route[39m[38;5;3m +0ms[39m
[32m[Nest] 7258  - [39m06/03/2026, 8:56:26 PM [32m    LOG[39m [38;5;3m[RouterExplorer] [39m[32mMapped {/api/v1/admin/partners/sync, POST} route[39m[38;5;3m +0ms[39m
[32m[Nest] 7258  - [39m06/03/2026, 8:56:26 PM [32m    LOG[39m [38;5;3m[RoutesResolver] [39m[32mWebhookController {/api/v1/webhook}:[39m[38;5;3m +0ms[39m
[32m[Nest] 7258  - [39m06/03/2026, 8:56:26 PM [32m    LOG[39m [38;5;3m[RouterExplorer] [39m[32mMapped {/api/v1/webhook/amocrm, POST} route[39m[38;5;3m +0ms[39m
[32m[Nest] 7258  - [39m06/03/2026, 8:56:26 PM [32m    LOG[39m [38;5;3m[RoutesResolver] [39m[32mProfileController {/api/v1/profile}:[39m[38;5;3m +0ms[39m
[32m[Nest] 7258  - [39m06/03/2026, 8:56:26 PM [32m    LOG[39m [38;5;3m[RouterExplorer] [39m[32mMapped {/api/v1/profile, GET} route[39m[38;5;3m +0ms[39m
[32m[Nest] 7258  - [39m06/03/2026, 8:56:26 PM [32m    LOG[39m [38;5;3m[RouterExplorer] [39m[32mMapped {/api/v1/profile/notifications, PUT} route[39m[38;5;3m +0ms[39m
[32m[Nest] 7258  - [39m06/03/2026, 8:56:26 PM [32m    LOG[39m [38;5;3m[RouterExplorer] [39m[32mMapped {/api/v1/profile/password, PUT} route[39m[38;5;3m +0ms[39m
[32m[Nest] 7258  - [39m06/03/2026, 8:56:26 PM [32m    LOG[39m [38;5;3m[RoutesResolver] [39m[32mAnalyticsController {/api/v1/analytics}:[39m[38;5;3m +0ms[39m
[32m[Nest] 7258  - [39m06/03/2026, 8:56:26 PM [32m    LOG[39m [38;5;3m[RouterExplorer] [39m[32mMapped {/api/v1/analytics/dashboard, GET} route[39m[38;5;3m +0ms[39m
[32m[Nest] 7258  - [39m06/03/2026, 8:56:26 PM [32m    LOG[39m [38;5;3m[RoutesResolver] [39m[32mPayoutsController {/api/v1/payouts}:[39m[38;5;3m +0ms[39m
[32m[Nest] 7258  - [39m06/03/2026, 8:56:26 PM [32m    LOG[39m [38;5;3m[RouterExplorer] [39m[32mMapped {/api/v1/payouts, GET} route[39m[38;5;3m +0ms[39m
[32m[Nest] 7258  - [39m06/03/2026, 8:56:26 PM [32m    LOG[39m [38;5;3m[RouterExplorer] [39m[32mMapped {/api/v1/payouts/request, POST} route[39m[38;5;3m +0ms[39m
[32m[Nest] 7258  - [39m06/03/2026, 8:56:26 PM [32m    LOG[39m [38;5;3m[RoutesResolver] [39m[32mReferralsController {/api/v1/referrals}:[39m[38;5;3m +0ms[39m
[32m[Nest] 7258  - [39m06/03/2026, 8:56:26 PM [32m    LOG[39m [38;5;3m[RouterExplorer] [39m[32mMapped {/api/v1/referrals, GET} route[39m[38;5;3m +0ms[39m
[32m[Nest] 7258  - [39m06/03/2026, 8:56:26 PM [32m    LOG[39m [38;5;3m[PrismaService] [39m[32mDatabase connected[39m
[32m[Nest] 7258  - [39m06/03/2026, 8:56:26 PM [32m    LOG[39m [38;5;3m[NestApplication] [39m[32mNest application successfully started[39m[38;5;3m +7ms[39m
[31m[Nest] 7258  - [39m06/03/2026, 8:56:26 PM [31m  ERROR[39m [38;5;3m[NestApplication] [39m[31mError: listen EADDRINUSE: address already in use :::3001[39m[38;5;3m +0ms[39m
node:net:1912
    const ex = new UVExceptionWithHostPort(err, 'listen', address, port);
               ^

Error: listen EADDRINUSE: address already in use :::3001
    at Server.setupListenHandle [as _listen2] (node:net:1912:16)
    at listenInCluster (node:net:1969:12)
    at Server.listen (node:net:2074:7)
    at ExpressAdapter.listen (/Users/vytvytskyi/foryou_partners/backend/node_modules/@nestjs/platform-express/adapters/express-adapter.js:95:32)
    at /Users/vytvytskyi/foryou_partners/backend/node_modules/@nestjs/core/nest-application.js:183:30
    at new Promise (<anonymous>)
    at NestApplication.listen (/Users/vytvytskyi/foryou_partners/backend/node_modules/@nestjs/core/nest-application.js:173:16)
    at async bootstrap (/Users/vytvytskyi/foryou_partners/backend/src/main.ts:75:3) {
  code: 'EADDRINUSE',
  errno: -48,
  syscall: 'listen',
  address: '::',
  port: 3001
}

Node.js v22.12.0
Date,message:r.message,target:r.module_path})}}parseInitError(t){try{return JSON.parse(t)}catch{}return t}parseRequestError(t){try{return JSON.parse(t)}catch{}return t}onBeforeExit(){throw new Error('"beforeExit" hook is not applicable to the library engine since Prisma 5.0.0, it is only relevant and implemented for the binary engine. Please add your event listener to the `process` object directly instead.')}async start(){if(await this.libraryInstantiationPromise,await this.libraryStoppingPromise,this.libraryStartingPromise)return Ae(`library already starting, this.libraryStarted: ${this.libraryStarted}`),this.libraryStartingPromise;if(this.libraryStarted)return;let t=async()=>{Ae("library starting");try{let r={traceparent:this.config.tracingHelper.getTraceParent()};await this.engine?.connect(JSON.stringify(r)),this.libraryStarted=!0,Ae("library started")}catch(r){let n=this.parseInitError(r.message);throw typeof n=="string"?r:new R(n.message,this.config.clientVersion,n.error_code)}finally{this.libraryStartingPromise=void 0}};return this.libraryStartingPromise=this.config.tracingHelper.runInChildSpan("connect",t),this.libraryStartingPromise}async stop(){if(await this.libraryStartingPromise,await this.executingQueryPromise,this.libraryStoppingPromise)return Ae("library is already stopping"),this.libraryStoppingPromise;if(!this.libraryStarted)return;let t=async()=>{await new Promise(n=>setTimeout(n,5)),Ae("library stopping");let r={traceparent:this.config.tracingHelper.getTraceParent()};await this.engine?.disconnect(JSON.stringify(r)),this.libraryStarted=!1,this.libraryStoppingPromise=void 0,Ae("library stopped")};return this.libraryStoppingPromise=this.config.tracingHelper.runInChildSpan("disconnect",t),this.libraryStoppingPromise}version(){return this.versionInfo=this.library?.version(),this.versionInfo?.version??"unknown"}debugPani/Users/vytvytskyi/foryou_partners/backend/node_modules/@prisma/client/runtime/library.js:112
You may have to run ${qe("prisma generate")} for your changes to take effect.`,this.config.clientVersion);return t}}parseEngineResponse(t){if(!t)throw new B("Response from the Engine was empty",{clientVersion:this.config.clientVersion});try{return JSON.parse(t)}catch{throw new B("Unable to JSON.parse response from engine",{clientVersion:this.config.clientVersion})}}async loadEngine(){if(!this.engine){this.QueryEngineConstructor||(this.library=await this.libraryLoader.loadLibrary(this.config),this.QueryEngineConstructor=this.library.QueryEngine);try{let t=new WeakRef(this),{adapter:r}=this.config;r&&Ae("Using driver adapter: %O",r),this.engine=new this.QueryEngineConstructor({datamodel:this.datamodel,env:process.env,logQueries:this.config.logQueries??!1,ignoreEnvVarErrors:!0,datasourceOverrides:this.datasourceOverrides??{},logLevel:this.logLevel,configDir:this.config.cwd,engineProtocol:"json"},n=>{t.deref()?.logger(n)},r)}catch(t){let r=t,n=this.parseInitError(r.message);throw typeof n=="string"?r:new R(n.message,this.config.clientVersion,n.error_code)}}}logger(t){let r=this.parseEngineResponse(t);if(r){if("span"in r){this.config.tracingHelper.createEngineSpan(r);return}r.level=r?.level.toLowerCase()??"unknown",fm(r)?this.logEmitter.emit("query",{timestamp:new Date,query:r.query,params:r.params,duration:Number(r.duration_ms),target:r.module_path}):gm(r)?this.loggerRustPanic=new le(lo(this,`${r.message}: ${r.reason} in ${r.file}:${r.line}:${r.column}`),this.config.clientVersion):this.logEmitter.emit(r.level,{timestamp:new Date,message:r.message,target:r.module_path})}}parseInitError(t){try{return JSON.parse(t)}catch{}return t}parseRequestError(t){try{return JSON.parse(t)}catch{}return t}onBeforeExit(){throw new Error('"beforeExit" hook is not applicable to the library engine since Prisma 5.0.0, it is only relevant and implemented for the binary engine. Please add your event listener to the `process` object directly instead.')}async start(){if(await this.libraryInstantiationPromise,await this.libraryStoppingPromise,this.libraryStartingPromise)return Ae(`library already starting, this.libraryStarted: ${this.libraryStarted}`),this.libraryStartingPromise;if(this.libraryStarted)return;let t=async()=>{Ae("library starting");try{let r={traceparent:this.config.tracingHelper.getTraceParent()};await this.engine?.connect(JSON.stringify(r)),this.libraryStarted=!0,Ae("library started")}catch(r){let n=this.parseInitError(r.message);throw typeof n=="string"?r:new R(n.message,this.config.clientVersion,n.error_code)}finally{this.libraryStartingPromise=void 0}};return this.libraryStartingPromise=this.config.tracingHelper.runInChildSpan("connect",t),this.libraryStartingPromise}async stop(){if(await this.libraryStartingPromise,await this.executingQueryPromise,this.libraryStoppingPromise)return Ae("library is already stopping"),this.libraryStoppingPromise;if[2J[3J[H[[90m8:55:50 PM[0m] File change detected. Starting incremental compilation...

[[90m8:55:59 PM[0m] Found 0 errors. Watching for file changes.

[32m[Nest] 7235  - [39m06/03/2026, 8:56:23 PM [32m    LOG[39m [38;5;3m[NestFactory] [39m[32mStarting Nest application...[39m
[32m[Nest] 7235  - [39m06/03/2026, 8:56:23 PM [32m    LOG[39m [38;5;3m[InstanceLoader] [39m[32mAppModule dependencies initialized[39m[38;5;3m +146ms[39m
[32m[Nest] 7235  - [39m06/03/2026, 8:56:23 PM [32m    LOG[39m [38;5;3m[InstanceLoader] [39m[32mConfigModule dependencies initialized[39m[38;5;3m +0ms[39m
[32m[Nest] 7235  - [39m06/03/2026, 8:56:24 PM [32m    LOG[39m [38;5;3m[InstanceLoader] [39m[32mDatabaseModule dependencies initialized[39m[38;5;3m +123ms[39m
[32m[Nest] 7235  - [39m06/03/2026, 8:56:24 PM [32m    LOG[39m [38;5;3m[InstanceLoader] [39m[32mPassportModule dependencies initialized[39m[38;5;3m +0ms[39m
[32m[Nest] 7235  - [39m06/03/2026, 8:56:24 PM [32m    LOG[39m [38;5;3m[InstanceLoader] [39m[32mThrottlerModule dependencies initialized[39m[38;5;3m +106ms[39m
[32m[Nest] 7235  - [39m06/03/2026, 8:56:24 PM [32m    LOG[39m [38;5;3m[InstanceLoader] [39m[32mJwtModule dependencies initialized[39m[38;5;3m +0ms[39m
[32m[Nest] 7235  - [39m06/03/2026, 8:56:24 PM [32m    LOG[39m [38;5;3m[InstanceLoader] [39m[32mConfigHostModule dependencies initialized[39m[38;5;3m +1ms[39m
[32m[Nest] 7235  - [39m06/03/2026, 8:56:24 PM [32m    LOG[39m [38;5;3m[InstanceLoader] [39m[32mAuditModule dependencies initialized[39m[38;5;3m +0ms[39m
[32m[Nest] 7235  - [39m06/03/2026, 8:56:24 PM [32m    LOG[39m [38;5;3m[InstanceLoader] [39m[32mDiscoveryModule dependencies initialized[39m[38;5;3m +1ms[39m
[32m[Nest] 7235  - [39m06/03/2026, 8:56:24 PM [32m    LOG[39m [38;5;3m[InstanceLoader] [39m[32mTerminusModule dependencies initialized[39m[38;5;3m +0ms[39m
[32m[Nest] 7235  - [39m06/03/2026, 8:56:24 PM [32m    LOG[39m [38;5;3m[InstanceLoader] [39m[32mConfigModule dependencies initialized[39m[38;5;3m +1ms[39m
[32m[Nest] 7235  - [39m06/03/2026, 8:56:24 PM [32m    LOG[39m [38;5;3m[InstanceLoader] [39m[32mScheduleModule dependencies initialized[39m[38;5;3m +10ms[39m
[32m[Nest] 7235  - [39m06/03/2026, 8:56:24 PM [32m    LOG[39m [38;5;3m[InstanceLoader] [39m[32mRedisModule dependencies initialized[39m[38;5;3m +3ms[39m
[32m[Nest] 7235  - [39m06/03/2026, 8:56:24 PM [32m    LOG[39m [38;5;3m[InstanceLoader] [39m[32mEmailModule dependencies initialized[39m[38;5;3m +0ms[39m
[32m[Nest] 7235  - [39m06/03/2026, 8:56:24 PM [32m    LOG[39m [38;5;3m[InstanceLoader] [39m[32mProfileModule dependencies initialized[39m[38;5;3m +7ms[39m
[32m[Nest] 7235  - [39m06/03/2026, 8:56:24 PM [32m    LOG[39m [38;5;3m[InstanceLoader] [39m[32mAnalyticsModule dependencies initialized[39m[38;5;3m +0ms[39m
[32m[Nest] 7235  - [39m06/03/2026, 8:56:24 PM [32m    LOG[39m [38;5;3m[InstanceLoader] [39m[32mPayoutsModule dependencies initialized[39m[38;5;3m +0ms[39m
[32m[Nest] 7235  - [39m06/03/2026, 8:56:24 PM [32m    LOG[39m [38;5;3m[InstanceLoader] [39m[32mReferralsModule dependencies initialized[39m[38;5;3m +0ms[39m
[32m[Nest] 7235  - [39m06/03/2026, 8:56:24 PM [32m    LOG[39m [38;5;3m[InstanceLoader] [39m[32mAuthModule dependencies initialized[39m[38;5;3m +0ms[39m
[32m[Nest] 7235  - [39m06/03/2026, 8:56:24 PM [32m    LOG[39m [38;5;3m[InstanceLoader] [39m[32mHealthModule dependencies initialized[39m[38;5;3m +0ms[39m
[32m[Nest] 7235  - [39m06/03/2026, 8:56:24 PM [32m    LOG[39m [38;5;3m[InstanceLoader] [39m[32mWebhookModule dependencies initialized[39m[38;5;3m +0ms[39m
[32m[Nest] 7235  - [39m06/03/2026, 8:56:24 PM [32m    LOG[39m [38;5;3m[InstanceLoader] [39m[32mAmoModule dependencies initialized[39m[38;5;3m +0ms[39m
[32m[Nest] 7235  - [39m06/03/2026, 8:56:24 PM [32m    LOG[39m [38;5;3m[InstanceLoader] [39m[32mAdminModule dependencies initialized[39m[38;5;3m +1ms[39m
[32m[Nest] 7235  - [39m06/03/2026, 8:56:24 PM [32m    LOG[39m [38;5;3m[InstanceLoader] [39m[32mLeadsModule dependencies initialized[39m[38;5;3m +0ms[39m
[32m[Nest] 7235  - [39m06/03/2026, 8:56:24 PM [32m    LOG[39m [38;5;3m[RoutesResolver] [39m[32mHealthController {/api/v1/health}:[39m[38;5;3m +29ms[39m
[32m[Nest] 7235  - [39m06/03/2026, 8:56:24 PM [32m    LOG[39m [38;5;3m[RouterExplorer] [39m[32mMapped {/api/v1/health, GET} route[39m[38;5;3m +2ms[39m
[32m[Nest] 7235  - [39m06/03/2026, 8:56:24 PM [32m    LOG[39m [38;5;3m[RoutesResolver] [39m[32mAuthController {/api/v1/auth}:[39m[38;5;3m +0ms[39m
[32m[Nest] 7235  - [39m06/03/2026, 8:56:24 PM [32m    LOG[39m [38;5;3m[RouterExplorer] [39m[32mMapped {/api/v1/auth/login, POST} route[39m[38;5;3m +0ms[39m
[32m[Nest] 7235  - [39m06/03/2026, 8:56:24 PM [32m    LOG[39m [38;5;3m[RouterExplorer] [39m[32mMapped {/api/v1/auth/register, POST} route[39m[38;5;3m +2ms[39m
[32m[Nest] 7235  - [39m06/03/2026, 8:56:24 PM [32m    LOG[39m [38;5;3m[RouterExplorer] [39m[32mMapped {/api/v1/auth/refresh, POST} route[39m[38;5;3m +0ms[39m
[32m[Nest] 7235  - [39m06/03/2026, 8:56:24 PM [32m    LOG[39m [38;5;3m[RouterExplorer] [39m[32mMapped {/api/v1/auth/logout, POST} route[39m[38;5;3m +1ms[39m
[32m[Nest] 7235  - [39m06/03/2026, 8:56:24 PM [32m    LOG[39m [38;5;3m[RouterExplorer] [39m[32mMapped {/api/v1/auth/password/forgot, POST} route[39m[38;5;3m +9ms[39m
[32m[Nest] 7235  - [39m06/03/2026, 8:56:24 PM [32m    LOG[39m [38;5;3m[RouterExplorer] [39m[32mMapped {/api/v1/auth/password/reset, POST} route[39m[38;5;3m +6ms[39m
[32m[Nest] 7235  - [39m06/03/2026, 8:56:24 PM [32m    LOG[39m [38;5;3m[RoutesResolver] [39m[32mLeadsController {/api/v1/leads}:[39m[38;5;3m +0ms[39m
[32m[Nest] 7235  - [39m06/03/2026, 8:56:24 PM [32m    LOG[39m [38;5;3m[RouterExplorer] [39m[32mMapped {/api/v1/leads, GET} route[39m[38;5;3m +11ms[39m
[32m[Nest] 7235  - [39m06/03/2026, 8:56:24 PM [32m    LOG[39m [38;5;3m[RouterExplorer] [39m[32mMapped {/api/v1/leads, POST} route[39m[38;5;3m +0ms[39m
[32m[Nest] 7235  - [39m06/03/2026, 8:56:24 PM [32m    LOG[39m [38;5;3m[RouterExplorer] [39m[32mMapped {/api/v1/leads/board, GET} route[39m[38;5;3m +1ms[39m
[32m[Nest] 7235  - [39m06/03/2026, 8:56:24 PM [32m    LOG[39m [38;5;3m[RouterExplorer] [39m[32mMapped {/api/v1/leads/:id, GET} route[39m[38;5;3m +0ms[39m
[32m[Nest] 7235  - [39m06/03/2026, 8:56:24 PM [32m    LOG[39m [38;5;3m[RouterExplorer] [39m[32mMapped {/api/v1/leads/:id/history, GET} route[39m[38;5;3m +0ms[39m
[32m[Nest] 7235  - [39m06/03/2026, 8:56:24 PM [32m    LOG[39m [38;5;3m[RouterExplorer] [39m[32mMapped {/api/v1/leads/:id/notes, GET} route[39m[38;5;3m +1ms[39m
[32m[Nest] 7235  - [39m06/03/2026, 8:56:24 PM [32m    LOG[39m [38;5;3m[RouterExplorer] [39m[32mMapped {/api/v1/leads/:id/notes, POST} route[39m[38;5;3m +0ms[39m
[32m[Nest] 7235  - [39m06/03/2026, 8:56:24 PM [32m    LOG[39m [38;5;3m[RoutesResolver] [39m[32mAmoController {/api/v1/amo-crm}:[39m[38;5;3m +0ms[39m
[32m[Nest] 7235  - [39m06/03/2026, 8:56:24 PM [32m    LOG[39m [38;5;3m[RouterExplorer] [39m[32mMapped {/api/v1/amo-crm/connect, GET} route[39m[38;5;3m +0ms[39m
[32m[Nest] 7235  - [39m06/03/2026, 8:56:24 PM [32m    LOG[39m [38;5;3m[RouterExplorer] [39m[32mMapped {/api/v1/amo-crm/callback, GET} route[39m[38;5;3m +0ms[39m
[32m[Nest] 7235  - [39m06/03/2026, 8:56:24 PM [32m    LOG[39m [38;5;3m[RouterExplorer] [39m[32mMapped {/api/v1/amo-crm/backfill, POST} route[39m[38;5;3m +0ms[39m
[32m[Nest] 7235  - [39m06/03/2026, 8:56:24 PM [32m    LOG[39m [38;5;3m[RouterExplorer] [39m[32mMapped {/api/v1/amo-crm/backfill-history, POST} route[39m[38;5;3m +0ms[39m
[32m[Nest] 7235  - [39m06/03/2026, 8:56:24 PM [32m    LOG[39m [38;5;3m[RouterExplorer] [39m[32mMapped {/api/v1/amo-crm/sources, GET} route[39m[38;5;3m +1ms[39m
[32m[Nest] 7235  - [39m06/03/2026, 8:56:24 PM [32m    LOG[39m [38;5;3m[RouterExplorer] [39m[32mMapped {/api/v1/amo-crm/tags, GET} route[39m[38;5;3m +0ms[39m
[32m[Nest] 7235  - [39m06/03/2026, 8:56:24 PM [32m    LOG[39m [38;5;3m[RouterExplorer] [39m[32mMapped {/api/v1/amo-crm/pipelines, GET} route[39m[38;5;3m +0ms[39m
[32m[Nest] 7235  - [39m06/03/2026, 8:56:24 PM [32m    LOG[39m [38;5;3m[RoutesResolver] [39m[32mAdminController {/api/v1/admin/partners}:[39m[38;5;3m +0ms[39m
[32m[Nest] 7235  - [39m06/03/2026, 8:56:24 PM [32m    LOG[39m [38;5;3m[RouterExplorer] [39m[32mMapped {/api/v1/admin/partners, GET} route[39m[38;5;3m +0ms[39m
[32m[Nest] 7235  - [39m06/03/2026, 8:56:24 PM [32m    LOG[39m [38;5;3m[RouterExplorer] [39m[32mMapped {/api/v1/admin/partners, POST} route[39m[38;5;3m +0ms[39m
[32m[Nest] 7235  - [39m06/03/2026, 8:56:24 PM [32m    LOG[39m [38;5;3m[RouterExplorer] [39m[32mMapped {/api/v1/admin/partners/:id, PUT} route[39m[38;5;3m +0ms[39m
[32m[Nest] 7235  - [39m06/03/2026, 8:56:24 PM [32m    LOG[39m [38;5;3m[RouterExplorer] [39m[32mMapped {/api/v1/admin/partners/:id, DELETE} route[39m[38;5;3m +0ms[39m
[32m[Nest] 7235  - [39m06/03/2026, 8:56:24 PM [32m    LOG[39m [38;5;3m[RouterExplorer] [39m[32mMapped {/api/v1/admin/partners/sync, POST} route[39m[38;5;3m +0ms[39m
[32m[Nest] 7235  - [39m06/03/2026, 8:56:24 PM [32m    LOG[39m [38;5;3m[RoutesResolver] [39m[32mWebhookController {/api/v1/webhook}:[39m[38;5;3m +0ms[39m
[32m[Nest] 7235  - [39m06/03/2026, 8:56:24 PM [32m    LOG[39m [38;5;3m[RouterExplorer] [39m[32mMapped {/api/v1/webhook/amocrm, POST} route[39m[38;5;3m +0ms[39m
[32m[Nest] 7235  - [39m06/03/2026, 8:56:24 PM [32m    LOG[39m [38;5;3m[RoutesResolver] [39m[32mProfileController {/api/v1/profile}:[39m[38;5;3m +0ms[39m
[32m[Nest] 7235  - [39m06/03/2026, 8:56:24 PM [32m    LOG[39m [38;5;3m[RouterExplorer] [39m[32mMapped {/api/v1/profile, GET} route[39m[38;5;3m +1ms[39m
[32m[Nest] 7235  - [39m06/03/2026, 8:56:24 PM [32m    LOG[39m [38;5;3m[RouterExplorer] [39m[32mMapped {/api/v1/profile/notifications, PUT} route[39m[38;5;3m +0ms[39m
[32m[Nest] 7235  - [39m06/03/2026, 8:56:24 PM [32m    LOG[39m [38;5;3m[RouterExplorer] [39m[32mMapped {/api/v1/profile/password, PUT} route[39m[38;5;3m +0ms[39m
[32m[Nest] 7235  - [39m06/03/2026, 8:56:24 PM [32m    LOG[39m [38;5;3m[RoutesResolver] [39m[32mAnalyticsController {/api/v1/analytics}:[39m[38;5;3m +0ms[39m
[32m[Nest] 7235  - [39m06/03/2026, 8:56:24 PM [32m    LOG[39m [38;5;3m[RouterExplorer] [39m[32mMapped {/api/v1/analytics/dashboard, GET} route[39m[38;5;3m +0ms[39m
[32m[Nest] 7235  - [39m06/03/2026, 8:56:24 PM [32m    LOG[39m [38;5;3m[RoutesResolver] [39m[32mPayoutsController {/api/v1/payouts}:[39m[38;5;3m +0ms[39m
[32m[Nest] 7235  - [39m06/03/2026, 8:56:24 PM [32m    LOG[39m [38;5;3m[RouterExplorer] [39m[32mMapped {/api/v1/payouts, GET} route[39m[38;5;3m +0ms[39m
[32m[Nest] 7235  - [39m06/03/2026, 8:56:24 PM [32m    LOG[39m [38;5;3m[RouterExplorer] [39m[32mMapped {/api/v1/payouts/request, POST} route[39m[38;5;3m +0ms[39m
[32m[Nest] 7235  - [39m06/03/2026, 8:56:24 PM [32m    LOG[39m [38;5;3m[RoutesResolver] [39m[32mReferralsController {/api/v1/referrals}:[39m[38;5;3m +0ms[39m
[32m[Nest] 7235  - [39m06/03/2026, 8:56:24 PM [32m    LOG[39m [38;5;3m[RouterExplorer] [39m[32mMapped {/api/v1/referrals, GET} route[39m[38;5;3m +0ms[39m
[32m[Nest] 7235  - [39m06/03/2026, 8:56:24 PM [32m    LOG[39m [38;5;3m[PrismaService] [39m[32mDatabase connected[39m
[32m[Nest] 7235  - [39m06/03/2026, 8:56:25 PM [32m    LOG[39m [38;5;3m[NestApplication] [39m[32mNest application successfully started[39m[38;5;3m +51ms[39m
[31m[Nest] 7235  - [39m06/03/2026, 8:56:25 PM [31m  ERROR[39m [38;5;3m[NestApplication] [39m[31mError: listen EADDRINUSE: address already in use :::3001[39m[38;5;3m +1ms[39m
node:net:1912
    const ex = new UVExceptionWithHostPort(err, 'listen', address, port);
               ^

Error: listen EADDRINUSE: address already in use :::3001
    at Server.setupListenHandle [as _listen2] (node:net:1912:16)
    at listenInCluster (node:net:1969:12)
    at Server.listen (node:net:2074:7)
    at ExpressAdapter.listen (/Users/vytvytskyi/foryou_partners/backend/node_modules/@nestjs/platform-express/adapters/express-adapter.js:95:32)
    at /Users/vytvytskyi/foryou_partners/backend/node_modules/@nestjs/core/nest-application.js:183:30
    at new Promise (<anonymous>)
    at NestApplication.listen (/Users/vytvytskyi/foryou_partners/backend/node_modules/@nestjs/core/nest-application.js:173:16)
    at async bootstrap (/Users/vytvytskyi/foryou_partners/backend/src/main.ts:75:3) {
  code: 'EADDRINUSE',
  errno: -48,
  syscall: 'listen',
  address: '::',
  port: 3001
}

Node.js v22.12.0
/@nestjs/platform-express/adapters/express-adapter.js:95:32)
    at /Users/vytvytskyi/foryou_partners/backend/node_modules/@nestjs/core/nest-application.js:183:30
    at new Promise (<anonymous>)
    at NestApplication.listen (/Users/vytvytskyi/foryou_partners/backend/node_modules/@nestjs/core/nest-application.js:173:16)
    at async bootstrap (/Users/vytvytskyi/foryou_partners/backend/src/main.ts:75:3) {
  code: 'EADDRINUSE',
  errno: -48,
  syscall: 'listen',
  address: '::',
  port: 3001
}

Node.js v22.12.0
outerExplorer] [39m[32mMapped {/api/v1/profile, GET} route[39m[38;5;3m +0ms[39m
[32m[Nest] 7234  - [39m06/03/2026, 8:56:24 PM [32m    LOG[39m [38;5;3m[RouterExplorer] [39m[32mMapped {/api/v1/profile/notifications, PUT} route[39m[38;5;3m +9ms[39m
[32m[Nest] 7234  - [39m06/03/2026, 8:56:24 PM [32m    LOG[39m [38;5;3m[RouterExplorer] [39m[32mMapped {/api/v1/profile/password, PUT} route[39m[38;5;3m +0ms[39m
[32m[Nest] 7234  - [39m06/03/2026, 8:56:24 PM [32m    LOG[39m [38;5;3m[RoutesResolver] [39m[32mAnalyticsController {/api/v1/analytics}:[39m[38;5;3m +0ms[39m
[32m[Nest] 7234  - [39m06/03/2026, 8:56:24 PM [32m    LOG[39m [38;5;3m[RouterExplorer] [39m[32mMapped {/api/v1/analytics/dashboard, GET} route[39m[38;5;3m +1ms[39m
[32m[Nest] 7234  - [39m06/03/2026, 8:56:24 PM [32m    LOG[39m [38;5;3m[RoutesResolver] [39m[32mPayoutsController {/api/v1/payouts}:[39m[38;5;3m +0ms[39m
[32m[Nest] 7234  - [39m06/03/2026, 8:56:24 PM [32m    LOG[39m [38;5;3m[RouterExplorer] [39m[32mMapped {/api/v1/payouts, GET} route[39m[38;5;3m +0ms[39m
[32m[Nest] 7234  - [39m06/03/2026, 8:56:24 PM [32m    LOG[39m [38;5;3m[RouterExplorer] [39m[32mMapped {/api/v1/payouts/request, POST} route[39m[38;5;3m +6ms[39m
[32m[Nest] 7234  - [39m06/03/2026, 8:56:24 PM [32m    LOG[39m [38;5;3m[RoutesResolver] [39m[32mReferralsController {/api/v1/referrals}:[39m[38;5;3m +6ms[39m
[32m[Nest] 7234  - [39m06/03/2026, 8:56:24 PM [32m    LOG[39m [38;5;3m[RouterExplorer] [39m[32mMapped {/api/v1/referrals, GET} route[39m[38;5;3m +0ms[39m
[32m[Nest] 7234  - [39m06/03/2026, 8:56:25 PM [32m    LOG[39m [38;5;3m[PrismaService] [39m[32mDatabase connected[39m
[32m[Nest] 7234  - [39m06/03/2026, 8:56:25 PM [32m    LOG[39m [38;5;3m[NestApplication] [39m[32mNest application successfully started[39m[38;5;3m +80ms[39m
[31m[Nest] 7234  - [39m06/03/2026, 8:56:25 PM [31m  ERROR[39m [38;5;3m[NestApplication] [39m[31mError: listen EADDRINUSE: address already in use :::3001[39m[38;5;3m +2ms[39m
node:net:1912
    const ex = new UVExceptionWithHostPort(err, 'listen', address, port);
               ^

Error: listen EADDRINUSE: address already in use :::3001
    at Server.setupListenHandle [as _listen2] (node:net:1912:16)
    at listenInCluster (node:net:1969:12)
    at Server.listen (node:net:2074:7)
    at ExpressAdapter.listen (/Users/vytvytskyi/foryou_partners/backend/node_modules/@nestjs/platform-express/adapters/express-adapter.js:95:32)
    at /Users/vytvytskyi/foryou_partners/backend/node_modules/@nestjs/core/nest-application.js:183:30
    at new Promise (<anonymous>)
    at NestApplication.listen (/Users/vytvytskyi/foryou_partners/backend/node_modules/@nestjs/core/nest-application.js:173:16)
    at async bootstrap (/Users/vytvytskyi/foryou_partners/backend/src/main.ts:75:3) {
  code: 'EADDRINUSE',
  errno: -48,
  syscall: 'listen',
  address: '::',
  port: 3001
}

Node.js v22.12.0
